source,target,weight
UCa36MjQLoPAmgJo-R3G8WQA,UCql1n3Ey6ULMSOACjMe-fxQ,1
UCa36MjQLoPAmgJo-R3G8WQA,UCtsxPYw8VUsH_FfnKg-0lmw,1
UCa36MjQLoPAmgJo-R3G8WQA,UCgGqw4aqMdMVSGkKiMgrJRQ,1
UCa36MjQLoPAmgJo-R3G8WQA,UCvDwJBBY1mHK70aTEYl6rsA,1
UCa36MjQLoPAmgJo-R3G8WQA,UC-Iul5tDYH_oiAMXQH-KaaQ,1
UCa36MjQLoPAmgJo-R3G8WQA,UCzZ6dDCEsLMXbc5pCFXIprw,1
UCa36MjQLoPAmgJo-R3G8WQA,UCZFQwqh90apuL8eFhvRBkUg,1
UCa36MjQLoPAmgJo-R3G8WQA,UCyJhqmMbsvjpoarBBStA2kg,1
UCa36MjQLoPAmgJo-R3G8WQA,UCWaRixDdpgllTBf4V0jPnKQ,1
UCa36MjQLoPAmgJo-R3G8WQA,UCV3fr-YOixFKCZBbJP1-X4w,1
UCa36MjQLoPAmgJo-R3G8WQA,UCWvntqPQx99k_Z_skWKqNSA,1
UCa36MjQLoPAmgJo-R3G8WQA,UCEHXl4VvvVpq-_4xC5tsbhg,1
UCa36MjQLoPAmgJo-R3G8WQA,UC63tFvbQ_hJhGDi2nbjssjw,1
UCa36MjQLoPAmgJo-R3G8WQA,UCiOZX__1gahg1ypIj0_XG_w,1
UCa36MjQLoPAmgJo-R3G8WQA,UCp29O_C7cchZV8IxV7Crdag,1
UCa36MjQLoPAmgJo-R3G8WQA,UC-HeUTT6_g-VoiWds2a4H-w,1
UCa36MjQLoPAmgJo-R3G8WQA,UC1NiEdJ7gk6FlDexIalWnGg,1
UCa36MjQLoPAmgJo-R3G8WQA,UCaT4saRcyqCLE657Rq2hhZQ,1
UCa36MjQLoPAmgJo-R3G8WQA,UCjZgFEowMBrsjodqfovzdKw,1
UCa36MjQLoPAmgJo-R3G8WQA,UCoGdCoJg2Lh0OX_jv6cG16g,1
UCa36MjQLoPAmgJo-R3G8WQA,UCFybmWapGvBKcQod7cPPH9w,1
UCa36MjQLoPAmgJo-R3G8WQA,UC0HvfEWozTHbwl_iEmJNvVA,1
UCa36MjQLoPAmgJo-R3G8WQA,UCeQk-WfEA-cJRq4EKeE7TOw,1
UCa36MjQLoPAmgJo-R3G8WQA,UCfo_yUPzy1f1POwwZxhZ06Q,1
UCa36MjQLoPAmgJo-R3G8WQA,UCheEJ5GZuIvV0fj-nXyVwXw,1
UCa36MjQLoPAmgJo-R3G8WQA,UChyps3dqY-VY1_wLeq-2lhw,1
UCa36MjQLoPAmgJo-R3G8WQA,UCtCtts20bW6F9CSohau51Iw,1
UCa36MjQLoPAmgJo-R3G8WQA,UC14qlobYKqD-DO0j6b75lcA,1
UCa36MjQLoPAmgJo-R3G8WQA,UCRfkkatKrNtAARnXMMYBGlA,1
UCa36MjQLoPAmgJo-R3G8WQA,UC3YpzAr7pcdKC7BVFEpYzog,1
UCa36MjQLoPAmgJo-R3G8WQA,UCwxoKK59nGCeBqB2sXfDBIw,1
UCXr8_5WtGeipe4haOoQDgyQ,UCSou6a2OuYGSvPjm5psquyA,1
UCXr8_5WtGeipe4haOoQDgyQ,UC2weSE8rpqkGMOp6StYtVfg,1
UCXr8_5WtGeipe4haOoQDgyQ,UCwO2SXr0ggzwg6QWWrr01nQ,1
UCXr8_5WtGeipe4haOoQDgyQ,UCiGRBf2RNF0WRKhRVT7zFoA,1
UCXr8_5WtGeipe4haOoQDgyQ,UCpIdtvoFHVLGASGB5ySqIEA,1
UCXr8_5WtGeipe4haOoQDgyQ,UCsSXdJct-nsS8DsABoEsaYA,1
UCXr8_5WtGeipe4haOoQDgyQ,UC8F2V63KZ4ZEay6opX2hAQw,1
UCXr8_5WtGeipe4haOoQDgyQ,UC3E9mAgP7VoAE5mZoAexl5g,1
UCXr8_5WtGeipe4haOoQDgyQ,UCErZPJpHmLCsXs8ZWkAUupQ,1
UCXr8_5WtGeipe4haOoQDgyQ,UCTwSut16JyAg3mX6LVUNGqA,1
UCXr8_5WtGeipe4haOoQDgyQ,UCkd9W714-947dEE6ZOEBATA,1
UCXr8_5WtGeipe4haOoQDgyQ,UCut6b9S98nv84cVX89PmKzA,1
UCXr8_5WtGeipe4haOoQDgyQ,UCXXh7yg5KUFIWylTiKVEFKQ,1
UCXr8_5WtGeipe4haOoQDgyQ,UCDPWkUX3sNNaCx-m1dV4glA,1
UCXr8_5WtGeipe4haOoQDgyQ,UC-hfX8J5JPJ-dfuakzegMLA,1
UCXr8_5WtGeipe4haOoQDgyQ,UC3qn1yJA5PeW9rkGPatQxiw,1
UCXr8_5WtGeipe4haOoQDgyQ,UCwW2OFy95P7ZBkOPxWkpvYg,1
UCXr8_5WtGeipe4haOoQDgyQ,UCNkcuy42zEwddwEcOd_HpnA,1
UCXr8_5WtGeipe4haOoQDgyQ,UCz3gu01bmjNv0DpRq-K3XYg,1
UCXr8_5WtGeipe4haOoQDgyQ,UCp4iw5_5SmV9VGTFSNVGOmQ,1
UCXr8_5WtGeipe4haOoQDgyQ,UCWIZUtKJ636y-4TYrNvok0g,1
UCXr8_5WtGeipe4haOoQDgyQ,UCvApqeCbLod-wejtT4CcVuA,1
UCXr8_5WtGeipe4haOoQDgyQ,UCgvw7xIdGFupzpt1Y_BFkEA,1
UCXr8_5WtGeipe4haOoQDgyQ,UCtUR3_CAiE7fCoZHM6cMfyQ,1
UCXr8_5WtGeipe4haOoQDgyQ,UC4wq3DcbfaG6dtCqn8Oyu3w,1
UCXr8_5WtGeipe4haOoQDgyQ,UCmvOgzmmXbjUthHy-WJ52hQ,1
UCXr8_5WtGeipe4haOoQDgyQ,UCtNfIBnc5S5DbbQj_yxgJTw,1
UCXr8_5WtGeipe4haOoQDgyQ,UCmjppp6ujz3SAnULvP3sZMw,1
UCXr8_5WtGeipe4haOoQDgyQ,UCYwpX26TrCxq8TvbKGRYLXA,1
UCXr8_5WtGeipe4haOoQDgyQ,UCL13XhnRzbGokEkCkEOb0-g,1
UCXr8_5WtGeipe4haOoQDgyQ,UChZknRmJkeGeQk0-mQuhDOg,1
UCXr8_5WtGeipe4haOoQDgyQ,UCThW2XNsAaBKme5PUt7n-Zg,1
UCXr8_5WtGeipe4haOoQDgyQ,UC5bG9nc_JV3FsNP2KseQiYw,1
UCXr8_5WtGeipe4haOoQDgyQ,UCL1MT278vSaQ83ZDkVWn1gw,1
UCXr8_5WtGeipe4haOoQDgyQ,UCh5ESQvtzyHDhCA7XyekCFA,1
UCXr8_5WtGeipe4haOoQDgyQ,UCDftMWXQoJ6nONfY7GVOVjg,1
UCXr8_5WtGeipe4haOoQDgyQ,UC8r11yOugM2NuRfitQOxLLg,1
UCXr8_5WtGeipe4haOoQDgyQ,UCzSfZlOVxBSs5ObD25ywxDQ,1
UCXr8_5WtGeipe4haOoQDgyQ,UC8G5cJONY8L9voMyBW8Eoug,1
UCXr8_5WtGeipe4haOoQDgyQ,UCsJJAvrVGupdmhOqgtDp8dg,1
UCXr8_5WtGeipe4haOoQDgyQ,UCEgEQmRbtL5fwr9_DqAC--g,1
UCXr8_5WtGeipe4haOoQDgyQ,UCcfdg8crmMJwEuLUsAhV7yg,1
UCXr8_5WtGeipe4haOoQDgyQ,UCljDbleJul41G1TzOjOZAVA,1
UCXr8_5WtGeipe4haOoQDgyQ,UCQgYjVngJRfPHDLGB5X6ZjA,1
UCXr8_5WtGeipe4haOoQDgyQ,UCAmtbUiIrUIhikru0ZoTFig,1
UCXr8_5WtGeipe4haOoQDgyQ,UCB5p8a5gklc80jJItP6xTHg,1
UCXr8_5WtGeipe4haOoQDgyQ,UC4cXueR2bKGFJV0Fk76gwmA,1
UCXr8_5WtGeipe4haOoQDgyQ,UCrJn_rbo_ENAdeqneS-RmRw,1
UCXr8_5WtGeipe4haOoQDgyQ,UCiMythXHsw7eQEMykCdmMUA,1
UCXr8_5WtGeipe4haOoQDgyQ,UChs3tU2BcKOT0CezykvAsGw,1
UCXr8_5WtGeipe4haOoQDgyQ,UCUIIIPTVDVHAXqhC_5V6lPA,1
UCXr8_5WtGeipe4haOoQDgyQ,UCRETAiYdh2dL5ZxB0_N1zDA,1
UCXr8_5WtGeipe4haOoQDgyQ,UCRlCV9zSn7avAWh-9_XFWqQ,1
UCXr8_5WtGeipe4haOoQDgyQ,UCDQaQv0hr2SS_PO-CMEwVHg,1
UCXr8_5WtGeipe4haOoQDgyQ,UCDlr1VadSucIZgZ171pRBjQ,1
UCXr8_5WtGeipe4haOoQDgyQ,UC7VUuJr9cGh845CmTvf7TlQ,1
UCXr8_5WtGeipe4haOoQDgyQ,UCA93ym2TXs_Ibyxb4Vcn-6Q,1
UCXr8_5WtGeipe4haOoQDgyQ,UCXgr7vXlRrsaskPdo097kGA,1
UCXr8_5WtGeipe4haOoQDgyQ,UCjSKM9j0Q7HLDr1hD6D-TUw,1
UCXr8_5WtGeipe4haOoQDgyQ,UCj-LL25XJnjxepPKCc3NGog,1
UCXr8_5WtGeipe4haOoQDgyQ,UChgkn5Jt5tWKYMoEOuCjz3Q,1
UCXr8_5WtGeipe4haOoQDgyQ,UCLggDc_a5HriXv7I1h02sOA,1
UCXr8_5WtGeipe4haOoQDgyQ,UC3NMzdMYryaw82kPTnsaljg,1
UCXr8_5WtGeipe4haOoQDgyQ,UCFUuDARXdmmIrLppEqf-rFg,1
UCXr8_5WtGeipe4haOoQDgyQ,UCylqlpsh8ENNM1LqgQ1KbxA,1
UCXr8_5WtGeipe4haOoQDgyQ,UCCaYwkkbQGcvFoUmothVdQQ,1
UCXr8_5WtGeipe4haOoQDgyQ,UCySYJU5kUh7X8gVt9la2ISA,1
UCXr8_5WtGeipe4haOoQDgyQ,UC9vMq1YF-e7C-VO0SHkbUTA,1
UCXr8_5WtGeipe4haOoQDgyQ,UCr1emrogPKkKTs_WTtx71xg,1
UCXr8_5WtGeipe4haOoQDgyQ,UCV0iizTBoOfdAFX_thfI9BA,1
UCXr8_5WtGeipe4haOoQDgyQ,UCTylKrsqkrBKIqubMu_5N0Q,1
UCXr8_5WtGeipe4haOoQDgyQ,UC5H8ASmMC9WrURmzeB4ySog,1
UCXr8_5WtGeipe4haOoQDgyQ,UCDUffaruH6dyUnUGwsTKpgg,1
UCXr8_5WtGeipe4haOoQDgyQ,UCl0ekS9Tt0jJGtOEM18S63w,1
UCXr8_5WtGeipe4haOoQDgyQ,UCN6qbfPSzFtjhqUDZ3Cv3CQ,1
UCXr8_5WtGeipe4haOoQDgyQ,UC2Y_EHWQKevubk4vOEBBFxw,1
UCXr8_5WtGeipe4haOoQDgyQ,UCplrIQtaPj6au60_f2-mOYw,1
UCXr8_5WtGeipe4haOoQDgyQ,UCLFdHr9BEbXHkoJopbEPLZw,1
UCXr8_5WtGeipe4haOoQDgyQ,UCipetjeiWj4CZB6EbyYziZg,1
UCXr8_5WtGeipe4haOoQDgyQ,UCXSkL3ejZ8qWYyF_M7s_QKA,1
UCXr8_5WtGeipe4haOoQDgyQ,UCueV9cTyTDwgQSec1x2dYgA,1
UCXr8_5WtGeipe4haOoQDgyQ,UC6YSZqL0vEcI-niPKIMUGfw,1
UCXr8_5WtGeipe4haOoQDgyQ,UCFjudnPLoaSL1BaRuLahyHg,1
UCXr8_5WtGeipe4haOoQDgyQ,UCFxE8GbokBrBsPEKM1xrOjQ,1
UCXr8_5WtGeipe4haOoQDgyQ,UCDIMztpVm7G27qBuiWuT6oQ,1
UCXr8_5WtGeipe4haOoQDgyQ,UC-jS_kA9w-OmpupXDx156Rg,1
UCXr8_5WtGeipe4haOoQDgyQ,UCsjs5Hp_r86x1xbK6FAeqaA,1
UCXr8_5WtGeipe4haOoQDgyQ,UCQqetiwzzmRNTM5OWuXarGQ,1
UCXr8_5WtGeipe4haOoQDgyQ,UCQtSFINs1h6GHkpg9o5kMvg,1
UCXr8_5WtGeipe4haOoQDgyQ,UCsUCN0Yq_UyTvKjOJLmNrnQ,1
UCXr8_5WtGeipe4haOoQDgyQ,UCAlzM_N6xBlMYmM8EBzX86Q,1
UCXr8_5WtGeipe4haOoQDgyQ,UCOS8ViEkccrTZx2w2ccxotA,1
UCXr8_5WtGeipe4haOoQDgyQ,UCfM3nrxtTQMY5jFx1v1J4Gg,1
UCXr8_5WtGeipe4haOoQDgyQ,UCFhxtoeARHPnXXPcDrOU3Xg,1
UCXr8_5WtGeipe4haOoQDgyQ,UCNBnKqWf4d-rS4HwJRQljmQ,1
UCXr8_5WtGeipe4haOoQDgyQ,UC3XTwHxygNCgjndsg-UiCQA,1
UCXr8_5WtGeipe4haOoQDgyQ,UC650pRT-OYzny3GwOH8Cgfw,1
UCXr8_5WtGeipe4haOoQDgyQ,UC6PvO1_k5lHKGdAPo5_C6TA,1
UCXr8_5WtGeipe4haOoQDgyQ,UCxff05WuyvwELNITi7bj7UA,1
UCXr8_5WtGeipe4haOoQDgyQ,UC-pNP6RMFuLg_-x7Ah_0kEA,1
UCXr8_5WtGeipe4haOoQDgyQ,UCGzXwyCzMzGmjmCbH3Hg01Q,1
UCXr8_5WtGeipe4haOoQDgyQ,UCQtICyzWmhC5woCtbNgaSmg,1
UCXr8_5WtGeipe4haOoQDgyQ,UCTD6q1nyIe3Y7HhqjaMj72w,1
UCXr8_5WtGeipe4haOoQDgyQ,UCpsKOkt5iWTbenzeuq7dsmQ,1
UCXr8_5WtGeipe4haOoQDgyQ,UCHTGCgY2l-DQJIvlA_cpa_Q,1
UCXr8_5WtGeipe4haOoQDgyQ,UCi1b_TRQfgO1Z9O2gNGGWNA,1
UCXr8_5WtGeipe4haOoQDgyQ,UCZLG9qH0tUjNhEGFIUt0CYw,1
UCXr8_5WtGeipe4haOoQDgyQ,UCzoL2l5H5eVlorWGH8AZfAg,1
UCXr8_5WtGeipe4haOoQDgyQ,UCKDR0f2fu2UzWL8mBv5-BHw,1
UCXr8_5WtGeipe4haOoQDgyQ,UCjmPuazZJzscrwvk0QR9RVw,1
UCXr8_5WtGeipe4haOoQDgyQ,UCwha8rxULYMVtNwZWeSkE1A,1
UCXr8_5WtGeipe4haOoQDgyQ,UCQ_-LPP8JAbfkc-b1Q6NvWw,1
UCXr8_5WtGeipe4haOoQDgyQ,UCHhHUjaMAZ8SiXdCUCj9DkQ,1
UCXr8_5WtGeipe4haOoQDgyQ,UCRelkU8JiZBytTzebJxaa-w,1
UCXr8_5WtGeipe4haOoQDgyQ,UC72gBAtyb_VXQlYDcFrh6oQ,1
UCXr8_5WtGeipe4haOoQDgyQ,UC3MYTqpQqlWBuCB7Th0e0PA,1
UCXr8_5WtGeipe4haOoQDgyQ,UCZ51R_9Q9C0c8I3pAWhtmjQ,1
UCXr8_5WtGeipe4haOoQDgyQ,UCujPF2nBgsTD62nWE3lcpIg,1
UCXr8_5WtGeipe4haOoQDgyQ,UC9xr9QvIcDvoZNUX5f-jaZw,1
UCXr8_5WtGeipe4haOoQDgyQ,UCpl8rF8uv_8uui-QRvuJaRA,1
UCXr8_5WtGeipe4haOoQDgyQ,UCYN4wSQ1Sx4_LurxLlW7MPg,1
UCXr8_5WtGeipe4haOoQDgyQ,UC1vr9aaMI2crB0NvwFHUeoQ,1
UCXr8_5WtGeipe4haOoQDgyQ,UCOh6DaZC_x9HASnlRylEMfw,1
UCXr8_5WtGeipe4haOoQDgyQ,UCTP3O0rMnc8z8v8jaDQwL0w,1
UCXr8_5WtGeipe4haOoQDgyQ,UChep9kVb5gQmpodEEl10Xlg,1
UCXr8_5WtGeipe4haOoQDgyQ,UCFoIAE8k82D6AV-8gjjKaNg,1
UCXr8_5WtGeipe4haOoQDgyQ,UCOLGv5Pf6BF2wFcwUzgcvHg,1
UCwO2SXr0ggzwg6QWWrr01nQ,UCSou6a2OuYGSvPjm5psquyA,1
UCwO2SXr0ggzwg6QWWrr01nQ,UC2weSE8rpqkGMOp6StYtVfg,1
UCwO2SXr0ggzwg6QWWrr01nQ,UCiGRBf2RNF0WRKhRVT7zFoA,1
UCwO2SXr0ggzwg6QWWrr01nQ,UCpIdtvoFHVLGASGB5ySqIEA,1
UCwO2SXr0ggzwg6QWWrr01nQ,UCsSXdJct-nsS8DsABoEsaYA,1
UCwO2SXr0ggzwg6QWWrr01nQ,UC8F2V63KZ4ZEay6opX2hAQw,1
UCwO2SXr0ggzwg6QWWrr01nQ,UC3E9mAgP7VoAE5mZoAexl5g,1
UCwO2SXr0ggzwg6QWWrr01nQ,UCErZPJpHmLCsXs8ZWkAUupQ,1
UCwO2SXr0ggzwg6QWWrr01nQ,UCTwSut16JyAg3mX6LVUNGqA,1
UCwO2SXr0ggzwg6QWWrr01nQ,UCkd9W714-947dEE6ZOEBATA,1
UCwO2SXr0ggzwg6QWWrr01nQ,UCut6b9S98nv84cVX89PmKzA,1
UCwO2SXr0ggzwg6QWWrr01nQ,UCXXh7yg5KUFIWylTiKVEFKQ,1
UCwO2SXr0ggzwg6QWWrr01nQ,UCDPWkUX3sNNaCx-m1dV4glA,1
UCwO2SXr0ggzwg6QWWrr01nQ,UC-hfX8J5JPJ-dfuakzegMLA,1
UCwO2SXr0ggzwg6QWWrr01nQ,UC3qn1yJA5PeW9rkGPatQxiw,1
UCwO2SXr0ggzwg6QWWrr01nQ,UCwW2OFy95P7ZBkOPxWkpvYg,1
UCwO2SXr0ggzwg6QWWrr01nQ,UCNkcuy42zEwddwEcOd_HpnA,1
UCwO2SXr0ggzwg6QWWrr01nQ,UCz3gu01bmjNv0DpRq-K3XYg,1
UCwO2SXr0ggzwg6QWWrr01nQ,UCp4iw5_5SmV9VGTFSNVGOmQ,1
UCwO2SXr0ggzwg6QWWrr01nQ,UCWIZUtKJ636y-4TYrNvok0g,1
UCwO2SXr0ggzwg6QWWrr01nQ,UCvApqeCbLod-wejtT4CcVuA,1
UCwO2SXr0ggzwg6QWWrr01nQ,UCgvw7xIdGFupzpt1Y_BFkEA,1
UCwO2SXr0ggzwg6QWWrr01nQ,UCtUR3_CAiE7fCoZHM6cMfyQ,1
UCwO2SXr0ggzwg6QWWrr01nQ,UC4wq3DcbfaG6dtCqn8Oyu3w,1
UCwO2SXr0ggzwg6QWWrr01nQ,UCmvOgzmmXbjUthHy-WJ52hQ,1
UCwO2SXr0ggzwg6QWWrr01nQ,UCtNfIBnc5S5DbbQj_yxgJTw,1
UCwO2SXr0ggzwg6QWWrr01nQ,UCmjppp6ujz3SAnULvP3sZMw,1
UCwO2SXr0ggzwg6QWWrr01nQ,UCYwpX26TrCxq8TvbKGRYLXA,1
UCwO2SXr0ggzwg6QWWrr01nQ,UCL13XhnRzbGokEkCkEOb0-g,1
UCwO2SXr0ggzwg6QWWrr01nQ,UChZknRmJkeGeQk0-mQuhDOg,1
UCwO2SXr0ggzwg6QWWrr01nQ,UCThW2XNsAaBKme5PUt7n-Zg,1
UCwO2SXr0ggzwg6QWWrr01nQ,UC5bG9nc_JV3FsNP2KseQiYw,1
UCwO2SXr0ggzwg6QWWrr01nQ,UCL1MT278vSaQ83ZDkVWn1gw,1
UCwO2SXr0ggzwg6QWWrr01nQ,UCh5ESQvtzyHDhCA7XyekCFA,1
UCwO2SXr0ggzwg6QWWrr01nQ,UCDftMWXQoJ6nONfY7GVOVjg,1
UCwO2SXr0ggzwg6QWWrr01nQ,UC8r11yOugM2NuRfitQOxLLg,1
UCwO2SXr0ggzwg6QWWrr01nQ,UCzSfZlOVxBSs5ObD25ywxDQ,1
UCwO2SXr0ggzwg6QWWrr01nQ,UC8G5cJONY8L9voMyBW8Eoug,1
UCwO2SXr0ggzwg6QWWrr01nQ,UCsJJAvrVGupdmhOqgtDp8dg,1
UCwO2SXr0ggzwg6QWWrr01nQ,UCEgEQmRbtL5fwr9_DqAC--g,1
UCwO2SXr0ggzwg6QWWrr01nQ,UCcfdg8crmMJwEuLUsAhV7yg,1
UCwO2SXr0ggzwg6QWWrr01nQ,UCljDbleJul41G1TzOjOZAVA,1
UCwO2SXr0ggzwg6QWWrr01nQ,UCQgYjVngJRfPHDLGB5X6ZjA,1
UCwO2SXr0ggzwg6QWWrr01nQ,UCAmtbUiIrUIhikru0ZoTFig,1
UCwO2SXr0ggzwg6QWWrr01nQ,UCB5p8a5gklc80jJItP6xTHg,1
UCwO2SXr0ggzwg6QWWrr01nQ,UC4cXueR2bKGFJV0Fk76gwmA,1
UCwO2SXr0ggzwg6QWWrr01nQ,UCrJn_rbo_ENAdeqneS-RmRw,1
UCwO2SXr0ggzwg6QWWrr01nQ,UCiMythXHsw7eQEMykCdmMUA,1
UCwO2SXr0ggzwg6QWWrr01nQ,UChs3tU2BcKOT0CezykvAsGw,1
UCwO2SXr0ggzwg6QWWrr01nQ,UCUIIIPTVDVHAXqhC_5V6lPA,1
UCwO2SXr0ggzwg6QWWrr01nQ,UCRETAiYdh2dL5ZxB0_N1zDA,1
UCwO2SXr0ggzwg6QWWrr01nQ,UCRlCV9zSn7avAWh-9_XFWqQ,1
UCwO2SXr0ggzwg6QWWrr01nQ,UCDQaQv0hr2SS_PO-CMEwVHg,1
UCwO2SXr0ggzwg6QWWrr01nQ,UCDlr1VadSucIZgZ171pRBjQ,1
UCwO2SXr0ggzwg6QWWrr01nQ,UC7VUuJr9cGh845CmTvf7TlQ,1
UCwO2SXr0ggzwg6QWWrr01nQ,UCA93ym2TXs_Ibyxb4Vcn-6Q,1
UCwO2SXr0ggzwg6QWWrr01nQ,UCXgr7vXlRrsaskPdo097kGA,1
UCwO2SXr0ggzwg6QWWrr01nQ,UCjSKM9j0Q7HLDr1hD6D-TUw,1
UCwO2SXr0ggzwg6QWWrr01nQ,UCj-LL25XJnjxepPKCc3NGog,1
UCwO2SXr0ggzwg6QWWrr01nQ,UChgkn5Jt5tWKYMoEOuCjz3Q,1
UCwO2SXr0ggzwg6QWWrr01nQ,UCLggDc_a5HriXv7I1h02sOA,1
UCwO2SXr0ggzwg6QWWrr01nQ,UC3NMzdMYryaw82kPTnsaljg,1
UCwO2SXr0ggzwg6QWWrr01nQ,UCFUuDARXdmmIrLppEqf-rFg,1
UCwO2SXr0ggzwg6QWWrr01nQ,UCylqlpsh8ENNM1LqgQ1KbxA,1
UCwO2SXr0ggzwg6QWWrr01nQ,UCCaYwkkbQGcvFoUmothVdQQ,1
UCwO2SXr0ggzwg6QWWrr01nQ,UCySYJU5kUh7X8gVt9la2ISA,1
UCwO2SXr0ggzwg6QWWrr01nQ,UC9vMq1YF-e7C-VO0SHkbUTA,1
UCwO2SXr0ggzwg6QWWrr01nQ,UCr1emrogPKkKTs_WTtx71xg,1
UCwO2SXr0ggzwg6QWWrr01nQ,UCV0iizTBoOfdAFX_thfI9BA,1
UCwO2SXr0ggzwg6QWWrr01nQ,UCTylKrsqkrBKIqubMu_5N0Q,1
UCwO2SXr0ggzwg6QWWrr01nQ,UC5H8ASmMC9WrURmzeB4ySog,1
UCwO2SXr0ggzwg6QWWrr01nQ,UCDUffaruH6dyUnUGwsTKpgg,1
UCwO2SXr0ggzwg6QWWrr01nQ,UCl0ekS9Tt0jJGtOEM18S63w,1
UCwO2SXr0ggzwg6QWWrr01nQ,UCN6qbfPSzFtjhqUDZ3Cv3CQ,1
UCwO2SXr0ggzwg6QWWrr01nQ,UC2Y_EHWQKevubk4vOEBBFxw,1
UCwO2SXr0ggzwg6QWWrr01nQ,UCplrIQtaPj6au60_f2-mOYw,1
UCwO2SXr0ggzwg6QWWrr01nQ,UCLFdHr9BEbXHkoJopbEPLZw,1
UCwO2SXr0ggzwg6QWWrr01nQ,UCipetjeiWj4CZB6EbyYziZg,1
UCwO2SXr0ggzwg6QWWrr01nQ,UCXSkL3ejZ8qWYyF_M7s_QKA,1
UCwO2SXr0ggzwg6QWWrr01nQ,UCueV9cTyTDwgQSec1x2dYgA,1
UCwO2SXr0ggzwg6QWWrr01nQ,UC6YSZqL0vEcI-niPKIMUGfw,1
UCwO2SXr0ggzwg6QWWrr01nQ,UCFjudnPLoaSL1BaRuLahyHg,1
UCwO2SXr0ggzwg6QWWrr01nQ,UCFxE8GbokBrBsPEKM1xrOjQ,1
UCwO2SXr0ggzwg6QWWrr01nQ,UCDIMztpVm7G27qBuiWuT6oQ,1
UCwO2SXr0ggzwg6QWWrr01nQ,UC-jS_kA9w-OmpupXDx156Rg,1
UCwO2SXr0ggzwg6QWWrr01nQ,UCsjs5Hp_r86x1xbK6FAeqaA,1
UCwO2SXr0ggzwg6QWWrr01nQ,UCQqetiwzzmRNTM5OWuXarGQ,1
UCwO2SXr0ggzwg6QWWrr01nQ,UCQtSFINs1h6GHkpg9o5kMvg,1
UCwO2SXr0ggzwg6QWWrr01nQ,UCsUCN0Yq_UyTvKjOJLmNrnQ,1
UCwO2SXr0ggzwg6QWWrr01nQ,UCAlzM_N6xBlMYmM8EBzX86Q,1
UCwO2SXr0ggzwg6QWWrr01nQ,UCOS8ViEkccrTZx2w2ccxotA,1
UCwO2SXr0ggzwg6QWWrr01nQ,UCfM3nrxtTQMY5jFx1v1J4Gg,1
UCwO2SXr0ggzwg6QWWrr01nQ,UCFhxtoeARHPnXXPcDrOU3Xg,1
UCwO2SXr0ggzwg6QWWrr01nQ,UCNBnKqWf4d-rS4HwJRQljmQ,1
UCwO2SXr0ggzwg6QWWrr01nQ,UC3XTwHxygNCgjndsg-UiCQA,1
UCwO2SXr0ggzwg6QWWrr01nQ,UC650pRT-OYzny3GwOH8Cgfw,1
UCwO2SXr0ggzwg6QWWrr01nQ,UC6PvO1_k5lHKGdAPo5_C6TA,1
UCwO2SXr0ggzwg6QWWrr01nQ,UCxff05WuyvwELNITi7bj7UA,1
UCwO2SXr0ggzwg6QWWrr01nQ,UC-pNP6RMFuLg_-x7Ah_0kEA,1
UCwO2SXr0ggzwg6QWWrr01nQ,UCGzXwyCzMzGmjmCbH3Hg01Q,1
UCwO2SXr0ggzwg6QWWrr01nQ,UCQtICyzWmhC5woCtbNgaSmg,1
UCwO2SXr0ggzwg6QWWrr01nQ,UCTD6q1nyIe3Y7HhqjaMj72w,1
UCwO2SXr0ggzwg6QWWrr01nQ,UCpsKOkt5iWTbenzeuq7dsmQ,1
UCwO2SXr0ggzwg6QWWrr01nQ,UCHTGCgY2l-DQJIvlA_cpa_Q,1
UCwO2SXr0ggzwg6QWWrr01nQ,UCi1b_TRQfgO1Z9O2gNGGWNA,1
UCwO2SXr0ggzwg6QWWrr01nQ,UCZLG9qH0tUjNhEGFIUt0CYw,1
UCwO2SXr0ggzwg6QWWrr01nQ,UCzoL2l5H5eVlorWGH8AZfAg,1
UCwO2SXr0ggzwg6QWWrr01nQ,UCKDR0f2fu2UzWL8mBv5-BHw,1
UCwO2SXr0ggzwg6QWWrr01nQ,UCjmPuazZJzscrwvk0QR9RVw,1
UCwO2SXr0ggzwg6QWWrr01nQ,UCwha8rxULYMVtNwZWeSkE1A,1
UCwO2SXr0ggzwg6QWWrr01nQ,UCQ_-LPP8JAbfkc-b1Q6NvWw,1
UCwO2SXr0ggzwg6QWWrr01nQ,UCHhHUjaMAZ8SiXdCUCj9DkQ,1
UCwO2SXr0ggzwg6QWWrr01nQ,UCRelkU8JiZBytTzebJxaa-w,1
UCwO2SXr0ggzwg6QWWrr01nQ,UC72gBAtyb_VXQlYDcFrh6oQ,1
UCwO2SXr0ggzwg6QWWrr01nQ,UC3MYTqpQqlWBuCB7Th0e0PA,1
UCwO2SXr0ggzwg6QWWrr01nQ,UCZ51R_9Q9C0c8I3pAWhtmjQ,1
UCwO2SXr0ggzwg6QWWrr01nQ,UCujPF2nBgsTD62nWE3lcpIg,1
UCwO2SXr0ggzwg6QWWrr01nQ,UC9xr9QvIcDvoZNUX5f-jaZw,1
UCwO2SXr0ggzwg6QWWrr01nQ,UCpl8rF8uv_8uui-QRvuJaRA,1
UCwO2SXr0ggzwg6QWWrr01nQ,UCYN4wSQ1Sx4_LurxLlW7MPg,1
UCwO2SXr0ggzwg6QWWrr01nQ,UC1vr9aaMI2crB0NvwFHUeoQ,1
UCwO2SXr0ggzwg6QWWrr01nQ,UCOh6DaZC_x9HASnlRylEMfw,1
UCwO2SXr0ggzwg6QWWrr01nQ,UCTP3O0rMnc8z8v8jaDQwL0w,1
UCwO2SXr0ggzwg6QWWrr01nQ,UChep9kVb5gQmpodEEl10Xlg,1
UCwO2SXr0ggzwg6QWWrr01nQ,UCFoIAE8k82D6AV-8gjjKaNg,1
UCwO2SXr0ggzwg6QWWrr01nQ,UCOLGv5Pf6BF2wFcwUzgcvHg,1
UCOLHH4ZpMxPYF-Q6e6wvn5A,UCozFYHN0e_-vlQbX3wQGOug,1
UCOLHH4ZpMxPYF-Q6e6wvn5A,UCp_dAUfv8i3LW3zWc24dLaQ,1
UCOLHH4ZpMxPYF-Q6e6wvn5A,UCat2qkYvqmtDNEmo2PVuhXw,1
UCOLHH4ZpMxPYF-Q6e6wvn5A,UCBlm80VQ4YoV3bUJR_XhkaQ,1
UCOLHH4ZpMxPYF-Q6e6wvn5A,UCxhtlxPV8AYWaNNyU6S9H8Q,1
UCOLHH4ZpMxPYF-Q6e6wvn5A,UCPNXmbOBVeC4HS-xemvcPtQ,1
UCOLHH4ZpMxPYF-Q6e6wvn5A,UCIgoiXdIKJyUGmUoH2Lxdzg,1
UCOLHH4ZpMxPYF-Q6e6wvn5A,UCrqXyRsg-_hTosURZ-uvoKg,1
UCOLHH4ZpMxPYF-Q6e6wvn5A,UCQMMuADgqWUOcJpLwHOzC-g,1
UCOLHH4ZpMxPYF-Q6e6wvn5A,UCGZMgmM92E3njyXNe9-kjAQ,1
UCOLHH4ZpMxPYF-Q6e6wvn5A,UCZjm6U576nX8WOiLhmMR3bw,1
UCOLHH4ZpMxPYF-Q6e6wvn5A,UC-QOpE7GOxlXcHZ8b7HbQKA,1
UCOLHH4ZpMxPYF-Q6e6wvn5A,UCtiHFjFu7d5v2XxHnKFUYig,1
UCOLHH4ZpMxPYF-Q6e6wvn5A,UCbNanjFI51cwGqMAb2rOrBw,1
UCOLHH4ZpMxPYF-Q6e6wvn5A,UCi2KiZq63sRq8Mfbcp-MelQ,1
UCOLHH4ZpMxPYF-Q6e6wvn5A,UCVdjCrh4tQoX3haNAZv-n5A,1
UCOLHH4ZpMxPYF-Q6e6wvn5A,UC1WlJfQmaIskYhP4gmWoamw,1
UCsSXdJct-nsS8DsABoEsaYA,UCSou6a2OuYGSvPjm5psquyA,1
UCsSXdJct-nsS8DsABoEsaYA,UC2weSE8rpqkGMOp6StYtVfg,1
UCsSXdJct-nsS8DsABoEsaYA,UCiGRBf2RNF0WRKhRVT7zFoA,1
UCsSXdJct-nsS8DsABoEsaYA,UCpIdtvoFHVLGASGB5ySqIEA,1
UCsSXdJct-nsS8DsABoEsaYA,UC8F2V63KZ4ZEay6opX2hAQw,1
UCsSXdJct-nsS8DsABoEsaYA,UC3E9mAgP7VoAE5mZoAexl5g,1
UCsSXdJct-nsS8DsABoEsaYA,UCErZPJpHmLCsXs8ZWkAUupQ,1
UCsSXdJct-nsS8DsABoEsaYA,UCTwSut16JyAg3mX6LVUNGqA,1
UCsSXdJct-nsS8DsABoEsaYA,UCkd9W714-947dEE6ZOEBATA,1
UCsSXdJct-nsS8DsABoEsaYA,UCut6b9S98nv84cVX89PmKzA,1
UCsSXdJct-nsS8DsABoEsaYA,UCXXh7yg5KUFIWylTiKVEFKQ,1
UCsSXdJct-nsS8DsABoEsaYA,UCDPWkUX3sNNaCx-m1dV4glA,1
UCsSXdJct-nsS8DsABoEsaYA,UC-hfX8J5JPJ-dfuakzegMLA,1
UCsSXdJct-nsS8DsABoEsaYA,UC3qn1yJA5PeW9rkGPatQxiw,1
UCsSXdJct-nsS8DsABoEsaYA,UCwW2OFy95P7ZBkOPxWkpvYg,1
UCsSXdJct-nsS8DsABoEsaYA,UCNkcuy42zEwddwEcOd_HpnA,1
UCsSXdJct-nsS8DsABoEsaYA,UCz3gu01bmjNv0DpRq-K3XYg,1
UCsSXdJct-nsS8DsABoEsaYA,UCp4iw5_5SmV9VGTFSNVGOmQ,1
UCsSXdJct-nsS8DsABoEsaYA,UCWIZUtKJ636y-4TYrNvok0g,1
UCsSXdJct-nsS8DsABoEsaYA,UCvApqeCbLod-wejtT4CcVuA,1
UCsSXdJct-nsS8DsABoEsaYA,UCgvw7xIdGFupzpt1Y_BFkEA,1
UCsSXdJct-nsS8DsABoEsaYA,UCtUR3_CAiE7fCoZHM6cMfyQ,1
UCsSXdJct-nsS8DsABoEsaYA,UC4wq3DcbfaG6dtCqn8Oyu3w,1
UCsSXdJct-nsS8DsABoEsaYA,UCmvOgzmmXbjUthHy-WJ52hQ,1
UCsSXdJct-nsS8DsABoEsaYA,UCtNfIBnc5S5DbbQj_yxgJTw,1
UCsSXdJct-nsS8DsABoEsaYA,UCmjppp6ujz3SAnULvP3sZMw,1
UCsSXdJct-nsS8DsABoEsaYA,UCYwpX26TrCxq8TvbKGRYLXA,1
UCsSXdJct-nsS8DsABoEsaYA,UCL13XhnRzbGokEkCkEOb0-g,1
UCsSXdJct-nsS8DsABoEsaYA,UChZknRmJkeGeQk0-mQuhDOg,1
UCsSXdJct-nsS8DsABoEsaYA,UCThW2XNsAaBKme5PUt7n-Zg,1
UCsSXdJct-nsS8DsABoEsaYA,UC5bG9nc_JV3FsNP2KseQiYw,1
UCsSXdJct-nsS8DsABoEsaYA,UCL1MT278vSaQ83ZDkVWn1gw,1
UCsSXdJct-nsS8DsABoEsaYA,UCh5ESQvtzyHDhCA7XyekCFA,1
UCsSXdJct-nsS8DsABoEsaYA,UCDftMWXQoJ6nONfY7GVOVjg,1
UCsSXdJct-nsS8DsABoEsaYA,UC8r11yOugM2NuRfitQOxLLg,1
UCsSXdJct-nsS8DsABoEsaYA,UCzSfZlOVxBSs5ObD25ywxDQ,1
UCsSXdJct-nsS8DsABoEsaYA,UC8G5cJONY8L9voMyBW8Eoug,1
UCsSXdJct-nsS8DsABoEsaYA,UCsJJAvrVGupdmhOqgtDp8dg,1
UCsSXdJct-nsS8DsABoEsaYA,UCEgEQmRbtL5fwr9_DqAC--g,1
UCsSXdJct-nsS8DsABoEsaYA,UCcfdg8crmMJwEuLUsAhV7yg,1
UCsSXdJct-nsS8DsABoEsaYA,UCljDbleJul41G1TzOjOZAVA,1
UCsSXdJct-nsS8DsABoEsaYA,UCQgYjVngJRfPHDLGB5X6ZjA,1
UCsSXdJct-nsS8DsABoEsaYA,UCAmtbUiIrUIhikru0ZoTFig,1
UCsSXdJct-nsS8DsABoEsaYA,UCB5p8a5gklc80jJItP6xTHg,1
UCsSXdJct-nsS8DsABoEsaYA,UC4cXueR2bKGFJV0Fk76gwmA,1
UCsSXdJct-nsS8DsABoEsaYA,UCrJn_rbo_ENAdeqneS-RmRw,1
UCsSXdJct-nsS8DsABoEsaYA,UCiMythXHsw7eQEMykCdmMUA,1
UCsSXdJct-nsS8DsABoEsaYA,UChs3tU2BcKOT0CezykvAsGw,1
UCsSXdJct-nsS8DsABoEsaYA,UCUIIIPTVDVHAXqhC_5V6lPA,1
UCsSXdJct-nsS8DsABoEsaYA,UCRETAiYdh2dL5ZxB0_N1zDA,1
UCsSXdJct-nsS8DsABoEsaYA,UCRlCV9zSn7avAWh-9_XFWqQ,1
UCsSXdJct-nsS8DsABoEsaYA,UCDQaQv0hr2SS_PO-CMEwVHg,1
UCsSXdJct-nsS8DsABoEsaYA,UCDlr1VadSucIZgZ171pRBjQ,1
UCsSXdJct-nsS8DsABoEsaYA,UC7VUuJr9cGh845CmTvf7TlQ,1
UCsSXdJct-nsS8DsABoEsaYA,UCA93ym2TXs_Ibyxb4Vcn-6Q,1
UCsSXdJct-nsS8DsABoEsaYA,UCXgr7vXlRrsaskPdo097kGA,1
UCsSXdJct-nsS8DsABoEsaYA,UCjSKM9j0Q7HLDr1hD6D-TUw,1
UCsSXdJct-nsS8DsABoEsaYA,UCj-LL25XJnjxepPKCc3NGog,1
UCsSXdJct-nsS8DsABoEsaYA,UChgkn5Jt5tWKYMoEOuCjz3Q,1
UCsSXdJct-nsS8DsABoEsaYA,UCLggDc_a5HriXv7I1h02sOA,1
UCsSXdJct-nsS8DsABoEsaYA,UC3NMzdMYryaw82kPTnsaljg,1
UCsSXdJct-nsS8DsABoEsaYA,UCFUuDARXdmmIrLppEqf-rFg,1
UCsSXdJct-nsS8DsABoEsaYA,UCylqlpsh8ENNM1LqgQ1KbxA,1
UCsSXdJct-nsS8DsABoEsaYA,UCCaYwkkbQGcvFoUmothVdQQ,1
UCsSXdJct-nsS8DsABoEsaYA,UCySYJU5kUh7X8gVt9la2ISA,1
UCsSXdJct-nsS8DsABoEsaYA,UC9vMq1YF-e7C-VO0SHkbUTA,1
UCsSXdJct-nsS8DsABoEsaYA,UCr1emrogPKkKTs_WTtx71xg,1
UCsSXdJct-nsS8DsABoEsaYA,UCV0iizTBoOfdAFX_thfI9BA,1
UCsSXdJct-nsS8DsABoEsaYA,UCTylKrsqkrBKIqubMu_5N0Q,1
UCsSXdJct-nsS8DsABoEsaYA,UC5H8ASmMC9WrURmzeB4ySog,1
UCsSXdJct-nsS8DsABoEsaYA,UCDUffaruH6dyUnUGwsTKpgg,1
UCsSXdJct-nsS8DsABoEsaYA,UCl0ekS9Tt0jJGtOEM18S63w,1
UCsSXdJct-nsS8DsABoEsaYA,UCN6qbfPSzFtjhqUDZ3Cv3CQ,1
UCsSXdJct-nsS8DsABoEsaYA,UC2Y_EHWQKevubk4vOEBBFxw,1
UCsSXdJct-nsS8DsABoEsaYA,UCplrIQtaPj6au60_f2-mOYw,1
UCsSXdJct-nsS8DsABoEsaYA,UCLFdHr9BEbXHkoJopbEPLZw,1
UCsSXdJct-nsS8DsABoEsaYA,UCipetjeiWj4CZB6EbyYziZg,1
UCsSXdJct-nsS8DsABoEsaYA,UCXSkL3ejZ8qWYyF_M7s_QKA,1
UCsSXdJct-nsS8DsABoEsaYA,UCueV9cTyTDwgQSec1x2dYgA,1
UCsSXdJct-nsS8DsABoEsaYA,UC6YSZqL0vEcI-niPKIMUGfw,1
UCsSXdJct-nsS8DsABoEsaYA,UCFjudnPLoaSL1BaRuLahyHg,1
UCsSXdJct-nsS8DsABoEsaYA,UCFxE8GbokBrBsPEKM1xrOjQ,1
UCsSXdJct-nsS8DsABoEsaYA,UCDIMztpVm7G27qBuiWuT6oQ,1
UCsSXdJct-nsS8DsABoEsaYA,UC-jS_kA9w-OmpupXDx156Rg,1
UCsSXdJct-nsS8DsABoEsaYA,UCsjs5Hp_r86x1xbK6FAeqaA,1
UCsSXdJct-nsS8DsABoEsaYA,UCQqetiwzzmRNTM5OWuXarGQ,1
UCsSXdJct-nsS8DsABoEsaYA,UCQtSFINs1h6GHkpg9o5kMvg,1
UCsSXdJct-nsS8DsABoEsaYA,UCsUCN0Yq_UyTvKjOJLmNrnQ,1
UCsSXdJct-nsS8DsABoEsaYA,UCAlzM_N6xBlMYmM8EBzX86Q,1
UCsSXdJct-nsS8DsABoEsaYA,UCOS8ViEkccrTZx2w2ccxotA,1
UCsSXdJct-nsS8DsABoEsaYA,UCfM3nrxtTQMY5jFx1v1J4Gg,1
UCsSXdJct-nsS8DsABoEsaYA,UCFhxtoeARHPnXXPcDrOU3Xg,1
UCsSXdJct-nsS8DsABoEsaYA,UCNBnKqWf4d-rS4HwJRQljmQ,1
UCsSXdJct-nsS8DsABoEsaYA,UC3XTwHxygNCgjndsg-UiCQA,1
UCsSXdJct-nsS8DsABoEsaYA,UC650pRT-OYzny3GwOH8Cgfw,1
UCsSXdJct-nsS8DsABoEsaYA,UC6PvO1_k5lHKGdAPo5_C6TA,1
UCsSXdJct-nsS8DsABoEsaYA,UCxff05WuyvwELNITi7bj7UA,1
UCsSXdJct-nsS8DsABoEsaYA,UC-pNP6RMFuLg_-x7Ah_0kEA,1
UCsSXdJct-nsS8DsABoEsaYA,UCGzXwyCzMzGmjmCbH3Hg01Q,1
UCsSXdJct-nsS8DsABoEsaYA,UCQtICyzWmhC5woCtbNgaSmg,1
UCsSXdJct-nsS8DsABoEsaYA,UCTD6q1nyIe3Y7HhqjaMj72w,1
UCsSXdJct-nsS8DsABoEsaYA,UCpsKOkt5iWTbenzeuq7dsmQ,1
UCsSXdJct-nsS8DsABoEsaYA,UCHTGCgY2l-DQJIvlA_cpa_Q,1
UCsSXdJct-nsS8DsABoEsaYA,UCi1b_TRQfgO1Z9O2gNGGWNA,1
UCsSXdJct-nsS8DsABoEsaYA,UCZLG9qH0tUjNhEGFIUt0CYw,1
UCsSXdJct-nsS8DsABoEsaYA,UCzoL2l5H5eVlorWGH8AZfAg,1
UCsSXdJct-nsS8DsABoEsaYA,UCKDR0f2fu2UzWL8mBv5-BHw,1
UCsSXdJct-nsS8DsABoEsaYA,UCjmPuazZJzscrwvk0QR9RVw,1
UCsSXdJct-nsS8DsABoEsaYA,UCwha8rxULYMVtNwZWeSkE1A,1
UCsSXdJct-nsS8DsABoEsaYA,UCQ_-LPP8JAbfkc-b1Q6NvWw,1
UCsSXdJct-nsS8DsABoEsaYA,UCHhHUjaMAZ8SiXdCUCj9DkQ,1
UCsSXdJct-nsS8DsABoEsaYA,UCRelkU8JiZBytTzebJxaa-w,1
UCsSXdJct-nsS8DsABoEsaYA,UC72gBAtyb_VXQlYDcFrh6oQ,1
UCsSXdJct-nsS8DsABoEsaYA,UC3MYTqpQqlWBuCB7Th0e0PA,1
UCsSXdJct-nsS8DsABoEsaYA,UCZ51R_9Q9C0c8I3pAWhtmjQ,1
UCsSXdJct-nsS8DsABoEsaYA,UCujPF2nBgsTD62nWE3lcpIg,1
UCsSXdJct-nsS8DsABoEsaYA,UC9xr9QvIcDvoZNUX5f-jaZw,1
UCsSXdJct-nsS8DsABoEsaYA,UCpl8rF8uv_8uui-QRvuJaRA,1
UCsSXdJct-nsS8DsABoEsaYA,UCYN4wSQ1Sx4_LurxLlW7MPg,1
UCsSXdJct-nsS8DsABoEsaYA,UC1vr9aaMI2crB0NvwFHUeoQ,1
UCsSXdJct-nsS8DsABoEsaYA,UCOh6DaZC_x9HASnlRylEMfw,1
UCsSXdJct-nsS8DsABoEsaYA,UCTP3O0rMnc8z8v8jaDQwL0w,1
UCsSXdJct-nsS8DsABoEsaYA,UChep9kVb5gQmpodEEl10Xlg,1
UCsSXdJct-nsS8DsABoEsaYA,UCFoIAE8k82D6AV-8gjjKaNg,1
UCsSXdJct-nsS8DsABoEsaYA,UCOLGv5Pf6BF2wFcwUzgcvHg,1
UCuP4UK33HKtJE_S39ksmaTw,UC7IMsCxfZyWN7YQo8-JYa6Q,1
UCuP4UK33HKtJE_S39ksmaTw,UCNIeXbV_mEwpa412h1aqUWw,1
UCuP4UK33HKtJE_S39ksmaTw,UCzZ6dDCEsLMXbc5pCFXIprw,1
UCuP4UK33HKtJE_S39ksmaTw,UCN2N_wYOw6fMwCeSzdXLPIw,1
UCuP4UK33HKtJE_S39ksmaTw,UCVQf0tzL7xRzFJsABVVULpg,1
UCuP4UK33HKtJE_S39ksmaTw,UClsrFGJKWPxxw7MiaEdKLXw,1
UCuP4UK33HKtJE_S39ksmaTw,UCPZueDLrCS4BmTBRMA4q0fA,1
UCuP4UK33HKtJE_S39ksmaTw,UCGX_UbAQOXGZknv5iqklwTA,1
UCuP4UK33HKtJE_S39ksmaTw,UCusjriFsDHEc2AOjqk-p5ig,1
UCuP4UK33HKtJE_S39ksmaTw,UCHTGCgY2l-DQJIvlA_cpa_Q,1
UCuP4UK33HKtJE_S39ksmaTw,UCAV7QIjYhbDJaycQycM_0eQ,1
UCuP4UK33HKtJE_S39ksmaTw,UCf5lnNZF7Qrtli9v4N_23WQ,1
UCuP4UK33HKtJE_S39ksmaTw,UCbYoNG5J3Au5BqtbXogfEFw,1
UCuP4UK33HKtJE_S39ksmaTw,UCtNyHmRZtvGF2hSvI2dUBWw,1
UCuP4UK33HKtJE_S39ksmaTw,UCgQJgI9vu1FI2dnC9mrFthw,1
UCuP4UK33HKtJE_S39ksmaTw,UC8xlJWNHz1V_W6q3fbuQH8g,1
UCuP4UK33HKtJE_S39ksmaTw,UC1Y7x3h0c95Z8kUhi-Tzaeg,1
UCuP4UK33HKtJE_S39ksmaTw,UCg3eIfd7BrsLEqS0BLkftHA,1
UCNiMNUJvaRJb0_QLClqwVnA,UCld2stqxaVSk0QdGncM224A,1
UCNiMNUJvaRJb0_QLClqwVnA,UCKVzDUqbtdSMBcexaEtMmzQ,1
UCNiMNUJvaRJb0_QLClqwVnA,UCtowGNY2lnlg6O2CkwDgkLg,1
UCTwSut16JyAg3mX6LVUNGqA,UCSou6a2OuYGSvPjm5psquyA,1
UCTwSut16JyAg3mX6LVUNGqA,UC2weSE8rpqkGMOp6StYtVfg,1
UCTwSut16JyAg3mX6LVUNGqA,UCiGRBf2RNF0WRKhRVT7zFoA,1
UCTwSut16JyAg3mX6LVUNGqA,UCpIdtvoFHVLGASGB5ySqIEA,1
UCTwSut16JyAg3mX6LVUNGqA,UC8F2V63KZ4ZEay6opX2hAQw,1
UCTwSut16JyAg3mX6LVUNGqA,UC3E9mAgP7VoAE5mZoAexl5g,1
UCTwSut16JyAg3mX6LVUNGqA,UCErZPJpHmLCsXs8ZWkAUupQ,1
UCTwSut16JyAg3mX6LVUNGqA,UCkd9W714-947dEE6ZOEBATA,1
UCTwSut16JyAg3mX6LVUNGqA,UCut6b9S98nv84cVX89PmKzA,1
UCTwSut16JyAg3mX6LVUNGqA,UCXXh7yg5KUFIWylTiKVEFKQ,1
UCTwSut16JyAg3mX6LVUNGqA,UCDPWkUX3sNNaCx-m1dV4glA,1
UCTwSut16JyAg3mX6LVUNGqA,UC-hfX8J5JPJ-dfuakzegMLA,1
UCTwSut16JyAg3mX6LVUNGqA,UC3qn1yJA5PeW9rkGPatQxiw,1
UCTwSut16JyAg3mX6LVUNGqA,UCwW2OFy95P7ZBkOPxWkpvYg,1
UCTwSut16JyAg3mX6LVUNGqA,UCNkcuy42zEwddwEcOd_HpnA,1
UCTwSut16JyAg3mX6LVUNGqA,UCz3gu01bmjNv0DpRq-K3XYg,1
UCTwSut16JyAg3mX6LVUNGqA,UCp4iw5_5SmV9VGTFSNVGOmQ,1
UCTwSut16JyAg3mX6LVUNGqA,UCWIZUtKJ636y-4TYrNvok0g,1
UCTwSut16JyAg3mX6LVUNGqA,UCvApqeCbLod-wejtT4CcVuA,1
UCTwSut16JyAg3mX6LVUNGqA,UCgvw7xIdGFupzpt1Y_BFkEA,1
UCTwSut16JyAg3mX6LVUNGqA,UCtUR3_CAiE7fCoZHM6cMfyQ,1
UCTwSut16JyAg3mX6LVUNGqA,UC4wq3DcbfaG6dtCqn8Oyu3w,1
UCTwSut16JyAg3mX6LVUNGqA,UCmvOgzmmXbjUthHy-WJ52hQ,1
UCTwSut16JyAg3mX6LVUNGqA,UCtNfIBnc5S5DbbQj_yxgJTw,1
UCTwSut16JyAg3mX6LVUNGqA,UCmjppp6ujz3SAnULvP3sZMw,1
UCTwSut16JyAg3mX6LVUNGqA,UCYwpX26TrCxq8TvbKGRYLXA,1
UCTwSut16JyAg3mX6LVUNGqA,UCL13XhnRzbGokEkCkEOb0-g,1
UCTwSut16JyAg3mX6LVUNGqA,UChZknRmJkeGeQk0-mQuhDOg,1
UCTwSut16JyAg3mX6LVUNGqA,UCThW2XNsAaBKme5PUt7n-Zg,1
UCTwSut16JyAg3mX6LVUNGqA,UC5bG9nc_JV3FsNP2KseQiYw,1
UCTwSut16JyAg3mX6LVUNGqA,UCL1MT278vSaQ83ZDkVWn1gw,1
UCTwSut16JyAg3mX6LVUNGqA,UCh5ESQvtzyHDhCA7XyekCFA,1
UCTwSut16JyAg3mX6LVUNGqA,UCDftMWXQoJ6nONfY7GVOVjg,1
UCTwSut16JyAg3mX6LVUNGqA,UC8r11yOugM2NuRfitQOxLLg,1
UCTwSut16JyAg3mX6LVUNGqA,UCzSfZlOVxBSs5ObD25ywxDQ,1
UCTwSut16JyAg3mX6LVUNGqA,UC8G5cJONY8L9voMyBW8Eoug,1
UCTwSut16JyAg3mX6LVUNGqA,UCsJJAvrVGupdmhOqgtDp8dg,1
UCTwSut16JyAg3mX6LVUNGqA,UCEgEQmRbtL5fwr9_DqAC--g,1
UCTwSut16JyAg3mX6LVUNGqA,UCcfdg8crmMJwEuLUsAhV7yg,1
UCTwSut16JyAg3mX6LVUNGqA,UCljDbleJul41G1TzOjOZAVA,1
UCTwSut16JyAg3mX6LVUNGqA,UCQgYjVngJRfPHDLGB5X6ZjA,1
UCTwSut16JyAg3mX6LVUNGqA,UCAmtbUiIrUIhikru0ZoTFig,1
UCTwSut16JyAg3mX6LVUNGqA,UCB5p8a5gklc80jJItP6xTHg,1
UCTwSut16JyAg3mX6LVUNGqA,UC4cXueR2bKGFJV0Fk76gwmA,1
UCTwSut16JyAg3mX6LVUNGqA,UCrJn_rbo_ENAdeqneS-RmRw,1
UCTwSut16JyAg3mX6LVUNGqA,UCiMythXHsw7eQEMykCdmMUA,1
UCTwSut16JyAg3mX6LVUNGqA,UChs3tU2BcKOT0CezykvAsGw,1
UCTwSut16JyAg3mX6LVUNGqA,UCUIIIPTVDVHAXqhC_5V6lPA,1
UCTwSut16JyAg3mX6LVUNGqA,UCRETAiYdh2dL5ZxB0_N1zDA,1
UCTwSut16JyAg3mX6LVUNGqA,UCRlCV9zSn7avAWh-9_XFWqQ,1
UCTwSut16JyAg3mX6LVUNGqA,UCDQaQv0hr2SS_PO-CMEwVHg,1
UCTwSut16JyAg3mX6LVUNGqA,UCDlr1VadSucIZgZ171pRBjQ,1
UCTwSut16JyAg3mX6LVUNGqA,UC7VUuJr9cGh845CmTvf7TlQ,1
UCTwSut16JyAg3mX6LVUNGqA,UCA93ym2TXs_Ibyxb4Vcn-6Q,1
UCTwSut16JyAg3mX6LVUNGqA,UCXgr7vXlRrsaskPdo097kGA,1
UCTwSut16JyAg3mX6LVUNGqA,UCjSKM9j0Q7HLDr1hD6D-TUw,1
UCTwSut16JyAg3mX6LVUNGqA,UCj-LL25XJnjxepPKCc3NGog,1
UCTwSut16JyAg3mX6LVUNGqA,UChgkn5Jt5tWKYMoEOuCjz3Q,1
UCTwSut16JyAg3mX6LVUNGqA,UCLggDc_a5HriXv7I1h02sOA,1
UCTwSut16JyAg3mX6LVUNGqA,UC3NMzdMYryaw82kPTnsaljg,1
UCTwSut16JyAg3mX6LVUNGqA,UCFUuDARXdmmIrLppEqf-rFg,1
UCTwSut16JyAg3mX6LVUNGqA,UCylqlpsh8ENNM1LqgQ1KbxA,1
UCTwSut16JyAg3mX6LVUNGqA,UCCaYwkkbQGcvFoUmothVdQQ,1
UCTwSut16JyAg3mX6LVUNGqA,UCySYJU5kUh7X8gVt9la2ISA,1
UCTwSut16JyAg3mX6LVUNGqA,UC9vMq1YF-e7C-VO0SHkbUTA,1
UCTwSut16JyAg3mX6LVUNGqA,UCr1emrogPKkKTs_WTtx71xg,1
UCTwSut16JyAg3mX6LVUNGqA,UCV0iizTBoOfdAFX_thfI9BA,1
UCTwSut16JyAg3mX6LVUNGqA,UCTylKrsqkrBKIqubMu_5N0Q,1
UCTwSut16JyAg3mX6LVUNGqA,UC5H8ASmMC9WrURmzeB4ySog,1
UCTwSut16JyAg3mX6LVUNGqA,UCDUffaruH6dyUnUGwsTKpgg,1
UCTwSut16JyAg3mX6LVUNGqA,UCl0ekS9Tt0jJGtOEM18S63w,1
UCTwSut16JyAg3mX6LVUNGqA,UCN6qbfPSzFtjhqUDZ3Cv3CQ,1
UCTwSut16JyAg3mX6LVUNGqA,UC2Y_EHWQKevubk4vOEBBFxw,1
UCTwSut16JyAg3mX6LVUNGqA,UCplrIQtaPj6au60_f2-mOYw,1
UCTwSut16JyAg3mX6LVUNGqA,UCLFdHr9BEbXHkoJopbEPLZw,1
UCTwSut16JyAg3mX6LVUNGqA,UCipetjeiWj4CZB6EbyYziZg,1
UCTwSut16JyAg3mX6LVUNGqA,UCXSkL3ejZ8qWYyF_M7s_QKA,1
UCTwSut16JyAg3mX6LVUNGqA,UCueV9cTyTDwgQSec1x2dYgA,1
UCTwSut16JyAg3mX6LVUNGqA,UC6YSZqL0vEcI-niPKIMUGfw,1
UCTwSut16JyAg3mX6LVUNGqA,UCFjudnPLoaSL1BaRuLahyHg,1
UCTwSut16JyAg3mX6LVUNGqA,UCFxE8GbokBrBsPEKM1xrOjQ,1
UCTwSut16JyAg3mX6LVUNGqA,UCDIMztpVm7G27qBuiWuT6oQ,1
UCTwSut16JyAg3mX6LVUNGqA,UC-jS_kA9w-OmpupXDx156Rg,1
UCTwSut16JyAg3mX6LVUNGqA,UCsjs5Hp_r86x1xbK6FAeqaA,1
UCTwSut16JyAg3mX6LVUNGqA,UCQqetiwzzmRNTM5OWuXarGQ,1
UCTwSut16JyAg3mX6LVUNGqA,UCQtSFINs1h6GHkpg9o5kMvg,1
UCTwSut16JyAg3mX6LVUNGqA,UCsUCN0Yq_UyTvKjOJLmNrnQ,1
UCTwSut16JyAg3mX6LVUNGqA,UCAlzM_N6xBlMYmM8EBzX86Q,1
UCTwSut16JyAg3mX6LVUNGqA,UCOS8ViEkccrTZx2w2ccxotA,1
UCTwSut16JyAg3mX6LVUNGqA,UCfM3nrxtTQMY5jFx1v1J4Gg,1
UCTwSut16JyAg3mX6LVUNGqA,UCFhxtoeARHPnXXPcDrOU3Xg,1
UCTwSut16JyAg3mX6LVUNGqA,UCNBnKqWf4d-rS4HwJRQljmQ,1
UCTwSut16JyAg3mX6LVUNGqA,UC3XTwHxygNCgjndsg-UiCQA,1
UCTwSut16JyAg3mX6LVUNGqA,UC650pRT-OYzny3GwOH8Cgfw,1
UCTwSut16JyAg3mX6LVUNGqA,UC6PvO1_k5lHKGdAPo5_C6TA,1
UCTwSut16JyAg3mX6LVUNGqA,UCxff05WuyvwELNITi7bj7UA,1
UCTwSut16JyAg3mX6LVUNGqA,UC-pNP6RMFuLg_-x7Ah_0kEA,1
UCTwSut16JyAg3mX6LVUNGqA,UCGzXwyCzMzGmjmCbH3Hg01Q,1
UCTwSut16JyAg3mX6LVUNGqA,UCQtICyzWmhC5woCtbNgaSmg,1
UCTwSut16JyAg3mX6LVUNGqA,UCTD6q1nyIe3Y7HhqjaMj72w,1
UCTwSut16JyAg3mX6LVUNGqA,UCpsKOkt5iWTbenzeuq7dsmQ,1
UCTwSut16JyAg3mX6LVUNGqA,UCHTGCgY2l-DQJIvlA_cpa_Q,1
UCTwSut16JyAg3mX6LVUNGqA,UCi1b_TRQfgO1Z9O2gNGGWNA,1
UCTwSut16JyAg3mX6LVUNGqA,UCZLG9qH0tUjNhEGFIUt0CYw,1
UCTwSut16JyAg3mX6LVUNGqA,UCzoL2l5H5eVlorWGH8AZfAg,1
UCTwSut16JyAg3mX6LVUNGqA,UCKDR0f2fu2UzWL8mBv5-BHw,1
UCTwSut16JyAg3mX6LVUNGqA,UCjmPuazZJzscrwvk0QR9RVw,1
UCTwSut16JyAg3mX6LVUNGqA,UCwha8rxULYMVtNwZWeSkE1A,1
UCTwSut16JyAg3mX6LVUNGqA,UCQ_-LPP8JAbfkc-b1Q6NvWw,1
UCTwSut16JyAg3mX6LVUNGqA,UCHhHUjaMAZ8SiXdCUCj9DkQ,1
UCTwSut16JyAg3mX6LVUNGqA,UCRelkU8JiZBytTzebJxaa-w,1
UCTwSut16JyAg3mX6LVUNGqA,UC72gBAtyb_VXQlYDcFrh6oQ,1
UCTwSut16JyAg3mX6LVUNGqA,UC3MYTqpQqlWBuCB7Th0e0PA,1
UCTwSut16JyAg3mX6LVUNGqA,UCZ51R_9Q9C0c8I3pAWhtmjQ,1
UCTwSut16JyAg3mX6LVUNGqA,UCujPF2nBgsTD62nWE3lcpIg,1
UCTwSut16JyAg3mX6LVUNGqA,UC9xr9QvIcDvoZNUX5f-jaZw,1
UCTwSut16JyAg3mX6LVUNGqA,UCpl8rF8uv_8uui-QRvuJaRA,1
UCTwSut16JyAg3mX6LVUNGqA,UCYN4wSQ1Sx4_LurxLlW7MPg,1
UCTwSut16JyAg3mX6LVUNGqA,UC1vr9aaMI2crB0NvwFHUeoQ,1
UCTwSut16JyAg3mX6LVUNGqA,UCOh6DaZC_x9HASnlRylEMfw,1
UCTwSut16JyAg3mX6LVUNGqA,UCTP3O0rMnc8z8v8jaDQwL0w,1
UCTwSut16JyAg3mX6LVUNGqA,UChep9kVb5gQmpodEEl10Xlg,1
UCTwSut16JyAg3mX6LVUNGqA,UCFoIAE8k82D6AV-8gjjKaNg,1
UCTwSut16JyAg3mX6LVUNGqA,UCOLGv5Pf6BF2wFcwUzgcvHg,1
UCkd9W714-947dEE6ZOEBATA,UCSou6a2OuYGSvPjm5psquyA,1
UCkd9W714-947dEE6ZOEBATA,UC2weSE8rpqkGMOp6StYtVfg,1
UCkd9W714-947dEE6ZOEBATA,UCiGRBf2RNF0WRKhRVT7zFoA,1
UCkd9W714-947dEE6ZOEBATA,UCpIdtvoFHVLGASGB5ySqIEA,1
UCkd9W714-947dEE6ZOEBATA,UC8F2V63KZ4ZEay6opX2hAQw,1
UCkd9W714-947dEE6ZOEBATA,UC3E9mAgP7VoAE5mZoAexl5g,1
UCkd9W714-947dEE6ZOEBATA,UCErZPJpHmLCsXs8ZWkAUupQ,1
UCkd9W714-947dEE6ZOEBATA,UCut6b9S98nv84cVX89PmKzA,1
UCkd9W714-947dEE6ZOEBATA,UCXXh7yg5KUFIWylTiKVEFKQ,1
UCkd9W714-947dEE6ZOEBATA,UCDPWkUX3sNNaCx-m1dV4glA,1
UCkd9W714-947dEE6ZOEBATA,UC-hfX8J5JPJ-dfuakzegMLA,1
UCkd9W714-947dEE6ZOEBATA,UC3qn1yJA5PeW9rkGPatQxiw,1
UCkd9W714-947dEE6ZOEBATA,UCwW2OFy95P7ZBkOPxWkpvYg,1
UCkd9W714-947dEE6ZOEBATA,UCNkcuy42zEwddwEcOd_HpnA,1
UCkd9W714-947dEE6ZOEBATA,UCz3gu01bmjNv0DpRq-K3XYg,1
UCkd9W714-947dEE6ZOEBATA,UCp4iw5_5SmV9VGTFSNVGOmQ,1
UCkd9W714-947dEE6ZOEBATA,UCWIZUtKJ636y-4TYrNvok0g,1
UCkd9W714-947dEE6ZOEBATA,UCvApqeCbLod-wejtT4CcVuA,1
UCkd9W714-947dEE6ZOEBATA,UCgvw7xIdGFupzpt1Y_BFkEA,1
UCkd9W714-947dEE6ZOEBATA,UCtUR3_CAiE7fCoZHM6cMfyQ,1
UCkd9W714-947dEE6ZOEBATA,UC4wq3DcbfaG6dtCqn8Oyu3w,1
UCkd9W714-947dEE6ZOEBATA,UCmvOgzmmXbjUthHy-WJ52hQ,1
UCkd9W714-947dEE6ZOEBATA,UCtNfIBnc5S5DbbQj_yxgJTw,1
UCkd9W714-947dEE6ZOEBATA,UCmjppp6ujz3SAnULvP3sZMw,1
UCkd9W714-947dEE6ZOEBATA,UCYwpX26TrCxq8TvbKGRYLXA,1
UCkd9W714-947dEE6ZOEBATA,UCL13XhnRzbGokEkCkEOb0-g,1
UCkd9W714-947dEE6ZOEBATA,UChZknRmJkeGeQk0-mQuhDOg,1
UCkd9W714-947dEE6ZOEBATA,UCThW2XNsAaBKme5PUt7n-Zg,1
UCkd9W714-947dEE6ZOEBATA,UC5bG9nc_JV3FsNP2KseQiYw,1
UCkd9W714-947dEE6ZOEBATA,UCL1MT278vSaQ83ZDkVWn1gw,1
UCkd9W714-947dEE6ZOEBATA,UCh5ESQvtzyHDhCA7XyekCFA,1
UCkd9W714-947dEE6ZOEBATA,UCDftMWXQoJ6nONfY7GVOVjg,1
UCkd9W714-947dEE6ZOEBATA,UC8r11yOugM2NuRfitQOxLLg,1
UCkd9W714-947dEE6ZOEBATA,UCzSfZlOVxBSs5ObD25ywxDQ,1
UCkd9W714-947dEE6ZOEBATA,UC8G5cJONY8L9voMyBW8Eoug,1
UCkd9W714-947dEE6ZOEBATA,UCsJJAvrVGupdmhOqgtDp8dg,1
UCkd9W714-947dEE6ZOEBATA,UCEgEQmRbtL5fwr9_DqAC--g,1
UCkd9W714-947dEE6ZOEBATA,UCcfdg8crmMJwEuLUsAhV7yg,1
UCkd9W714-947dEE6ZOEBATA,UCljDbleJul41G1TzOjOZAVA,1
UCkd9W714-947dEE6ZOEBATA,UCQgYjVngJRfPHDLGB5X6ZjA,1
UCkd9W714-947dEE6ZOEBATA,UCAmtbUiIrUIhikru0ZoTFig,1
UCkd9W714-947dEE6ZOEBATA,UCB5p8a5gklc80jJItP6xTHg,1
UCkd9W714-947dEE6ZOEBATA,UC4cXueR2bKGFJV0Fk76gwmA,1
UCkd9W714-947dEE6ZOEBATA,UCrJn_rbo_ENAdeqneS-RmRw,1
UCkd9W714-947dEE6ZOEBATA,UCiMythXHsw7eQEMykCdmMUA,1
UCkd9W714-947dEE6ZOEBATA,UChs3tU2BcKOT0CezykvAsGw,1
UCkd9W714-947dEE6ZOEBATA,UCUIIIPTVDVHAXqhC_5V6lPA,1
UCkd9W714-947dEE6ZOEBATA,UCRETAiYdh2dL5ZxB0_N1zDA,1
UCkd9W714-947dEE6ZOEBATA,UCRlCV9zSn7avAWh-9_XFWqQ,1
UCkd9W714-947dEE6ZOEBATA,UCDQaQv0hr2SS_PO-CMEwVHg,1
UCkd9W714-947dEE6ZOEBATA,UCDlr1VadSucIZgZ171pRBjQ,1
UCkd9W714-947dEE6ZOEBATA,UC7VUuJr9cGh845CmTvf7TlQ,1
UCkd9W714-947dEE6ZOEBATA,UCA93ym2TXs_Ibyxb4Vcn-6Q,1
UCkd9W714-947dEE6ZOEBATA,UCXgr7vXlRrsaskPdo097kGA,1
UCkd9W714-947dEE6ZOEBATA,UCjSKM9j0Q7HLDr1hD6D-TUw,1
UCkd9W714-947dEE6ZOEBATA,UCj-LL25XJnjxepPKCc3NGog,1
UCkd9W714-947dEE6ZOEBATA,UChgkn5Jt5tWKYMoEOuCjz3Q,1
UCkd9W714-947dEE6ZOEBATA,UCLggDc_a5HriXv7I1h02sOA,1
UCkd9W714-947dEE6ZOEBATA,UC3NMzdMYryaw82kPTnsaljg,1
UCkd9W714-947dEE6ZOEBATA,UCFUuDARXdmmIrLppEqf-rFg,1
UCkd9W714-947dEE6ZOEBATA,UCylqlpsh8ENNM1LqgQ1KbxA,1
UCkd9W714-947dEE6ZOEBATA,UCCaYwkkbQGcvFoUmothVdQQ,1
UCkd9W714-947dEE6ZOEBATA,UCySYJU5kUh7X8gVt9la2ISA,1
UCkd9W714-947dEE6ZOEBATA,UC9vMq1YF-e7C-VO0SHkbUTA,1
UCkd9W714-947dEE6ZOEBATA,UCr1emrogPKkKTs_WTtx71xg,1
UCkd9W714-947dEE6ZOEBATA,UCV0iizTBoOfdAFX_thfI9BA,1
UCkd9W714-947dEE6ZOEBATA,UCTylKrsqkrBKIqubMu_5N0Q,1
UCkd9W714-947dEE6ZOEBATA,UC5H8ASmMC9WrURmzeB4ySog,1
UCkd9W714-947dEE6ZOEBATA,UCDUffaruH6dyUnUGwsTKpgg,1
UCkd9W714-947dEE6ZOEBATA,UCl0ekS9Tt0jJGtOEM18S63w,1
UCkd9W714-947dEE6ZOEBATA,UCN6qbfPSzFtjhqUDZ3Cv3CQ,1
UCkd9W714-947dEE6ZOEBATA,UC2Y_EHWQKevubk4vOEBBFxw,1
UCkd9W714-947dEE6ZOEBATA,UCplrIQtaPj6au60_f2-mOYw,1
UCkd9W714-947dEE6ZOEBATA,UCLFdHr9BEbXHkoJopbEPLZw,1
UCkd9W714-947dEE6ZOEBATA,UCipetjeiWj4CZB6EbyYziZg,1
UCkd9W714-947dEE6ZOEBATA,UCXSkL3ejZ8qWYyF_M7s_QKA,1
UCkd9W714-947dEE6ZOEBATA,UCueV9cTyTDwgQSec1x2dYgA,1
UCkd9W714-947dEE6ZOEBATA,UC6YSZqL0vEcI-niPKIMUGfw,1
UCkd9W714-947dEE6ZOEBATA,UCFjudnPLoaSL1BaRuLahyHg,1
UCkd9W714-947dEE6ZOEBATA,UCFxE8GbokBrBsPEKM1xrOjQ,1
UCkd9W714-947dEE6ZOEBATA,UCDIMztpVm7G27qBuiWuT6oQ,1
UCkd9W714-947dEE6ZOEBATA,UC-jS_kA9w-OmpupXDx156Rg,1
UCkd9W714-947dEE6ZOEBATA,UCsjs5Hp_r86x1xbK6FAeqaA,1
UCkd9W714-947dEE6ZOEBATA,UCQqetiwzzmRNTM5OWuXarGQ,1
UCkd9W714-947dEE6ZOEBATA,UCQtSFINs1h6GHkpg9o5kMvg,1
UCkd9W714-947dEE6ZOEBATA,UCsUCN0Yq_UyTvKjOJLmNrnQ,1
UCkd9W714-947dEE6ZOEBATA,UCAlzM_N6xBlMYmM8EBzX86Q,1
UCkd9W714-947dEE6ZOEBATA,UCOS8ViEkccrTZx2w2ccxotA,1
UCkd9W714-947dEE6ZOEBATA,UCfM3nrxtTQMY5jFx1v1J4Gg,1
UCkd9W714-947dEE6ZOEBATA,UCFhxtoeARHPnXXPcDrOU3Xg,1
UCkd9W714-947dEE6ZOEBATA,UCNBnKqWf4d-rS4HwJRQljmQ,1
UCkd9W714-947dEE6ZOEBATA,UC3XTwHxygNCgjndsg-UiCQA,1
UCkd9W714-947dEE6ZOEBATA,UC650pRT-OYzny3GwOH8Cgfw,1
UCkd9W714-947dEE6ZOEBATA,UC6PvO1_k5lHKGdAPo5_C6TA,1
UCkd9W714-947dEE6ZOEBATA,UCxff05WuyvwELNITi7bj7UA,1
UCkd9W714-947dEE6ZOEBATA,UC-pNP6RMFuLg_-x7Ah_0kEA,1
UCkd9W714-947dEE6ZOEBATA,UCGzXwyCzMzGmjmCbH3Hg01Q,1
UCkd9W714-947dEE6ZOEBATA,UCQtICyzWmhC5woCtbNgaSmg,1
UCkd9W714-947dEE6ZOEBATA,UCTD6q1nyIe3Y7HhqjaMj72w,1
UCkd9W714-947dEE6ZOEBATA,UCpsKOkt5iWTbenzeuq7dsmQ,1
UCkd9W714-947dEE6ZOEBATA,UCHTGCgY2l-DQJIvlA_cpa_Q,1
UCkd9W714-947dEE6ZOEBATA,UCi1b_TRQfgO1Z9O2gNGGWNA,1
UCkd9W714-947dEE6ZOEBATA,UCZLG9qH0tUjNhEGFIUt0CYw,1
UCkd9W714-947dEE6ZOEBATA,UCzoL2l5H5eVlorWGH8AZfAg,1
UCkd9W714-947dEE6ZOEBATA,UCKDR0f2fu2UzWL8mBv5-BHw,1
UCkd9W714-947dEE6ZOEBATA,UCjmPuazZJzscrwvk0QR9RVw,1
UCkd9W714-947dEE6ZOEBATA,UCwha8rxULYMVtNwZWeSkE1A,1
UCkd9W714-947dEE6ZOEBATA,UCQ_-LPP8JAbfkc-b1Q6NvWw,1
UCkd9W714-947dEE6ZOEBATA,UCHhHUjaMAZ8SiXdCUCj9DkQ,1
UCkd9W714-947dEE6ZOEBATA,UCRelkU8JiZBytTzebJxaa-w,1
UCkd9W714-947dEE6ZOEBATA,UC72gBAtyb_VXQlYDcFrh6oQ,1
UCkd9W714-947dEE6ZOEBATA,UC3MYTqpQqlWBuCB7Th0e0PA,1
UCkd9W714-947dEE6ZOEBATA,UCZ51R_9Q9C0c8I3pAWhtmjQ,1
UCkd9W714-947dEE6ZOEBATA,UCujPF2nBgsTD62nWE3lcpIg,1
UCkd9W714-947dEE6ZOEBATA,UC9xr9QvIcDvoZNUX5f-jaZw,1
UCkd9W714-947dEE6ZOEBATA,UCpl8rF8uv_8uui-QRvuJaRA,1
UCkd9W714-947dEE6ZOEBATA,UCYN4wSQ1Sx4_LurxLlW7MPg,1
UCkd9W714-947dEE6ZOEBATA,UC1vr9aaMI2crB0NvwFHUeoQ,1
UCkd9W714-947dEE6ZOEBATA,UCOh6DaZC_x9HASnlRylEMfw,1
UCkd9W714-947dEE6ZOEBATA,UCTP3O0rMnc8z8v8jaDQwL0w,1
UCkd9W714-947dEE6ZOEBATA,UChep9kVb5gQmpodEEl10Xlg,1
UCkd9W714-947dEE6ZOEBATA,UCFoIAE8k82D6AV-8gjjKaNg,1
UCkd9W714-947dEE6ZOEBATA,UCOLGv5Pf6BF2wFcwUzgcvHg,1
UC0RpuMwkDKJYqgKHtsJRuWQ,UC5PyGvSfFM--OVKmQ3COu6g,1
UC0RpuMwkDKJYqgKHtsJRuWQ,UC0aEyakBPqcBkVJiErfSupQ,1
UC0RpuMwkDKJYqgKHtsJRuWQ,UCwUAv3_LpWVtTIi7lkmTL7A,1
UC0RpuMwkDKJYqgKHtsJRuWQ,UC5fvhAfm89JH8eDFdvc0xYw,1
UC0RpuMwkDKJYqgKHtsJRuWQ,UC_ljZ1hZXR9pzexFz87P5ZA,1
UC0RpuMwkDKJYqgKHtsJRuWQ,UCRcSR3Lvn9DZAmJpVPANfZQ,1
UC0RpuMwkDKJYqgKHtsJRuWQ,UCY7Hq7F9Lnucf-Yr6JkHZNw,1
UC0RpuMwkDKJYqgKHtsJRuWQ,UCIUhbSCy3-SGRe5UtqM4fzQ,1
UC0RpuMwkDKJYqgKHtsJRuWQ,UCSTAUWVc1_82DHYeqOsqEFA,1
UC0RpuMwkDKJYqgKHtsJRuWQ,UCGqKxQS-z3NZzZF-2w338AA,1
UC0RpuMwkDKJYqgKHtsJRuWQ,UCaT6M2zp7X6r6Whd8Vv3kHQ,1
UC0RpuMwkDKJYqgKHtsJRuWQ,UCtMBF_1O2jY2INlb_luuB_A,1
UC0RpuMwkDKJYqgKHtsJRuWQ,UCIp19h9igblA2YKfSLPDAug,1
UC0RpuMwkDKJYqgKHtsJRuWQ,UCyzf29IYjNw67gGIfsjgtxA,1
UC0RpuMwkDKJYqgKHtsJRuWQ,UCs_5qeqdku9tGAq22y3OcuQ,1
UC0RpuMwkDKJYqgKHtsJRuWQ,UCXmrpc6Li0spcKxtS0Q_ptg,1
UC0RpuMwkDKJYqgKHtsJRuWQ,UCgLurCo-e019HGODcjXHWCw,1
UC0RpuMwkDKJYqgKHtsJRuWQ,UCHMQ_lDhibZ-XZ_3fo6oxwg,1
UC0RpuMwkDKJYqgKHtsJRuWQ,UCxKR3RA8T-kxMgq_2WWhRcQ,1
UC0RpuMwkDKJYqgKHtsJRuWQ,UCgLrWFdYitoP-b7-PxtUr-w,1
UC0RpuMwkDKJYqgKHtsJRuWQ,UCqilIa8r7iek5sGYg_q6ofA,1
UC0RpuMwkDKJYqgKHtsJRuWQ,UCFOxCyF926Y9eHhMeVoWLzw,1
UC0RpuMwkDKJYqgKHtsJRuWQ,UCi-vPdnpQreC7BkFs40mJGA,1
UC0RpuMwkDKJYqgKHtsJRuWQ,UCRznz9-N3Qc1w-qNdLSIY2Q,1
UC-hfX8J5JPJ-dfuakzegMLA,UCSou6a2OuYGSvPjm5psquyA,1
UC-hfX8J5JPJ-dfuakzegMLA,UC2weSE8rpqkGMOp6StYtVfg,1
UC-hfX8J5JPJ-dfuakzegMLA,UCiGRBf2RNF0WRKhRVT7zFoA,1
UC-hfX8J5JPJ-dfuakzegMLA,UCpIdtvoFHVLGASGB5ySqIEA,1
UC-hfX8J5JPJ-dfuakzegMLA,UC8F2V63KZ4ZEay6opX2hAQw,1
UC-hfX8J5JPJ-dfuakzegMLA,UC3E9mAgP7VoAE5mZoAexl5g,1
UC-hfX8J5JPJ-dfuakzegMLA,UCErZPJpHmLCsXs8ZWkAUupQ,1
UC-hfX8J5JPJ-dfuakzegMLA,UCut6b9S98nv84cVX89PmKzA,1
UC-hfX8J5JPJ-dfuakzegMLA,UCXXh7yg5KUFIWylTiKVEFKQ,1
UC-hfX8J5JPJ-dfuakzegMLA,UCDPWkUX3sNNaCx-m1dV4glA,1
UC-hfX8J5JPJ-dfuakzegMLA,UC3qn1yJA5PeW9rkGPatQxiw,1
UC-hfX8J5JPJ-dfuakzegMLA,UCwW2OFy95P7ZBkOPxWkpvYg,1
UC-hfX8J5JPJ-dfuakzegMLA,UCNkcuy42zEwddwEcOd_HpnA,1
UC-hfX8J5JPJ-dfuakzegMLA,UCz3gu01bmjNv0DpRq-K3XYg,1
UC-hfX8J5JPJ-dfuakzegMLA,UCp4iw5_5SmV9VGTFSNVGOmQ,1
UC-hfX8J5JPJ-dfuakzegMLA,UCWIZUtKJ636y-4TYrNvok0g,1
UC-hfX8J5JPJ-dfuakzegMLA,UCvApqeCbLod-wejtT4CcVuA,1
UC-hfX8J5JPJ-dfuakzegMLA,UCgvw7xIdGFupzpt1Y_BFkEA,1
UC-hfX8J5JPJ-dfuakzegMLA,UCtUR3_CAiE7fCoZHM6cMfyQ,1
UC-hfX8J5JPJ-dfuakzegMLA,UC4wq3DcbfaG6dtCqn8Oyu3w,1
UC-hfX8J5JPJ-dfuakzegMLA,UCmvOgzmmXbjUthHy-WJ52hQ,1
UC-hfX8J5JPJ-dfuakzegMLA,UCtNfIBnc5S5DbbQj_yxgJTw,1
UC-hfX8J5JPJ-dfuakzegMLA,UCmjppp6ujz3SAnULvP3sZMw,1
UC-hfX8J5JPJ-dfuakzegMLA,UCYwpX26TrCxq8TvbKGRYLXA,1
UC-hfX8J5JPJ-dfuakzegMLA,UCL13XhnRzbGokEkCkEOb0-g,1
UC-hfX8J5JPJ-dfuakzegMLA,UChZknRmJkeGeQk0-mQuhDOg,1
UC-hfX8J5JPJ-dfuakzegMLA,UCThW2XNsAaBKme5PUt7n-Zg,1
UC-hfX8J5JPJ-dfuakzegMLA,UC5bG9nc_JV3FsNP2KseQiYw,1
UC-hfX8J5JPJ-dfuakzegMLA,UCL1MT278vSaQ83ZDkVWn1gw,1
UC-hfX8J5JPJ-dfuakzegMLA,UCh5ESQvtzyHDhCA7XyekCFA,1
UC-hfX8J5JPJ-dfuakzegMLA,UCDftMWXQoJ6nONfY7GVOVjg,1
UC-hfX8J5JPJ-dfuakzegMLA,UC8r11yOugM2NuRfitQOxLLg,1
UC-hfX8J5JPJ-dfuakzegMLA,UCzSfZlOVxBSs5ObD25ywxDQ,1
UC-hfX8J5JPJ-dfuakzegMLA,UC8G5cJONY8L9voMyBW8Eoug,1
UC-hfX8J5JPJ-dfuakzegMLA,UCsJJAvrVGupdmhOqgtDp8dg,1
UC-hfX8J5JPJ-dfuakzegMLA,UCEgEQmRbtL5fwr9_DqAC--g,1
UC-hfX8J5JPJ-dfuakzegMLA,UCcfdg8crmMJwEuLUsAhV7yg,1
UC-hfX8J5JPJ-dfuakzegMLA,UCljDbleJul41G1TzOjOZAVA,1
UC-hfX8J5JPJ-dfuakzegMLA,UCQgYjVngJRfPHDLGB5X6ZjA,1
UC-hfX8J5JPJ-dfuakzegMLA,UCAmtbUiIrUIhikru0ZoTFig,1
UC-hfX8J5JPJ-dfuakzegMLA,UCB5p8a5gklc80jJItP6xTHg,1
UC-hfX8J5JPJ-dfuakzegMLA,UC4cXueR2bKGFJV0Fk76gwmA,1
UC-hfX8J5JPJ-dfuakzegMLA,UCrJn_rbo_ENAdeqneS-RmRw,1
UC-hfX8J5JPJ-dfuakzegMLA,UCiMythXHsw7eQEMykCdmMUA,1
UC-hfX8J5JPJ-dfuakzegMLA,UChs3tU2BcKOT0CezykvAsGw,1
UC-hfX8J5JPJ-dfuakzegMLA,UCUIIIPTVDVHAXqhC_5V6lPA,1
UC-hfX8J5JPJ-dfuakzegMLA,UCRETAiYdh2dL5ZxB0_N1zDA,1
UC-hfX8J5JPJ-dfuakzegMLA,UCRlCV9zSn7avAWh-9_XFWqQ,1
UC-hfX8J5JPJ-dfuakzegMLA,UCDQaQv0hr2SS_PO-CMEwVHg,1
UC-hfX8J5JPJ-dfuakzegMLA,UCDlr1VadSucIZgZ171pRBjQ,1
UC-hfX8J5JPJ-dfuakzegMLA,UC7VUuJr9cGh845CmTvf7TlQ,1
UC-hfX8J5JPJ-dfuakzegMLA,UCA93ym2TXs_Ibyxb4Vcn-6Q,1
UC-hfX8J5JPJ-dfuakzegMLA,UCXgr7vXlRrsaskPdo097kGA,1
UC-hfX8J5JPJ-dfuakzegMLA,UCjSKM9j0Q7HLDr1hD6D-TUw,1
UC-hfX8J5JPJ-dfuakzegMLA,UCj-LL25XJnjxepPKCc3NGog,1
UC-hfX8J5JPJ-dfuakzegMLA,UChgkn5Jt5tWKYMoEOuCjz3Q,1
UC-hfX8J5JPJ-dfuakzegMLA,UCLggDc_a5HriXv7I1h02sOA,1
UC-hfX8J5JPJ-dfuakzegMLA,UC3NMzdMYryaw82kPTnsaljg,1
UC-hfX8J5JPJ-dfuakzegMLA,UCFUuDARXdmmIrLppEqf-rFg,1
UC-hfX8J5JPJ-dfuakzegMLA,UCylqlpsh8ENNM1LqgQ1KbxA,1
UC-hfX8J5JPJ-dfuakzegMLA,UCCaYwkkbQGcvFoUmothVdQQ,1
UC-hfX8J5JPJ-dfuakzegMLA,UCySYJU5kUh7X8gVt9la2ISA,1
UC-hfX8J5JPJ-dfuakzegMLA,UC9vMq1YF-e7C-VO0SHkbUTA,1
UC-hfX8J5JPJ-dfuakzegMLA,UCr1emrogPKkKTs_WTtx71xg,1
UC-hfX8J5JPJ-dfuakzegMLA,UCV0iizTBoOfdAFX_thfI9BA,1
UC-hfX8J5JPJ-dfuakzegMLA,UCTylKrsqkrBKIqubMu_5N0Q,1
UC-hfX8J5JPJ-dfuakzegMLA,UC5H8ASmMC9WrURmzeB4ySog,1
UC-hfX8J5JPJ-dfuakzegMLA,UCDUffaruH6dyUnUGwsTKpgg,1
UC-hfX8J5JPJ-dfuakzegMLA,UCl0ekS9Tt0jJGtOEM18S63w,1
UC-hfX8J5JPJ-dfuakzegMLA,UCN6qbfPSzFtjhqUDZ3Cv3CQ,1
UC-hfX8J5JPJ-dfuakzegMLA,UC2Y_EHWQKevubk4vOEBBFxw,1
UC-hfX8J5JPJ-dfuakzegMLA,UCplrIQtaPj6au60_f2-mOYw,1
UC-hfX8J5JPJ-dfuakzegMLA,UCLFdHr9BEbXHkoJopbEPLZw,1
UC-hfX8J5JPJ-dfuakzegMLA,UCipetjeiWj4CZB6EbyYziZg,1
UC-hfX8J5JPJ-dfuakzegMLA,UCXSkL3ejZ8qWYyF_M7s_QKA,1
UC-hfX8J5JPJ-dfuakzegMLA,UCueV9cTyTDwgQSec1x2dYgA,1
UC-hfX8J5JPJ-dfuakzegMLA,UC6YSZqL0vEcI-niPKIMUGfw,1
UC-hfX8J5JPJ-dfuakzegMLA,UCFjudnPLoaSL1BaRuLahyHg,1
UC-hfX8J5JPJ-dfuakzegMLA,UCFxE8GbokBrBsPEKM1xrOjQ,1
UC-hfX8J5JPJ-dfuakzegMLA,UCDIMztpVm7G27qBuiWuT6oQ,1
UC-hfX8J5JPJ-dfuakzegMLA,UC-jS_kA9w-OmpupXDx156Rg,1
UC-hfX8J5JPJ-dfuakzegMLA,UCsjs5Hp_r86x1xbK6FAeqaA,1
UC-hfX8J5JPJ-dfuakzegMLA,UCQqetiwzzmRNTM5OWuXarGQ,1
UC-hfX8J5JPJ-dfuakzegMLA,UCQtSFINs1h6GHkpg9o5kMvg,1
UC-hfX8J5JPJ-dfuakzegMLA,UCsUCN0Yq_UyTvKjOJLmNrnQ,1
UC-hfX8J5JPJ-dfuakzegMLA,UCAlzM_N6xBlMYmM8EBzX86Q,1
UC-hfX8J5JPJ-dfuakzegMLA,UCOS8ViEkccrTZx2w2ccxotA,1
UC-hfX8J5JPJ-dfuakzegMLA,UCfM3nrxtTQMY5jFx1v1J4Gg,1
UC-hfX8J5JPJ-dfuakzegMLA,UCFhxtoeARHPnXXPcDrOU3Xg,1
UC-hfX8J5JPJ-dfuakzegMLA,UCNBnKqWf4d-rS4HwJRQljmQ,1
UC-hfX8J5JPJ-dfuakzegMLA,UC3XTwHxygNCgjndsg-UiCQA,1
UC-hfX8J5JPJ-dfuakzegMLA,UC650pRT-OYzny3GwOH8Cgfw,1
UC-hfX8J5JPJ-dfuakzegMLA,UC6PvO1_k5lHKGdAPo5_C6TA,1
UC-hfX8J5JPJ-dfuakzegMLA,UCxff05WuyvwELNITi7bj7UA,1
UC-hfX8J5JPJ-dfuakzegMLA,UC-pNP6RMFuLg_-x7Ah_0kEA,1
UC-hfX8J5JPJ-dfuakzegMLA,UCGzXwyCzMzGmjmCbH3Hg01Q,1
UC-hfX8J5JPJ-dfuakzegMLA,UCQtICyzWmhC5woCtbNgaSmg,1
UC-hfX8J5JPJ-dfuakzegMLA,UCTD6q1nyIe3Y7HhqjaMj72w,1
UC-hfX8J5JPJ-dfuakzegMLA,UCpsKOkt5iWTbenzeuq7dsmQ,1
UC-hfX8J5JPJ-dfuakzegMLA,UCHTGCgY2l-DQJIvlA_cpa_Q,1
UC-hfX8J5JPJ-dfuakzegMLA,UCi1b_TRQfgO1Z9O2gNGGWNA,1
UC-hfX8J5JPJ-dfuakzegMLA,UCZLG9qH0tUjNhEGFIUt0CYw,1
UC-hfX8J5JPJ-dfuakzegMLA,UCzoL2l5H5eVlorWGH8AZfAg,1
UC-hfX8J5JPJ-dfuakzegMLA,UCKDR0f2fu2UzWL8mBv5-BHw,1
UC-hfX8J5JPJ-dfuakzegMLA,UCjmPuazZJzscrwvk0QR9RVw,1
UC-hfX8J5JPJ-dfuakzegMLA,UCwha8rxULYMVtNwZWeSkE1A,1
UC-hfX8J5JPJ-dfuakzegMLA,UCQ_-LPP8JAbfkc-b1Q6NvWw,1
UC-hfX8J5JPJ-dfuakzegMLA,UCHhHUjaMAZ8SiXdCUCj9DkQ,1
UC-hfX8J5JPJ-dfuakzegMLA,UCRelkU8JiZBytTzebJxaa-w,1
UC-hfX8J5JPJ-dfuakzegMLA,UC72gBAtyb_VXQlYDcFrh6oQ,1
UC-hfX8J5JPJ-dfuakzegMLA,UC3MYTqpQqlWBuCB7Th0e0PA,1
UC-hfX8J5JPJ-dfuakzegMLA,UCZ51R_9Q9C0c8I3pAWhtmjQ,1
UC-hfX8J5JPJ-dfuakzegMLA,UCujPF2nBgsTD62nWE3lcpIg,1
UC-hfX8J5JPJ-dfuakzegMLA,UC9xr9QvIcDvoZNUX5f-jaZw,1
UC-hfX8J5JPJ-dfuakzegMLA,UCpl8rF8uv_8uui-QRvuJaRA,1
UC-hfX8J5JPJ-dfuakzegMLA,UCYN4wSQ1Sx4_LurxLlW7MPg,1
UC-hfX8J5JPJ-dfuakzegMLA,UC1vr9aaMI2crB0NvwFHUeoQ,1
UC-hfX8J5JPJ-dfuakzegMLA,UCOh6DaZC_x9HASnlRylEMfw,1
UC-hfX8J5JPJ-dfuakzegMLA,UCTP3O0rMnc8z8v8jaDQwL0w,1
UC-hfX8J5JPJ-dfuakzegMLA,UChep9kVb5gQmpodEEl10Xlg,1
UC-hfX8J5JPJ-dfuakzegMLA,UCFoIAE8k82D6AV-8gjjKaNg,1
UC-hfX8J5JPJ-dfuakzegMLA,UCOLGv5Pf6BF2wFcwUzgcvHg,1
UC3qn1yJA5PeW9rkGPatQxiw,UCSou6a2OuYGSvPjm5psquyA,1
UC3qn1yJA5PeW9rkGPatQxiw,UC2weSE8rpqkGMOp6StYtVfg,1
UC3qn1yJA5PeW9rkGPatQxiw,UCiGRBf2RNF0WRKhRVT7zFoA,1
UC3qn1yJA5PeW9rkGPatQxiw,UCpIdtvoFHVLGASGB5ySqIEA,1
UC3qn1yJA5PeW9rkGPatQxiw,UC8F2V63KZ4ZEay6opX2hAQw,1
UC3qn1yJA5PeW9rkGPatQxiw,UC3E9mAgP7VoAE5mZoAexl5g,1
UC3qn1yJA5PeW9rkGPatQxiw,UCErZPJpHmLCsXs8ZWkAUupQ,1
UC3qn1yJA5PeW9rkGPatQxiw,UCut6b9S98nv84cVX89PmKzA,1
UC3qn1yJA5PeW9rkGPatQxiw,UCXXh7yg5KUFIWylTiKVEFKQ,1
UC3qn1yJA5PeW9rkGPatQxiw,UCDPWkUX3sNNaCx-m1dV4glA,1
UC3qn1yJA5PeW9rkGPatQxiw,UCwW2OFy95P7ZBkOPxWkpvYg,1
UC3qn1yJA5PeW9rkGPatQxiw,UCNkcuy42zEwddwEcOd_HpnA,1
UC3qn1yJA5PeW9rkGPatQxiw,UCz3gu01bmjNv0DpRq-K3XYg,1
UC3qn1yJA5PeW9rkGPatQxiw,UCp4iw5_5SmV9VGTFSNVGOmQ,1
UC3qn1yJA5PeW9rkGPatQxiw,UCWIZUtKJ636y-4TYrNvok0g,1
UC3qn1yJA5PeW9rkGPatQxiw,UCvApqeCbLod-wejtT4CcVuA,1
UC3qn1yJA5PeW9rkGPatQxiw,UCgvw7xIdGFupzpt1Y_BFkEA,1
UC3qn1yJA5PeW9rkGPatQxiw,UCtUR3_CAiE7fCoZHM6cMfyQ,1
UC3qn1yJA5PeW9rkGPatQxiw,UC4wq3DcbfaG6dtCqn8Oyu3w,1
UC3qn1yJA5PeW9rkGPatQxiw,UCmvOgzmmXbjUthHy-WJ52hQ,1
UC3qn1yJA5PeW9rkGPatQxiw,UCtNfIBnc5S5DbbQj_yxgJTw,1
UC3qn1yJA5PeW9rkGPatQxiw,UCmjppp6ujz3SAnULvP3sZMw,1
UC3qn1yJA5PeW9rkGPatQxiw,UCYwpX26TrCxq8TvbKGRYLXA,1
UC3qn1yJA5PeW9rkGPatQxiw,UCL13XhnRzbGokEkCkEOb0-g,1
UC3qn1yJA5PeW9rkGPatQxiw,UChZknRmJkeGeQk0-mQuhDOg,1
UC3qn1yJA5PeW9rkGPatQxiw,UCThW2XNsAaBKme5PUt7n-Zg,1
UC3qn1yJA5PeW9rkGPatQxiw,UC5bG9nc_JV3FsNP2KseQiYw,1
UC3qn1yJA5PeW9rkGPatQxiw,UCL1MT278vSaQ83ZDkVWn1gw,1
UC3qn1yJA5PeW9rkGPatQxiw,UCh5ESQvtzyHDhCA7XyekCFA,1
UC3qn1yJA5PeW9rkGPatQxiw,UCDftMWXQoJ6nONfY7GVOVjg,1
UC3qn1yJA5PeW9rkGPatQxiw,UC8r11yOugM2NuRfitQOxLLg,1
UC3qn1yJA5PeW9rkGPatQxiw,UCzSfZlOVxBSs5ObD25ywxDQ,1
UC3qn1yJA5PeW9rkGPatQxiw,UC8G5cJONY8L9voMyBW8Eoug,1
UC3qn1yJA5PeW9rkGPatQxiw,UCsJJAvrVGupdmhOqgtDp8dg,1
UC3qn1yJA5PeW9rkGPatQxiw,UCEgEQmRbtL5fwr9_DqAC--g,1
UC3qn1yJA5PeW9rkGPatQxiw,UCcfdg8crmMJwEuLUsAhV7yg,1
UC3qn1yJA5PeW9rkGPatQxiw,UCljDbleJul41G1TzOjOZAVA,1
UC3qn1yJA5PeW9rkGPatQxiw,UCQgYjVngJRfPHDLGB5X6ZjA,1
UC3qn1yJA5PeW9rkGPatQxiw,UCAmtbUiIrUIhikru0ZoTFig,1
UC3qn1yJA5PeW9rkGPatQxiw,UCB5p8a5gklc80jJItP6xTHg,1
UC3qn1yJA5PeW9rkGPatQxiw,UC4cXueR2bKGFJV0Fk76gwmA,1
UC3qn1yJA5PeW9rkGPatQxiw,UCrJn_rbo_ENAdeqneS-RmRw,1
UC3qn1yJA5PeW9rkGPatQxiw,UCiMythXHsw7eQEMykCdmMUA,1
UC3qn1yJA5PeW9rkGPatQxiw,UChs3tU2BcKOT0CezykvAsGw,1
UC3qn1yJA5PeW9rkGPatQxiw,UCUIIIPTVDVHAXqhC_5V6lPA,1
UC3qn1yJA5PeW9rkGPatQxiw,UCRETAiYdh2dL5ZxB0_N1zDA,1
UC3qn1yJA5PeW9rkGPatQxiw,UCRlCV9zSn7avAWh-9_XFWqQ,1
UC3qn1yJA5PeW9rkGPatQxiw,UCDQaQv0hr2SS_PO-CMEwVHg,1
UC3qn1yJA5PeW9rkGPatQxiw,UCDlr1VadSucIZgZ171pRBjQ,1
UC3qn1yJA5PeW9rkGPatQxiw,UC7VUuJr9cGh845CmTvf7TlQ,1
UC3qn1yJA5PeW9rkGPatQxiw,UCA93ym2TXs_Ibyxb4Vcn-6Q,1
UC3qn1yJA5PeW9rkGPatQxiw,UCXgr7vXlRrsaskPdo097kGA,1
UC3qn1yJA5PeW9rkGPatQxiw,UCjSKM9j0Q7HLDr1hD6D-TUw,1
UC3qn1yJA5PeW9rkGPatQxiw,UCj-LL25XJnjxepPKCc3NGog,1
UC3qn1yJA5PeW9rkGPatQxiw,UChgkn5Jt5tWKYMoEOuCjz3Q,1
UC3qn1yJA5PeW9rkGPatQxiw,UCLggDc_a5HriXv7I1h02sOA,1
UC3qn1yJA5PeW9rkGPatQxiw,UC3NMzdMYryaw82kPTnsaljg,1
UC3qn1yJA5PeW9rkGPatQxiw,UCFUuDARXdmmIrLppEqf-rFg,1
UC3qn1yJA5PeW9rkGPatQxiw,UCylqlpsh8ENNM1LqgQ1KbxA,1
UC3qn1yJA5PeW9rkGPatQxiw,UCCaYwkkbQGcvFoUmothVdQQ,1
UC3qn1yJA5PeW9rkGPatQxiw,UCySYJU5kUh7X8gVt9la2ISA,1
UC3qn1yJA5PeW9rkGPatQxiw,UC9vMq1YF-e7C-VO0SHkbUTA,1
UC3qn1yJA5PeW9rkGPatQxiw,UCr1emrogPKkKTs_WTtx71xg,1
UC3qn1yJA5PeW9rkGPatQxiw,UCV0iizTBoOfdAFX_thfI9BA,1
UC3qn1yJA5PeW9rkGPatQxiw,UCTylKrsqkrBKIqubMu_5N0Q,1
UC3qn1yJA5PeW9rkGPatQxiw,UC5H8ASmMC9WrURmzeB4ySog,1
UC3qn1yJA5PeW9rkGPatQxiw,UCDUffaruH6dyUnUGwsTKpgg,1
UC3qn1yJA5PeW9rkGPatQxiw,UCl0ekS9Tt0jJGtOEM18S63w,1
UC3qn1yJA5PeW9rkGPatQxiw,UCN6qbfPSzFtjhqUDZ3Cv3CQ,1
UC3qn1yJA5PeW9rkGPatQxiw,UC2Y_EHWQKevubk4vOEBBFxw,1
UC3qn1yJA5PeW9rkGPatQxiw,UCplrIQtaPj6au60_f2-mOYw,1
UC3qn1yJA5PeW9rkGPatQxiw,UCLFdHr9BEbXHkoJopbEPLZw,1
UC3qn1yJA5PeW9rkGPatQxiw,UCipetjeiWj4CZB6EbyYziZg,1
UC3qn1yJA5PeW9rkGPatQxiw,UCXSkL3ejZ8qWYyF_M7s_QKA,1
UC3qn1yJA5PeW9rkGPatQxiw,UCueV9cTyTDwgQSec1x2dYgA,1
UC3qn1yJA5PeW9rkGPatQxiw,UC6YSZqL0vEcI-niPKIMUGfw,1
UC3qn1yJA5PeW9rkGPatQxiw,UCFjudnPLoaSL1BaRuLahyHg,1
UC3qn1yJA5PeW9rkGPatQxiw,UCFxE8GbokBrBsPEKM1xrOjQ,1
UC3qn1yJA5PeW9rkGPatQxiw,UCDIMztpVm7G27qBuiWuT6oQ,1
UC3qn1yJA5PeW9rkGPatQxiw,UC-jS_kA9w-OmpupXDx156Rg,1
UC3qn1yJA5PeW9rkGPatQxiw,UCsjs5Hp_r86x1xbK6FAeqaA,1
UC3qn1yJA5PeW9rkGPatQxiw,UCQqetiwzzmRNTM5OWuXarGQ,1
UC3qn1yJA5PeW9rkGPatQxiw,UCQtSFINs1h6GHkpg9o5kMvg,1
UC3qn1yJA5PeW9rkGPatQxiw,UCsUCN0Yq_UyTvKjOJLmNrnQ,1
UC3qn1yJA5PeW9rkGPatQxiw,UCAlzM_N6xBlMYmM8EBzX86Q,1
UC3qn1yJA5PeW9rkGPatQxiw,UCOS8ViEkccrTZx2w2ccxotA,1
UC3qn1yJA5PeW9rkGPatQxiw,UCfM3nrxtTQMY5jFx1v1J4Gg,1
UC3qn1yJA5PeW9rkGPatQxiw,UCFhxtoeARHPnXXPcDrOU3Xg,1
UC3qn1yJA5PeW9rkGPatQxiw,UCNBnKqWf4d-rS4HwJRQljmQ,1
UC3qn1yJA5PeW9rkGPatQxiw,UC3XTwHxygNCgjndsg-UiCQA,1
UC3qn1yJA5PeW9rkGPatQxiw,UC650pRT-OYzny3GwOH8Cgfw,1
UC3qn1yJA5PeW9rkGPatQxiw,UC6PvO1_k5lHKGdAPo5_C6TA,1
UC3qn1yJA5PeW9rkGPatQxiw,UCxff05WuyvwELNITi7bj7UA,1
UC3qn1yJA5PeW9rkGPatQxiw,UC-pNP6RMFuLg_-x7Ah_0kEA,1
UC3qn1yJA5PeW9rkGPatQxiw,UCGzXwyCzMzGmjmCbH3Hg01Q,1
UC3qn1yJA5PeW9rkGPatQxiw,UCQtICyzWmhC5woCtbNgaSmg,1
UC3qn1yJA5PeW9rkGPatQxiw,UCTD6q1nyIe3Y7HhqjaMj72w,1
UC3qn1yJA5PeW9rkGPatQxiw,UCpsKOkt5iWTbenzeuq7dsmQ,1
UC3qn1yJA5PeW9rkGPatQxiw,UCHTGCgY2l-DQJIvlA_cpa_Q,1
UC3qn1yJA5PeW9rkGPatQxiw,UCi1b_TRQfgO1Z9O2gNGGWNA,1
UC3qn1yJA5PeW9rkGPatQxiw,UCZLG9qH0tUjNhEGFIUt0CYw,1
UC3qn1yJA5PeW9rkGPatQxiw,UCzoL2l5H5eVlorWGH8AZfAg,1
UC3qn1yJA5PeW9rkGPatQxiw,UCKDR0f2fu2UzWL8mBv5-BHw,1
UC3qn1yJA5PeW9rkGPatQxiw,UCjmPuazZJzscrwvk0QR9RVw,1
UC3qn1yJA5PeW9rkGPatQxiw,UCwha8rxULYMVtNwZWeSkE1A,1
UC3qn1yJA5PeW9rkGPatQxiw,UCQ_-LPP8JAbfkc-b1Q6NvWw,1
UC3qn1yJA5PeW9rkGPatQxiw,UCHhHUjaMAZ8SiXdCUCj9DkQ,1
UC3qn1yJA5PeW9rkGPatQxiw,UCRelkU8JiZBytTzebJxaa-w,1
UC3qn1yJA5PeW9rkGPatQxiw,UC72gBAtyb_VXQlYDcFrh6oQ,1
UC3qn1yJA5PeW9rkGPatQxiw,UC3MYTqpQqlWBuCB7Th0e0PA,1
UC3qn1yJA5PeW9rkGPatQxiw,UCZ51R_9Q9C0c8I3pAWhtmjQ,1
UC3qn1yJA5PeW9rkGPatQxiw,UCujPF2nBgsTD62nWE3lcpIg,1
UC3qn1yJA5PeW9rkGPatQxiw,UC9xr9QvIcDvoZNUX5f-jaZw,1
UC3qn1yJA5PeW9rkGPatQxiw,UCpl8rF8uv_8uui-QRvuJaRA,1
UC3qn1yJA5PeW9rkGPatQxiw,UCYN4wSQ1Sx4_LurxLlW7MPg,1
UC3qn1yJA5PeW9rkGPatQxiw,UC1vr9aaMI2crB0NvwFHUeoQ,1
UC3qn1yJA5PeW9rkGPatQxiw,UCOh6DaZC_x9HASnlRylEMfw,1
UC3qn1yJA5PeW9rkGPatQxiw,UCTP3O0rMnc8z8v8jaDQwL0w,1
UC3qn1yJA5PeW9rkGPatQxiw,UChep9kVb5gQmpodEEl10Xlg,1
UC3qn1yJA5PeW9rkGPatQxiw,UCFoIAE8k82D6AV-8gjjKaNg,1
UC3qn1yJA5PeW9rkGPatQxiw,UCOLGv5Pf6BF2wFcwUzgcvHg,1
UCwW2OFy95P7ZBkOPxWkpvYg,UCSou6a2OuYGSvPjm5psquyA,1
UCwW2OFy95P7ZBkOPxWkpvYg,UC2weSE8rpqkGMOp6StYtVfg,1
UCwW2OFy95P7ZBkOPxWkpvYg,UCiGRBf2RNF0WRKhRVT7zFoA,1
UCwW2OFy95P7ZBkOPxWkpvYg,UCpIdtvoFHVLGASGB5ySqIEA,1
UCwW2OFy95P7ZBkOPxWkpvYg,UC8F2V63KZ4ZEay6opX2hAQw,1
UCwW2OFy95P7ZBkOPxWkpvYg,UC3E9mAgP7VoAE5mZoAexl5g,1
UCwW2OFy95P7ZBkOPxWkpvYg,UCErZPJpHmLCsXs8ZWkAUupQ,1
UCwW2OFy95P7ZBkOPxWkpvYg,UCut6b9S98nv84cVX89PmKzA,1
UCwW2OFy95P7ZBkOPxWkpvYg,UCXXh7yg5KUFIWylTiKVEFKQ,1
UCwW2OFy95P7ZBkOPxWkpvYg,UCDPWkUX3sNNaCx-m1dV4glA,1
UCwW2OFy95P7ZBkOPxWkpvYg,UCNkcuy42zEwddwEcOd_HpnA,1
UCwW2OFy95P7ZBkOPxWkpvYg,UCz3gu01bmjNv0DpRq-K3XYg,1
UCwW2OFy95P7ZBkOPxWkpvYg,UCp4iw5_5SmV9VGTFSNVGOmQ,1
UCwW2OFy95P7ZBkOPxWkpvYg,UCWIZUtKJ636y-4TYrNvok0g,1
UCwW2OFy95P7ZBkOPxWkpvYg,UCvApqeCbLod-wejtT4CcVuA,1
UCwW2OFy95P7ZBkOPxWkpvYg,UCgvw7xIdGFupzpt1Y_BFkEA,1
UCwW2OFy95P7ZBkOPxWkpvYg,UCtUR3_CAiE7fCoZHM6cMfyQ,1
UCwW2OFy95P7ZBkOPxWkpvYg,UC4wq3DcbfaG6dtCqn8Oyu3w,1
UCwW2OFy95P7ZBkOPxWkpvYg,UCmvOgzmmXbjUthHy-WJ52hQ,1
UCwW2OFy95P7ZBkOPxWkpvYg,UCtNfIBnc5S5DbbQj_yxgJTw,1
UCwW2OFy95P7ZBkOPxWkpvYg,UCmjppp6ujz3SAnULvP3sZMw,1
UCwW2OFy95P7ZBkOPxWkpvYg,UCYwpX26TrCxq8TvbKGRYLXA,1
UCwW2OFy95P7ZBkOPxWkpvYg,UCL13XhnRzbGokEkCkEOb0-g,1
UCwW2OFy95P7ZBkOPxWkpvYg,UChZknRmJkeGeQk0-mQuhDOg,1
UCwW2OFy95P7ZBkOPxWkpvYg,UCThW2XNsAaBKme5PUt7n-Zg,1
UCwW2OFy95P7ZBkOPxWkpvYg,UC5bG9nc_JV3FsNP2KseQiYw,1
UCwW2OFy95P7ZBkOPxWkpvYg,UCL1MT278vSaQ83ZDkVWn1gw,1
UCwW2OFy95P7ZBkOPxWkpvYg,UCh5ESQvtzyHDhCA7XyekCFA,1
UCwW2OFy95P7ZBkOPxWkpvYg,UCDftMWXQoJ6nONfY7GVOVjg,1
UCwW2OFy95P7ZBkOPxWkpvYg,UC8r11yOugM2NuRfitQOxLLg,1
UCwW2OFy95P7ZBkOPxWkpvYg,UCzSfZlOVxBSs5ObD25ywxDQ,1
UCwW2OFy95P7ZBkOPxWkpvYg,UC8G5cJONY8L9voMyBW8Eoug,1
UCwW2OFy95P7ZBkOPxWkpvYg,UCsJJAvrVGupdmhOqgtDp8dg,1
UCwW2OFy95P7ZBkOPxWkpvYg,UCEgEQmRbtL5fwr9_DqAC--g,1
UCwW2OFy95P7ZBkOPxWkpvYg,UCcfdg8crmMJwEuLUsAhV7yg,1
UCwW2OFy95P7ZBkOPxWkpvYg,UCljDbleJul41G1TzOjOZAVA,1
UCwW2OFy95P7ZBkOPxWkpvYg,UCQgYjVngJRfPHDLGB5X6ZjA,1
UCwW2OFy95P7ZBkOPxWkpvYg,UCAmtbUiIrUIhikru0ZoTFig,1
UCwW2OFy95P7ZBkOPxWkpvYg,UCB5p8a5gklc80jJItP6xTHg,1
UCwW2OFy95P7ZBkOPxWkpvYg,UC4cXueR2bKGFJV0Fk76gwmA,1
UCwW2OFy95P7ZBkOPxWkpvYg,UCrJn_rbo_ENAdeqneS-RmRw,1
UCwW2OFy95P7ZBkOPxWkpvYg,UCiMythXHsw7eQEMykCdmMUA,1
UCwW2OFy95P7ZBkOPxWkpvYg,UChs3tU2BcKOT0CezykvAsGw,1
UCwW2OFy95P7ZBkOPxWkpvYg,UCUIIIPTVDVHAXqhC_5V6lPA,1
UCwW2OFy95P7ZBkOPxWkpvYg,UCRETAiYdh2dL5ZxB0_N1zDA,1
UCwW2OFy95P7ZBkOPxWkpvYg,UCRlCV9zSn7avAWh-9_XFWqQ,1
UCwW2OFy95P7ZBkOPxWkpvYg,UCDQaQv0hr2SS_PO-CMEwVHg,1
UCwW2OFy95P7ZBkOPxWkpvYg,UCDlr1VadSucIZgZ171pRBjQ,1
UCwW2OFy95P7ZBkOPxWkpvYg,UC7VUuJr9cGh845CmTvf7TlQ,1
UCwW2OFy95P7ZBkOPxWkpvYg,UCA93ym2TXs_Ibyxb4Vcn-6Q,1
UCwW2OFy95P7ZBkOPxWkpvYg,UCXgr7vXlRrsaskPdo097kGA,1
UCwW2OFy95P7ZBkOPxWkpvYg,UCjSKM9j0Q7HLDr1hD6D-TUw,1
UCwW2OFy95P7ZBkOPxWkpvYg,UCj-LL25XJnjxepPKCc3NGog,1
UCwW2OFy95P7ZBkOPxWkpvYg,UChgkn5Jt5tWKYMoEOuCjz3Q,1
UCwW2OFy95P7ZBkOPxWkpvYg,UCLggDc_a5HriXv7I1h02sOA,1
UCwW2OFy95P7ZBkOPxWkpvYg,UC3NMzdMYryaw82kPTnsaljg,1
UCwW2OFy95P7ZBkOPxWkpvYg,UCFUuDARXdmmIrLppEqf-rFg,1
UCwW2OFy95P7ZBkOPxWkpvYg,UCylqlpsh8ENNM1LqgQ1KbxA,1
UCwW2OFy95P7ZBkOPxWkpvYg,UCCaYwkkbQGcvFoUmothVdQQ,1
UCwW2OFy95P7ZBkOPxWkpvYg,UCySYJU5kUh7X8gVt9la2ISA,1
UCwW2OFy95P7ZBkOPxWkpvYg,UC9vMq1YF-e7C-VO0SHkbUTA,1
UCwW2OFy95P7ZBkOPxWkpvYg,UCr1emrogPKkKTs_WTtx71xg,1
UCwW2OFy95P7ZBkOPxWkpvYg,UCV0iizTBoOfdAFX_thfI9BA,1
UCwW2OFy95P7ZBkOPxWkpvYg,UCTylKrsqkrBKIqubMu_5N0Q,1
UCwW2OFy95P7ZBkOPxWkpvYg,UC5H8ASmMC9WrURmzeB4ySog,1
UCwW2OFy95P7ZBkOPxWkpvYg,UCDUffaruH6dyUnUGwsTKpgg,1
UCwW2OFy95P7ZBkOPxWkpvYg,UCl0ekS9Tt0jJGtOEM18S63w,1
UCwW2OFy95P7ZBkOPxWkpvYg,UCN6qbfPSzFtjhqUDZ3Cv3CQ,1
UCwW2OFy95P7ZBkOPxWkpvYg,UC2Y_EHWQKevubk4vOEBBFxw,1
UCwW2OFy95P7ZBkOPxWkpvYg,UCplrIQtaPj6au60_f2-mOYw,1
UCwW2OFy95P7ZBkOPxWkpvYg,UCLFdHr9BEbXHkoJopbEPLZw,1
UCwW2OFy95P7ZBkOPxWkpvYg,UCipetjeiWj4CZB6EbyYziZg,1
UCwW2OFy95P7ZBkOPxWkpvYg,UCXSkL3ejZ8qWYyF_M7s_QKA,1
UCwW2OFy95P7ZBkOPxWkpvYg,UCueV9cTyTDwgQSec1x2dYgA,1
UCwW2OFy95P7ZBkOPxWkpvYg,UC6YSZqL0vEcI-niPKIMUGfw,1
UCwW2OFy95P7ZBkOPxWkpvYg,UCFjudnPLoaSL1BaRuLahyHg,1
UCwW2OFy95P7ZBkOPxWkpvYg,UCFxE8GbokBrBsPEKM1xrOjQ,1
UCwW2OFy95P7ZBkOPxWkpvYg,UCDIMztpVm7G27qBuiWuT6oQ,1
UCwW2OFy95P7ZBkOPxWkpvYg,UC-jS_kA9w-OmpupXDx156Rg,1
UCwW2OFy95P7ZBkOPxWkpvYg,UCsjs5Hp_r86x1xbK6FAeqaA,1
UCwW2OFy95P7ZBkOPxWkpvYg,UCQqetiwzzmRNTM5OWuXarGQ,1
UCwW2OFy95P7ZBkOPxWkpvYg,UCQtSFINs1h6GHkpg9o5kMvg,1
UCwW2OFy95P7ZBkOPxWkpvYg,UCsUCN0Yq_UyTvKjOJLmNrnQ,1
UCwW2OFy95P7ZBkOPxWkpvYg,UCAlzM_N6xBlMYmM8EBzX86Q,1
UCwW2OFy95P7ZBkOPxWkpvYg,UCOS8ViEkccrTZx2w2ccxotA,1
UCwW2OFy95P7ZBkOPxWkpvYg,UCfM3nrxtTQMY5jFx1v1J4Gg,1
UCwW2OFy95P7ZBkOPxWkpvYg,UCFhxtoeARHPnXXPcDrOU3Xg,1
UCwW2OFy95P7ZBkOPxWkpvYg,UCNBnKqWf4d-rS4HwJRQljmQ,1
UCwW2OFy95P7ZBkOPxWkpvYg,UC3XTwHxygNCgjndsg-UiCQA,1
UCwW2OFy95P7ZBkOPxWkpvYg,UC650pRT-OYzny3GwOH8Cgfw,1
UCwW2OFy95P7ZBkOPxWkpvYg,UC6PvO1_k5lHKGdAPo5_C6TA,1
UCwW2OFy95P7ZBkOPxWkpvYg,UCxff05WuyvwELNITi7bj7UA,1
UCwW2OFy95P7ZBkOPxWkpvYg,UC-pNP6RMFuLg_-x7Ah_0kEA,1
UCwW2OFy95P7ZBkOPxWkpvYg,UCGzXwyCzMzGmjmCbH3Hg01Q,1
UCwW2OFy95P7ZBkOPxWkpvYg,UCQtICyzWmhC5woCtbNgaSmg,1
UCwW2OFy95P7ZBkOPxWkpvYg,UCTD6q1nyIe3Y7HhqjaMj72w,1
UCwW2OFy95P7ZBkOPxWkpvYg,UCpsKOkt5iWTbenzeuq7dsmQ,1
UCwW2OFy95P7ZBkOPxWkpvYg,UCHTGCgY2l-DQJIvlA_cpa_Q,1
UCwW2OFy95P7ZBkOPxWkpvYg,UCi1b_TRQfgO1Z9O2gNGGWNA,1
UCwW2OFy95P7ZBkOPxWkpvYg,UCZLG9qH0tUjNhEGFIUt0CYw,1
UCwW2OFy95P7ZBkOPxWkpvYg,UCzoL2l5H5eVlorWGH8AZfAg,1
UCwW2OFy95P7ZBkOPxWkpvYg,UCKDR0f2fu2UzWL8mBv5-BHw,1
UCwW2OFy95P7ZBkOPxWkpvYg,UCjmPuazZJzscrwvk0QR9RVw,1
UCwW2OFy95P7ZBkOPxWkpvYg,UCwha8rxULYMVtNwZWeSkE1A,1
UCwW2OFy95P7ZBkOPxWkpvYg,UCQ_-LPP8JAbfkc-b1Q6NvWw,1
UCwW2OFy95P7ZBkOPxWkpvYg,UCHhHUjaMAZ8SiXdCUCj9DkQ,1
UCwW2OFy95P7ZBkOPxWkpvYg,UCRelkU8JiZBytTzebJxaa-w,1
UCwW2OFy95P7ZBkOPxWkpvYg,UC72gBAtyb_VXQlYDcFrh6oQ,1
UCwW2OFy95P7ZBkOPxWkpvYg,UC3MYTqpQqlWBuCB7Th0e0PA,1
UCwW2OFy95P7ZBkOPxWkpvYg,UCZ51R_9Q9C0c8I3pAWhtmjQ,1
UCwW2OFy95P7ZBkOPxWkpvYg,UCujPF2nBgsTD62nWE3lcpIg,1
UCwW2OFy95P7ZBkOPxWkpvYg,UC9xr9QvIcDvoZNUX5f-jaZw,1
UCwW2OFy95P7ZBkOPxWkpvYg,UCpl8rF8uv_8uui-QRvuJaRA,1
UCwW2OFy95P7ZBkOPxWkpvYg,UCYN4wSQ1Sx4_LurxLlW7MPg,1
UCwW2OFy95P7ZBkOPxWkpvYg,UC1vr9aaMI2crB0NvwFHUeoQ,1
UCwW2OFy95P7ZBkOPxWkpvYg,UCOh6DaZC_x9HASnlRylEMfw,1
UCwW2OFy95P7ZBkOPxWkpvYg,UCTP3O0rMnc8z8v8jaDQwL0w,1
UCwW2OFy95P7ZBkOPxWkpvYg,UChep9kVb5gQmpodEEl10Xlg,1
UCwW2OFy95P7ZBkOPxWkpvYg,UCFoIAE8k82D6AV-8gjjKaNg,1
UCwW2OFy95P7ZBkOPxWkpvYg,UCOLGv5Pf6BF2wFcwUzgcvHg,1
UCbYoNG5J3Au5BqtbXogfEFw,UC7IMsCxfZyWN7YQo8-JYa6Q,1
UCbYoNG5J3Au5BqtbXogfEFw,UCNIeXbV_mEwpa412h1aqUWw,1
UCbYoNG5J3Au5BqtbXogfEFw,UCzZ6dDCEsLMXbc5pCFXIprw,1
UCbYoNG5J3Au5BqtbXogfEFw,UCN2N_wYOw6fMwCeSzdXLPIw,1
UCbYoNG5J3Au5BqtbXogfEFw,UCVQf0tzL7xRzFJsABVVULpg,1
UCbYoNG5J3Au5BqtbXogfEFw,UClsrFGJKWPxxw7MiaEdKLXw,1
UCbYoNG5J3Au5BqtbXogfEFw,UCPZueDLrCS4BmTBRMA4q0fA,1
UCbYoNG5J3Au5BqtbXogfEFw,UCGX_UbAQOXGZknv5iqklwTA,1
UCbYoNG5J3Au5BqtbXogfEFw,UCusjriFsDHEc2AOjqk-p5ig,1
UCbYoNG5J3Au5BqtbXogfEFw,UCHTGCgY2l-DQJIvlA_cpa_Q,1
UCbYoNG5J3Au5BqtbXogfEFw,UCAV7QIjYhbDJaycQycM_0eQ,1
UCbYoNG5J3Au5BqtbXogfEFw,UCf5lnNZF7Qrtli9v4N_23WQ,1
UCbYoNG5J3Au5BqtbXogfEFw,UCtNyHmRZtvGF2hSvI2dUBWw,1
UCbYoNG5J3Au5BqtbXogfEFw,UCgQJgI9vu1FI2dnC9mrFthw,1
UCbYoNG5J3Au5BqtbXogfEFw,UC8xlJWNHz1V_W6q3fbuQH8g,1
UCbYoNG5J3Au5BqtbXogfEFw,UC1Y7x3h0c95Z8kUhi-Tzaeg,1
UCbYoNG5J3Au5BqtbXogfEFw,UCg3eIfd7BrsLEqS0BLkftHA,1
UCwjUvRseNtJoItylIyIez7Q,UCDrmf9y9nLgFY5wnA2hTuGA,1
UCwjUvRseNtJoItylIyIez7Q,UCQqlPPUGqAfWjd-FSh_qn7Q,1
UCwjUvRseNtJoItylIyIez7Q,UCZeIIQrGAedW8tCbKWmGY-A,1
UCwjUvRseNtJoItylIyIez7Q,UClhMWQ7XKWywYvbRnuf8QsA,1
UCwjUvRseNtJoItylIyIez7Q,UC816IGbFCZinfYS1LRDaaHg,1
UCwjUvRseNtJoItylIyIez7Q,UCuXmOjxC-htcprLgeVXz6Tg,1
UCwjUvRseNtJoItylIyIez7Q,UC5hvEnRUzI4Kfvwnyi4QxqQ,1
UCwjUvRseNtJoItylIyIez7Q,UCgJNFj5dnxXpcMvmuhZDPxA,1
UCwjUvRseNtJoItylIyIez7Q,UCylqlpsh8ENNM1LqgQ1KbxA,1
UCwjUvRseNtJoItylIyIez7Q,UC-fiZBS5Gp1eCJd9ucgWnCg,1
UCwjUvRseNtJoItylIyIez7Q,UCe8JZoYkX5oKUZyivHYdXhw,1
UCwjUvRseNtJoItylIyIez7Q,UC95PSMouTx2N5CbSq0hIyrQ,1
UCwjUvRseNtJoItylIyIez7Q,UC7dadZG7kkGYnsNu6td0FbA,1
UCwjUvRseNtJoItylIyIez7Q,UCeDNEtI8_a42bZ47wJiJMwQ,1
UCwjUvRseNtJoItylIyIez7Q,UCkVtmkK07b2zaVVNssX4lOg,1
UCwjUvRseNtJoItylIyIez7Q,UCpe5jW3MIqkgTJ-PgkzvM6Q,1
UCwjUvRseNtJoItylIyIez7Q,UCdFlugHJJa4l3YqWuNRmvXw,1
UCwjUvRseNtJoItylIyIez7Q,UCpsKOkt5iWTbenzeuq7dsmQ,1
UCwjUvRseNtJoItylIyIez7Q,UCu8_3-Wg-YzNyvHYQDEscfw,1
UCwjUvRseNtJoItylIyIez7Q,UC_LYoGs5C3mbZKZuKuqYCvw,1
UCwjUvRseNtJoItylIyIez7Q,UCsGoJEvb-cFPZ2rWoJcXzEQ,1
UCwjUvRseNtJoItylIyIez7Q,UCAKuKvcbfnBD3kF5njNu-IA,1
UCwjUvRseNtJoItylIyIez7Q,UColMq7LmaoY3MT6aIDGrGvA,1
UCwjUvRseNtJoItylIyIez7Q,UCwgCc9Jd_gG-uLE_SY-FfPg,1
UCwjUvRseNtJoItylIyIez7Q,UCgQw_Sbq3ugruDUKsq1e0-A,1
UCwjUvRseNtJoItylIyIez7Q,UCV0lM03g5fg5pbPj97-sAtA,1
UCwjUvRseNtJoItylIyIez7Q,UC6Uj1FT5JjDSF8vudvDxPAA,1
UCwjUvRseNtJoItylIyIez7Q,UCRAquv8el-tQ30bN7MlmySQ,1
UCwjUvRseNtJoItylIyIez7Q,UC4Avya4kmR4Q0FrfFdBozSQ,1
UCwjUvRseNtJoItylIyIez7Q,UCkbsS_3D-pvg1iHOld9uvIg,1
UCwjUvRseNtJoItylIyIez7Q,UCUoYsrx1oZnCZ0usbBJn4fA,1
UCwjUvRseNtJoItylIyIez7Q,UCRvPToDkkumha7WJAfCDk1A,1
UCwjUvRseNtJoItylIyIez7Q,UC1DpqK6vaPEkBOMNvypsKYg,1
UCwjUvRseNtJoItylIyIez7Q,UCOcUI5XkTYNMSFhZNMIPpGg,1
UCwjUvRseNtJoItylIyIez7Q,UC3UVO7pTbeYvZ3ILEyRDskQ,1
UCwjUvRseNtJoItylIyIez7Q,UCW80DaMjQlEUibC98Cot-Dg,1
UCwjUvRseNtJoItylIyIez7Q,UC32oozucwCF3q8d4m8fyOUg,1
UCwjUvRseNtJoItylIyIez7Q,UCqCrvuoJpC-aVb0f4logQRQ,1
UCwjUvRseNtJoItylIyIez7Q,UCCBYcToQ2dwkd6TJh0FSyDg,1
UCwjUvRseNtJoItylIyIez7Q,UCW-JC6lebVmf2P1dmY_L94g,1
UCwjUvRseNtJoItylIyIez7Q,UCNpt5CQlTzNjlAKY6CJtClQ,1
UCwjUvRseNtJoItylIyIez7Q,UCGGHbtfbbe0o68etrOf0qxw,1
UCwjUvRseNtJoItylIyIez7Q,UCQyOePccUP-fIJYzchAgZYw,1
UCwjUvRseNtJoItylIyIez7Q,UCaKAjTW9MVub_clgr4DRYjQ,1
UCwjUvRseNtJoItylIyIez7Q,UClqA491Xa5fQcXcJJa-vTWw,1
UCwjUvRseNtJoItylIyIez7Q,UCWoAVGVqCn4xtINCMOTM4jg,1
UCwjUvRseNtJoItylIyIez7Q,UCHbwIx9pmQuf7i-4_xO2EpA,1
UCwjUvRseNtJoItylIyIez7Q,UCiC-Jn7wdgyQV4_Urk0DkWQ,1
UCoGdCoJg2Lh0OX_jv6cG16g,UCql1n3Ey6ULMSOACjMe-fxQ,1
UCoGdCoJg2Lh0OX_jv6cG16g,UCtsxPYw8VUsH_FfnKg-0lmw,1
UCoGdCoJg2Lh0OX_jv6cG16g,UCgGqw4aqMdMVSGkKiMgrJRQ,1
UCoGdCoJg2Lh0OX_jv6cG16g,UCvDwJBBY1mHK70aTEYl6rsA,1
UCoGdCoJg2Lh0OX_jv6cG16g,UC-Iul5tDYH_oiAMXQH-KaaQ,1
UCoGdCoJg2Lh0OX_jv6cG16g,UCzZ6dDCEsLMXbc5pCFXIprw,1
UCoGdCoJg2Lh0OX_jv6cG16g,UCZFQwqh90apuL8eFhvRBkUg,1
UCoGdCoJg2Lh0OX_jv6cG16g,UCyJhqmMbsvjpoarBBStA2kg,1
UCoGdCoJg2Lh0OX_jv6cG16g,UCWaRixDdpgllTBf4V0jPnKQ,1
UCoGdCoJg2Lh0OX_jv6cG16g,UCV3fr-YOixFKCZBbJP1-X4w,1
UCoGdCoJg2Lh0OX_jv6cG16g,UCWvntqPQx99k_Z_skWKqNSA,1
UCoGdCoJg2Lh0OX_jv6cG16g,UCEHXl4VvvVpq-_4xC5tsbhg,1
UCoGdCoJg2Lh0OX_jv6cG16g,UC63tFvbQ_hJhGDi2nbjssjw,1
UCoGdCoJg2Lh0OX_jv6cG16g,UCiOZX__1gahg1ypIj0_XG_w,1
UCoGdCoJg2Lh0OX_jv6cG16g,UCp29O_C7cchZV8IxV7Crdag,1
UCoGdCoJg2Lh0OX_jv6cG16g,UC-HeUTT6_g-VoiWds2a4H-w,1
UCoGdCoJg2Lh0OX_jv6cG16g,UC1NiEdJ7gk6FlDexIalWnGg,1
UCoGdCoJg2Lh0OX_jv6cG16g,UCaT4saRcyqCLE657Rq2hhZQ,1
UCoGdCoJg2Lh0OX_jv6cG16g,UCjZgFEowMBrsjodqfovzdKw,1
UCoGdCoJg2Lh0OX_jv6cG16g,UCFybmWapGvBKcQod7cPPH9w,1
UCoGdCoJg2Lh0OX_jv6cG16g,UC0HvfEWozTHbwl_iEmJNvVA,1
UCoGdCoJg2Lh0OX_jv6cG16g,UCeQk-WfEA-cJRq4EKeE7TOw,1
UCoGdCoJg2Lh0OX_jv6cG16g,UCfo_yUPzy1f1POwwZxhZ06Q,1
UCoGdCoJg2Lh0OX_jv6cG16g,UCheEJ5GZuIvV0fj-nXyVwXw,1
UCoGdCoJg2Lh0OX_jv6cG16g,UChyps3dqY-VY1_wLeq-2lhw,1
UCoGdCoJg2Lh0OX_jv6cG16g,UCtCtts20bW6F9CSohau51Iw,1
UCoGdCoJg2Lh0OX_jv6cG16g,UC14qlobYKqD-DO0j6b75lcA,1
UCoGdCoJg2Lh0OX_jv6cG16g,UCRfkkatKrNtAARnXMMYBGlA,1
UCoGdCoJg2Lh0OX_jv6cG16g,UC3YpzAr7pcdKC7BVFEpYzog,1
UCoGdCoJg2Lh0OX_jv6cG16g,UCwxoKK59nGCeBqB2sXfDBIw,1
UCcFIBN-rtC3d3hXeuN5TfWw,UCvcu1kR8xMYy_I1Ty-2mV2Q,1
UCcFIBN-rtC3d3hXeuN5TfWw,UCXO1BBohNWXkK9SBDAG2ySg,1
UCcFIBN-rtC3d3hXeuN5TfWw,UCdQAuWwyC99MB7Y02Umj26Q,1
UCcFIBN-rtC3d3hXeuN5TfWw,UChT7pzGytNd92Nmvi-zuWog,1
UCcFIBN-rtC3d3hXeuN5TfWw,UCc_F88PzGWtA1OPNUEASulA,1
UCcFIBN-rtC3d3hXeuN5TfWw,UCTTILH6QCIxbTnEWxwRqs1g,1
UCcFIBN-rtC3d3hXeuN5TfWw,UCbrtvygfRT6QXqWDNrOf-cA,1
UCcFIBN-rtC3d3hXeuN5TfWw,UCXVLc8CmAO813ubM-fLvCDw,1
UCcFIBN-rtC3d3hXeuN5TfWw,UCxcoDvP-g2_KTZDmVZtvb3w,1
UCcFIBN-rtC3d3hXeuN5TfWw,UCwEe1RKlEv1UpNWmWYfSh4w,1
UCcFIBN-rtC3d3hXeuN5TfWw,UCOY3XpD9qMCRSA8AA8c4CAw,1
UCcFIBN-rtC3d3hXeuN5TfWw,UCefAH1MbvADWUjE9WVcB9EQ,1
UCcFIBN-rtC3d3hXeuN5TfWw,UCCUmP4PlbwgikVFpYwbtRTg,1
UCcFIBN-rtC3d3hXeuN5TfWw,UCXl30Y_upRqbti52fmjK4YA,1
UCcFIBN-rtC3d3hXeuN5TfWw,UCkxdJ_yGN2gghOMo2ybQtXQ,1
UC4wq3DcbfaG6dtCqn8Oyu3w,UCSou6a2OuYGSvPjm5psquyA,1
UC4wq3DcbfaG6dtCqn8Oyu3w,UC2weSE8rpqkGMOp6StYtVfg,1
UC4wq3DcbfaG6dtCqn8Oyu3w,UCiGRBf2RNF0WRKhRVT7zFoA,1
UC4wq3DcbfaG6dtCqn8Oyu3w,UCpIdtvoFHVLGASGB5ySqIEA,1
UC4wq3DcbfaG6dtCqn8Oyu3w,UC8F2V63KZ4ZEay6opX2hAQw,1
UC4wq3DcbfaG6dtCqn8Oyu3w,UC3E9mAgP7VoAE5mZoAexl5g,1
UC4wq3DcbfaG6dtCqn8Oyu3w,UCErZPJpHmLCsXs8ZWkAUupQ,1
UC4wq3DcbfaG6dtCqn8Oyu3w,UCut6b9S98nv84cVX89PmKzA,1
UC4wq3DcbfaG6dtCqn8Oyu3w,UCXXh7yg5KUFIWylTiKVEFKQ,1
UC4wq3DcbfaG6dtCqn8Oyu3w,UCDPWkUX3sNNaCx-m1dV4glA,1
UC4wq3DcbfaG6dtCqn8Oyu3w,UCNkcuy42zEwddwEcOd_HpnA,1
UC4wq3DcbfaG6dtCqn8Oyu3w,UCz3gu01bmjNv0DpRq-K3XYg,1
UC4wq3DcbfaG6dtCqn8Oyu3w,UCp4iw5_5SmV9VGTFSNVGOmQ,1
UC4wq3DcbfaG6dtCqn8Oyu3w,UCWIZUtKJ636y-4TYrNvok0g,1
UC4wq3DcbfaG6dtCqn8Oyu3w,UCvApqeCbLod-wejtT4CcVuA,1
UC4wq3DcbfaG6dtCqn8Oyu3w,UCgvw7xIdGFupzpt1Y_BFkEA,1
UC4wq3DcbfaG6dtCqn8Oyu3w,UCtUR3_CAiE7fCoZHM6cMfyQ,1
UC4wq3DcbfaG6dtCqn8Oyu3w,UCmvOgzmmXbjUthHy-WJ52hQ,1
UC4wq3DcbfaG6dtCqn8Oyu3w,UCtNfIBnc5S5DbbQj_yxgJTw,1
UC4wq3DcbfaG6dtCqn8Oyu3w,UCmjppp6ujz3SAnULvP3sZMw,1
UC4wq3DcbfaG6dtCqn8Oyu3w,UCYwpX26TrCxq8TvbKGRYLXA,1
UC4wq3DcbfaG6dtCqn8Oyu3w,UCL13XhnRzbGokEkCkEOb0-g,1
UC4wq3DcbfaG6dtCqn8Oyu3w,UChZknRmJkeGeQk0-mQuhDOg,1
UC4wq3DcbfaG6dtCqn8Oyu3w,UCThW2XNsAaBKme5PUt7n-Zg,1
UC4wq3DcbfaG6dtCqn8Oyu3w,UC5bG9nc_JV3FsNP2KseQiYw,1
UC4wq3DcbfaG6dtCqn8Oyu3w,UCL1MT278vSaQ83ZDkVWn1gw,1
UC4wq3DcbfaG6dtCqn8Oyu3w,UCh5ESQvtzyHDhCA7XyekCFA,1
UC4wq3DcbfaG6dtCqn8Oyu3w,UCDftMWXQoJ6nONfY7GVOVjg,1
UC4wq3DcbfaG6dtCqn8Oyu3w,UC8r11yOugM2NuRfitQOxLLg,1
UC4wq3DcbfaG6dtCqn8Oyu3w,UCzSfZlOVxBSs5ObD25ywxDQ,1
UC4wq3DcbfaG6dtCqn8Oyu3w,UC8G5cJONY8L9voMyBW8Eoug,1
UC4wq3DcbfaG6dtCqn8Oyu3w,UCsJJAvrVGupdmhOqgtDp8dg,1
UC4wq3DcbfaG6dtCqn8Oyu3w,UCEgEQmRbtL5fwr9_DqAC--g,1
UC4wq3DcbfaG6dtCqn8Oyu3w,UCcfdg8crmMJwEuLUsAhV7yg,1
UC4wq3DcbfaG6dtCqn8Oyu3w,UCljDbleJul41G1TzOjOZAVA,1
UC4wq3DcbfaG6dtCqn8Oyu3w,UCQgYjVngJRfPHDLGB5X6ZjA,1
UC4wq3DcbfaG6dtCqn8Oyu3w,UCAmtbUiIrUIhikru0ZoTFig,1
UC4wq3DcbfaG6dtCqn8Oyu3w,UCB5p8a5gklc80jJItP6xTHg,1
UC4wq3DcbfaG6dtCqn8Oyu3w,UC4cXueR2bKGFJV0Fk76gwmA,1
UC4wq3DcbfaG6dtCqn8Oyu3w,UCrJn_rbo_ENAdeqneS-RmRw,1
UC4wq3DcbfaG6dtCqn8Oyu3w,UCiMythXHsw7eQEMykCdmMUA,1
UC4wq3DcbfaG6dtCqn8Oyu3w,UChs3tU2BcKOT0CezykvAsGw,1
UC4wq3DcbfaG6dtCqn8Oyu3w,UCUIIIPTVDVHAXqhC_5V6lPA,1
UC4wq3DcbfaG6dtCqn8Oyu3w,UCRETAiYdh2dL5ZxB0_N1zDA,1
UC4wq3DcbfaG6dtCqn8Oyu3w,UCRlCV9zSn7avAWh-9_XFWqQ,1
UC4wq3DcbfaG6dtCqn8Oyu3w,UCDQaQv0hr2SS_PO-CMEwVHg,1
UC4wq3DcbfaG6dtCqn8Oyu3w,UCDlr1VadSucIZgZ171pRBjQ,1
UC4wq3DcbfaG6dtCqn8Oyu3w,UC7VUuJr9cGh845CmTvf7TlQ,1
UC4wq3DcbfaG6dtCqn8Oyu3w,UCA93ym2TXs_Ibyxb4Vcn-6Q,1
UC4wq3DcbfaG6dtCqn8Oyu3w,UCXgr7vXlRrsaskPdo097kGA,1
UC4wq3DcbfaG6dtCqn8Oyu3w,UCjSKM9j0Q7HLDr1hD6D-TUw,1
UC4wq3DcbfaG6dtCqn8Oyu3w,UCj-LL25XJnjxepPKCc3NGog,1
UC4wq3DcbfaG6dtCqn8Oyu3w,UChgkn5Jt5tWKYMoEOuCjz3Q,1
UC4wq3DcbfaG6dtCqn8Oyu3w,UCLggDc_a5HriXv7I1h02sOA,1
UC4wq3DcbfaG6dtCqn8Oyu3w,UC3NMzdMYryaw82kPTnsaljg,1
UC4wq3DcbfaG6dtCqn8Oyu3w,UCFUuDARXdmmIrLppEqf-rFg,1
UC4wq3DcbfaG6dtCqn8Oyu3w,UCylqlpsh8ENNM1LqgQ1KbxA,1
UC4wq3DcbfaG6dtCqn8Oyu3w,UCCaYwkkbQGcvFoUmothVdQQ,1
UC4wq3DcbfaG6dtCqn8Oyu3w,UCySYJU5kUh7X8gVt9la2ISA,1
UC4wq3DcbfaG6dtCqn8Oyu3w,UC9vMq1YF-e7C-VO0SHkbUTA,1
UC4wq3DcbfaG6dtCqn8Oyu3w,UCr1emrogPKkKTs_WTtx71xg,1
UC4wq3DcbfaG6dtCqn8Oyu3w,UCV0iizTBoOfdAFX_thfI9BA,1
UC4wq3DcbfaG6dtCqn8Oyu3w,UCTylKrsqkrBKIqubMu_5N0Q,1
UC4wq3DcbfaG6dtCqn8Oyu3w,UC5H8ASmMC9WrURmzeB4ySog,1
UC4wq3DcbfaG6dtCqn8Oyu3w,UCDUffaruH6dyUnUGwsTKpgg,1
UC4wq3DcbfaG6dtCqn8Oyu3w,UCl0ekS9Tt0jJGtOEM18S63w,1
UC4wq3DcbfaG6dtCqn8Oyu3w,UCN6qbfPSzFtjhqUDZ3Cv3CQ,1
UC4wq3DcbfaG6dtCqn8Oyu3w,UC2Y_EHWQKevubk4vOEBBFxw,1
UC4wq3DcbfaG6dtCqn8Oyu3w,UCplrIQtaPj6au60_f2-mOYw,1
UC4wq3DcbfaG6dtCqn8Oyu3w,UCLFdHr9BEbXHkoJopbEPLZw,1
UC4wq3DcbfaG6dtCqn8Oyu3w,UCipetjeiWj4CZB6EbyYziZg,1
UC4wq3DcbfaG6dtCqn8Oyu3w,UCXSkL3ejZ8qWYyF_M7s_QKA,1
UC4wq3DcbfaG6dtCqn8Oyu3w,UCueV9cTyTDwgQSec1x2dYgA,1
UC4wq3DcbfaG6dtCqn8Oyu3w,UC6YSZqL0vEcI-niPKIMUGfw,1
UC4wq3DcbfaG6dtCqn8Oyu3w,UCFjudnPLoaSL1BaRuLahyHg,1
UC4wq3DcbfaG6dtCqn8Oyu3w,UCFxE8GbokBrBsPEKM1xrOjQ,1
UC4wq3DcbfaG6dtCqn8Oyu3w,UCDIMztpVm7G27qBuiWuT6oQ,1
UC4wq3DcbfaG6dtCqn8Oyu3w,UC-jS_kA9w-OmpupXDx156Rg,1
UC4wq3DcbfaG6dtCqn8Oyu3w,UCsjs5Hp_r86x1xbK6FAeqaA,1
UC4wq3DcbfaG6dtCqn8Oyu3w,UCQqetiwzzmRNTM5OWuXarGQ,1
UC4wq3DcbfaG6dtCqn8Oyu3w,UCQtSFINs1h6GHkpg9o5kMvg,1
UC4wq3DcbfaG6dtCqn8Oyu3w,UCsUCN0Yq_UyTvKjOJLmNrnQ,1
UC4wq3DcbfaG6dtCqn8Oyu3w,UCAlzM_N6xBlMYmM8EBzX86Q,1
UC4wq3DcbfaG6dtCqn8Oyu3w,UCOS8ViEkccrTZx2w2ccxotA,1
UC4wq3DcbfaG6dtCqn8Oyu3w,UCfM3nrxtTQMY5jFx1v1J4Gg,1
UC4wq3DcbfaG6dtCqn8Oyu3w,UCFhxtoeARHPnXXPcDrOU3Xg,1
UC4wq3DcbfaG6dtCqn8Oyu3w,UCNBnKqWf4d-rS4HwJRQljmQ,1
UC4wq3DcbfaG6dtCqn8Oyu3w,UC3XTwHxygNCgjndsg-UiCQA,1
UC4wq3DcbfaG6dtCqn8Oyu3w,UC650pRT-OYzny3GwOH8Cgfw,1
UC4wq3DcbfaG6dtCqn8Oyu3w,UC6PvO1_k5lHKGdAPo5_C6TA,1
UC4wq3DcbfaG6dtCqn8Oyu3w,UCxff05WuyvwELNITi7bj7UA,1
UC4wq3DcbfaG6dtCqn8Oyu3w,UC-pNP6RMFuLg_-x7Ah_0kEA,1
UC4wq3DcbfaG6dtCqn8Oyu3w,UCGzXwyCzMzGmjmCbH3Hg01Q,1
UC4wq3DcbfaG6dtCqn8Oyu3w,UCQtICyzWmhC5woCtbNgaSmg,1
UC4wq3DcbfaG6dtCqn8Oyu3w,UCTD6q1nyIe3Y7HhqjaMj72w,1
UC4wq3DcbfaG6dtCqn8Oyu3w,UCpsKOkt5iWTbenzeuq7dsmQ,1
UC4wq3DcbfaG6dtCqn8Oyu3w,UCHTGCgY2l-DQJIvlA_cpa_Q,1
UC4wq3DcbfaG6dtCqn8Oyu3w,UCi1b_TRQfgO1Z9O2gNGGWNA,1
UC4wq3DcbfaG6dtCqn8Oyu3w,UCZLG9qH0tUjNhEGFIUt0CYw,1
UC4wq3DcbfaG6dtCqn8Oyu3w,UCzoL2l5H5eVlorWGH8AZfAg,1
UC4wq3DcbfaG6dtCqn8Oyu3w,UCKDR0f2fu2UzWL8mBv5-BHw,1
UC4wq3DcbfaG6dtCqn8Oyu3w,UCjmPuazZJzscrwvk0QR9RVw,1
UC4wq3DcbfaG6dtCqn8Oyu3w,UCwha8rxULYMVtNwZWeSkE1A,1
UC4wq3DcbfaG6dtCqn8Oyu3w,UCQ_-LPP8JAbfkc-b1Q6NvWw,1
UC4wq3DcbfaG6dtCqn8Oyu3w,UCHhHUjaMAZ8SiXdCUCj9DkQ,1
UC4wq3DcbfaG6dtCqn8Oyu3w,UCRelkU8JiZBytTzebJxaa-w,1
UC4wq3DcbfaG6dtCqn8Oyu3w,UC72gBAtyb_VXQlYDcFrh6oQ,1
UC4wq3DcbfaG6dtCqn8Oyu3w,UC3MYTqpQqlWBuCB7Th0e0PA,1
UC4wq3DcbfaG6dtCqn8Oyu3w,UCZ51R_9Q9C0c8I3pAWhtmjQ,1
UC4wq3DcbfaG6dtCqn8Oyu3w,UCujPF2nBgsTD62nWE3lcpIg,1
UC4wq3DcbfaG6dtCqn8Oyu3w,UC9xr9QvIcDvoZNUX5f-jaZw,1
UC4wq3DcbfaG6dtCqn8Oyu3w,UCpl8rF8uv_8uui-QRvuJaRA,1
UC4wq3DcbfaG6dtCqn8Oyu3w,UCYN4wSQ1Sx4_LurxLlW7MPg,1
UC4wq3DcbfaG6dtCqn8Oyu3w,UC1vr9aaMI2crB0NvwFHUeoQ,1
UC4wq3DcbfaG6dtCqn8Oyu3w,UCOh6DaZC_x9HASnlRylEMfw,1
UC4wq3DcbfaG6dtCqn8Oyu3w,UCTP3O0rMnc8z8v8jaDQwL0w,1
UC4wq3DcbfaG6dtCqn8Oyu3w,UChep9kVb5gQmpodEEl10Xlg,1
UC4wq3DcbfaG6dtCqn8Oyu3w,UCFoIAE8k82D6AV-8gjjKaNg,1
UC4wq3DcbfaG6dtCqn8Oyu3w,UCOLGv5Pf6BF2wFcwUzgcvHg,1
UCKVzDUqbtdSMBcexaEtMmzQ,UCld2stqxaVSk0QdGncM224A,1
UCKVzDUqbtdSMBcexaEtMmzQ,UCtowGNY2lnlg6O2CkwDgkLg,1
UCp_dAUfv8i3LW3zWc24dLaQ,UCozFYHN0e_-vlQbX3wQGOug,1
UCp_dAUfv8i3LW3zWc24dLaQ,UCat2qkYvqmtDNEmo2PVuhXw,1
UCp_dAUfv8i3LW3zWc24dLaQ,UCBlm80VQ4YoV3bUJR_XhkaQ,1
UCp_dAUfv8i3LW3zWc24dLaQ,UCxhtlxPV8AYWaNNyU6S9H8Q,1
UCp_dAUfv8i3LW3zWc24dLaQ,UCPNXmbOBVeC4HS-xemvcPtQ,1
UCp_dAUfv8i3LW3zWc24dLaQ,UCIgoiXdIKJyUGmUoH2Lxdzg,1
UCp_dAUfv8i3LW3zWc24dLaQ,UCrqXyRsg-_hTosURZ-uvoKg,1
UCp_dAUfv8i3LW3zWc24dLaQ,UCQMMuADgqWUOcJpLwHOzC-g,1
UCp_dAUfv8i3LW3zWc24dLaQ,UCGZMgmM92E3njyXNe9-kjAQ,1
UCp_dAUfv8i3LW3zWc24dLaQ,UCZjm6U576nX8WOiLhmMR3bw,1
UCp_dAUfv8i3LW3zWc24dLaQ,UC-QOpE7GOxlXcHZ8b7HbQKA,1
UCp_dAUfv8i3LW3zWc24dLaQ,UCtiHFjFu7d5v2XxHnKFUYig,1
UCp_dAUfv8i3LW3zWc24dLaQ,UCbNanjFI51cwGqMAb2rOrBw,1
UCp_dAUfv8i3LW3zWc24dLaQ,UCi2KiZq63sRq8Mfbcp-MelQ,1
UCp_dAUfv8i3LW3zWc24dLaQ,UCVdjCrh4tQoX3haNAZv-n5A,1
UCp_dAUfv8i3LW3zWc24dLaQ,UC1WlJfQmaIskYhP4gmWoamw,1
UCFFrEmn6lPYiWyElpfzTy5Q,UCk4O-J1BhoqPmig1KLGJePA,1
UCFFrEmn6lPYiWyElpfzTy5Q,UCdFlugHJJa4l3YqWuNRmvXw,1
UCFFrEmn6lPYiWyElpfzTy5Q,UCBtB5dIyx-C16UN8ClUD2UA,1
UCFFrEmn6lPYiWyElpfzTy5Q,UCfRqgt2O-vjzUDMZY_tnxQw,1
UCFFrEmn6lPYiWyElpfzTy5Q,UC4kg7zuTfqQKLd2bkZrSYBA,1
UCFFrEmn6lPYiWyElpfzTy5Q,UCLh1Kde4_vI1sTZBkTNP7RQ,1
UC5PyGvSfFM--OVKmQ3COu6g,UC0aEyakBPqcBkVJiErfSupQ,1
UC5PyGvSfFM--OVKmQ3COu6g,UCwUAv3_LpWVtTIi7lkmTL7A,1
UC5PyGvSfFM--OVKmQ3COu6g,UC5fvhAfm89JH8eDFdvc0xYw,1
UC5PyGvSfFM--OVKmQ3COu6g,UC_ljZ1hZXR9pzexFz87P5ZA,1
UC5PyGvSfFM--OVKmQ3COu6g,UCRcSR3Lvn9DZAmJpVPANfZQ,1
UC5PyGvSfFM--OVKmQ3COu6g,UCY7Hq7F9Lnucf-Yr6JkHZNw,1
UC5PyGvSfFM--OVKmQ3COu6g,UCIUhbSCy3-SGRe5UtqM4fzQ,1
UC5PyGvSfFM--OVKmQ3COu6g,UCSTAUWVc1_82DHYeqOsqEFA,1
UC5PyGvSfFM--OVKmQ3COu6g,UCGqKxQS-z3NZzZF-2w338AA,1
UC5PyGvSfFM--OVKmQ3COu6g,UCaT6M2zp7X6r6Whd8Vv3kHQ,1
UC5PyGvSfFM--OVKmQ3COu6g,UCtMBF_1O2jY2INlb_luuB_A,1
UC5PyGvSfFM--OVKmQ3COu6g,UCIp19h9igblA2YKfSLPDAug,1
UC5PyGvSfFM--OVKmQ3COu6g,UCyzf29IYjNw67gGIfsjgtxA,1
UC5PyGvSfFM--OVKmQ3COu6g,UCs_5qeqdku9tGAq22y3OcuQ,1
UC5PyGvSfFM--OVKmQ3COu6g,UCXmrpc6Li0spcKxtS0Q_ptg,1
UC5PyGvSfFM--OVKmQ3COu6g,UCgLurCo-e019HGODcjXHWCw,1
UC5PyGvSfFM--OVKmQ3COu6g,UCHMQ_lDhibZ-XZ_3fo6oxwg,1
UC5PyGvSfFM--OVKmQ3COu6g,UCxKR3RA8T-kxMgq_2WWhRcQ,1
UC5PyGvSfFM--OVKmQ3COu6g,UCgLrWFdYitoP-b7-PxtUr-w,1
UC5PyGvSfFM--OVKmQ3COu6g,UCqilIa8r7iek5sGYg_q6ofA,1
UC5PyGvSfFM--OVKmQ3COu6g,UCFOxCyF926Y9eHhMeVoWLzw,1
UC5PyGvSfFM--OVKmQ3COu6g,UCi-vPdnpQreC7BkFs40mJGA,1
UC5PyGvSfFM--OVKmQ3COu6g,UCRznz9-N3Qc1w-qNdLSIY2Q,1
UCZFQwqh90apuL8eFhvRBkUg,UCql1n3Ey6ULMSOACjMe-fxQ,1
UCZFQwqh90apuL8eFhvRBkUg,UCtsxPYw8VUsH_FfnKg-0lmw,1
UCZFQwqh90apuL8eFhvRBkUg,UCgGqw4aqMdMVSGkKiMgrJRQ,1
UCZFQwqh90apuL8eFhvRBkUg,UCvDwJBBY1mHK70aTEYl6rsA,1
UCZFQwqh90apuL8eFhvRBkUg,UC-Iul5tDYH_oiAMXQH-KaaQ,1
UCZFQwqh90apuL8eFhvRBkUg,UCzZ6dDCEsLMXbc5pCFXIprw,1
UCZFQwqh90apuL8eFhvRBkUg,UCyJhqmMbsvjpoarBBStA2kg,1
UCZFQwqh90apuL8eFhvRBkUg,UCWaRixDdpgllTBf4V0jPnKQ,1
UCZFQwqh90apuL8eFhvRBkUg,UCV3fr-YOixFKCZBbJP1-X4w,1
UCZFQwqh90apuL8eFhvRBkUg,UCWvntqPQx99k_Z_skWKqNSA,1
UCZFQwqh90apuL8eFhvRBkUg,UCEHXl4VvvVpq-_4xC5tsbhg,1
UCZFQwqh90apuL8eFhvRBkUg,UC63tFvbQ_hJhGDi2nbjssjw,1
UCZFQwqh90apuL8eFhvRBkUg,UCiOZX__1gahg1ypIj0_XG_w,1
UCZFQwqh90apuL8eFhvRBkUg,UCp29O_C7cchZV8IxV7Crdag,1
UCZFQwqh90apuL8eFhvRBkUg,UC-HeUTT6_g-VoiWds2a4H-w,1
UCZFQwqh90apuL8eFhvRBkUg,UC1NiEdJ7gk6FlDexIalWnGg,1
UCZFQwqh90apuL8eFhvRBkUg,UCaT4saRcyqCLE657Rq2hhZQ,1
UCZFQwqh90apuL8eFhvRBkUg,UCjZgFEowMBrsjodqfovzdKw,1
UCZFQwqh90apuL8eFhvRBkUg,UCFybmWapGvBKcQod7cPPH9w,1
UCZFQwqh90apuL8eFhvRBkUg,UC0HvfEWozTHbwl_iEmJNvVA,1
UCZFQwqh90apuL8eFhvRBkUg,UCeQk-WfEA-cJRq4EKeE7TOw,1
UCZFQwqh90apuL8eFhvRBkUg,UCfo_yUPzy1f1POwwZxhZ06Q,1
UCZFQwqh90apuL8eFhvRBkUg,UCheEJ5GZuIvV0fj-nXyVwXw,1
UCZFQwqh90apuL8eFhvRBkUg,UChyps3dqY-VY1_wLeq-2lhw,1
UCZFQwqh90apuL8eFhvRBkUg,UCtCtts20bW6F9CSohau51Iw,1
UCZFQwqh90apuL8eFhvRBkUg,UC14qlobYKqD-DO0j6b75lcA,1
UCZFQwqh90apuL8eFhvRBkUg,UCRfkkatKrNtAARnXMMYBGlA,1
UCZFQwqh90apuL8eFhvRBkUg,UC3YpzAr7pcdKC7BVFEpYzog,1
UCZFQwqh90apuL8eFhvRBkUg,UCwxoKK59nGCeBqB2sXfDBIw,1
UCWaRixDdpgllTBf4V0jPnKQ,UCql1n3Ey6ULMSOACjMe-fxQ,1
UCWaRixDdpgllTBf4V0jPnKQ,UCtsxPYw8VUsH_FfnKg-0lmw,1
UCWaRixDdpgllTBf4V0jPnKQ,UCgGqw4aqMdMVSGkKiMgrJRQ,1
UCWaRixDdpgllTBf4V0jPnKQ,UCvDwJBBY1mHK70aTEYl6rsA,1
UCWaRixDdpgllTBf4V0jPnKQ,UC-Iul5tDYH_oiAMXQH-KaaQ,1
UCWaRixDdpgllTBf4V0jPnKQ,UCzZ6dDCEsLMXbc5pCFXIprw,1
UCWaRixDdpgllTBf4V0jPnKQ,UCyJhqmMbsvjpoarBBStA2kg,1
UCWaRixDdpgllTBf4V0jPnKQ,UCV3fr-YOixFKCZBbJP1-X4w,1
UCWaRixDdpgllTBf4V0jPnKQ,UCWvntqPQx99k_Z_skWKqNSA,1
UCWaRixDdpgllTBf4V0jPnKQ,UCEHXl4VvvVpq-_4xC5tsbhg,1
UCWaRixDdpgllTBf4V0jPnKQ,UC63tFvbQ_hJhGDi2nbjssjw,1
UCWaRixDdpgllTBf4V0jPnKQ,UCiOZX__1gahg1ypIj0_XG_w,1
UCWaRixDdpgllTBf4V0jPnKQ,UCp29O_C7cchZV8IxV7Crdag,1
UCWaRixDdpgllTBf4V0jPnKQ,UC-HeUTT6_g-VoiWds2a4H-w,1
UCWaRixDdpgllTBf4V0jPnKQ,UC1NiEdJ7gk6FlDexIalWnGg,1
UCWaRixDdpgllTBf4V0jPnKQ,UCaT4saRcyqCLE657Rq2hhZQ,1
UCWaRixDdpgllTBf4V0jPnKQ,UCjZgFEowMBrsjodqfovzdKw,1
UCWaRixDdpgllTBf4V0jPnKQ,UCFybmWapGvBKcQod7cPPH9w,1
UCWaRixDdpgllTBf4V0jPnKQ,UC0HvfEWozTHbwl_iEmJNvVA,1
UCWaRixDdpgllTBf4V0jPnKQ,UCeQk-WfEA-cJRq4EKeE7TOw,1
UCWaRixDdpgllTBf4V0jPnKQ,UCfo_yUPzy1f1POwwZxhZ06Q,1
UCWaRixDdpgllTBf4V0jPnKQ,UCheEJ5GZuIvV0fj-nXyVwXw,1
UCWaRixDdpgllTBf4V0jPnKQ,UChyps3dqY-VY1_wLeq-2lhw,1
UCWaRixDdpgllTBf4V0jPnKQ,UCtCtts20bW6F9CSohau51Iw,1
UCWaRixDdpgllTBf4V0jPnKQ,UC14qlobYKqD-DO0j6b75lcA,1
UCWaRixDdpgllTBf4V0jPnKQ,UCRfkkatKrNtAARnXMMYBGlA,1
UCWaRixDdpgllTBf4V0jPnKQ,UC3YpzAr7pcdKC7BVFEpYzog,1
UCWaRixDdpgllTBf4V0jPnKQ,UCwxoKK59nGCeBqB2sXfDBIw,1
UC7dadZG7kkGYnsNu6td0FbA,UCDrmf9y9nLgFY5wnA2hTuGA,1
UC7dadZG7kkGYnsNu6td0FbA,UCQqlPPUGqAfWjd-FSh_qn7Q,1
UC7dadZG7kkGYnsNu6td0FbA,UCZeIIQrGAedW8tCbKWmGY-A,1
UC7dadZG7kkGYnsNu6td0FbA,UClhMWQ7XKWywYvbRnuf8QsA,1
UC7dadZG7kkGYnsNu6td0FbA,UC816IGbFCZinfYS1LRDaaHg,1
UC7dadZG7kkGYnsNu6td0FbA,UCuXmOjxC-htcprLgeVXz6Tg,1
UC7dadZG7kkGYnsNu6td0FbA,UC5hvEnRUzI4Kfvwnyi4QxqQ,1
UC7dadZG7kkGYnsNu6td0FbA,UCgJNFj5dnxXpcMvmuhZDPxA,1
UC7dadZG7kkGYnsNu6td0FbA,UCylqlpsh8ENNM1LqgQ1KbxA,1
UC7dadZG7kkGYnsNu6td0FbA,UC-fiZBS5Gp1eCJd9ucgWnCg,1
UC7dadZG7kkGYnsNu6td0FbA,UCe8JZoYkX5oKUZyivHYdXhw,1
UC7dadZG7kkGYnsNu6td0FbA,UC95PSMouTx2N5CbSq0hIyrQ,1
UC7dadZG7kkGYnsNu6td0FbA,UCeDNEtI8_a42bZ47wJiJMwQ,1
UC7dadZG7kkGYnsNu6td0FbA,UCkVtmkK07b2zaVVNssX4lOg,1
UC7dadZG7kkGYnsNu6td0FbA,UCpe5jW3MIqkgTJ-PgkzvM6Q,1
UC7dadZG7kkGYnsNu6td0FbA,UCdFlugHJJa4l3YqWuNRmvXw,1
UC7dadZG7kkGYnsNu6td0FbA,UCpsKOkt5iWTbenzeuq7dsmQ,1
UC7dadZG7kkGYnsNu6td0FbA,UCu8_3-Wg-YzNyvHYQDEscfw,1
UC7dadZG7kkGYnsNu6td0FbA,UC_LYoGs5C3mbZKZuKuqYCvw,1
UC7dadZG7kkGYnsNu6td0FbA,UCsGoJEvb-cFPZ2rWoJcXzEQ,1
UC7dadZG7kkGYnsNu6td0FbA,UCAKuKvcbfnBD3kF5njNu-IA,1
UC7dadZG7kkGYnsNu6td0FbA,UColMq7LmaoY3MT6aIDGrGvA,1
UC7dadZG7kkGYnsNu6td0FbA,UCwgCc9Jd_gG-uLE_SY-FfPg,1
UC7dadZG7kkGYnsNu6td0FbA,UCgQw_Sbq3ugruDUKsq1e0-A,1
UC7dadZG7kkGYnsNu6td0FbA,UCV0lM03g5fg5pbPj97-sAtA,1
UC7dadZG7kkGYnsNu6td0FbA,UC6Uj1FT5JjDSF8vudvDxPAA,1
UC7dadZG7kkGYnsNu6td0FbA,UCRAquv8el-tQ30bN7MlmySQ,1
UC7dadZG7kkGYnsNu6td0FbA,UC4Avya4kmR4Q0FrfFdBozSQ,1
UC7dadZG7kkGYnsNu6td0FbA,UCkbsS_3D-pvg1iHOld9uvIg,1
UC7dadZG7kkGYnsNu6td0FbA,UCUoYsrx1oZnCZ0usbBJn4fA,1
UC7dadZG7kkGYnsNu6td0FbA,UCRvPToDkkumha7WJAfCDk1A,1
UC7dadZG7kkGYnsNu6td0FbA,UC1DpqK6vaPEkBOMNvypsKYg,1
UC7dadZG7kkGYnsNu6td0FbA,UCOcUI5XkTYNMSFhZNMIPpGg,1
UC7dadZG7kkGYnsNu6td0FbA,UC3UVO7pTbeYvZ3ILEyRDskQ,1
UC7dadZG7kkGYnsNu6td0FbA,UCW80DaMjQlEUibC98Cot-Dg,1
UC7dadZG7kkGYnsNu6td0FbA,UC32oozucwCF3q8d4m8fyOUg,1
UC7dadZG7kkGYnsNu6td0FbA,UCqCrvuoJpC-aVb0f4logQRQ,1
UC7dadZG7kkGYnsNu6td0FbA,UCCBYcToQ2dwkd6TJh0FSyDg,1
UC7dadZG7kkGYnsNu6td0FbA,UCW-JC6lebVmf2P1dmY_L94g,1
UC7dadZG7kkGYnsNu6td0FbA,UCNpt5CQlTzNjlAKY6CJtClQ,1
UC7dadZG7kkGYnsNu6td0FbA,UCGGHbtfbbe0o68etrOf0qxw,1
UC7dadZG7kkGYnsNu6td0FbA,UCQyOePccUP-fIJYzchAgZYw,1
UC7dadZG7kkGYnsNu6td0FbA,UCaKAjTW9MVub_clgr4DRYjQ,1
UC7dadZG7kkGYnsNu6td0FbA,UClqA491Xa5fQcXcJJa-vTWw,1
UC7dadZG7kkGYnsNu6td0FbA,UCWoAVGVqCn4xtINCMOTM4jg,1
UC7dadZG7kkGYnsNu6td0FbA,UCHbwIx9pmQuf7i-4_xO2EpA,1
UC7dadZG7kkGYnsNu6td0FbA,UCiC-Jn7wdgyQV4_Urk0DkWQ,1
UCeDNEtI8_a42bZ47wJiJMwQ,UCDrmf9y9nLgFY5wnA2hTuGA,1
UCeDNEtI8_a42bZ47wJiJMwQ,UCQqlPPUGqAfWjd-FSh_qn7Q,1
UCeDNEtI8_a42bZ47wJiJMwQ,UCZeIIQrGAedW8tCbKWmGY-A,1
UCeDNEtI8_a42bZ47wJiJMwQ,UClhMWQ7XKWywYvbRnuf8QsA,1
UCeDNEtI8_a42bZ47wJiJMwQ,UC816IGbFCZinfYS1LRDaaHg,1
UCeDNEtI8_a42bZ47wJiJMwQ,UCuXmOjxC-htcprLgeVXz6Tg,1
UCeDNEtI8_a42bZ47wJiJMwQ,UC5hvEnRUzI4Kfvwnyi4QxqQ,1
UCeDNEtI8_a42bZ47wJiJMwQ,UCgJNFj5dnxXpcMvmuhZDPxA,1
UCeDNEtI8_a42bZ47wJiJMwQ,UCylqlpsh8ENNM1LqgQ1KbxA,1
UCeDNEtI8_a42bZ47wJiJMwQ,UC-fiZBS5Gp1eCJd9ucgWnCg,1
UCeDNEtI8_a42bZ47wJiJMwQ,UCe8JZoYkX5oKUZyivHYdXhw,1
UCeDNEtI8_a42bZ47wJiJMwQ,UC95PSMouTx2N5CbSq0hIyrQ,1
UCeDNEtI8_a42bZ47wJiJMwQ,UCkVtmkK07b2zaVVNssX4lOg,1
UCeDNEtI8_a42bZ47wJiJMwQ,UCpe5jW3MIqkgTJ-PgkzvM6Q,1
UCeDNEtI8_a42bZ47wJiJMwQ,UCdFlugHJJa4l3YqWuNRmvXw,1
UCeDNEtI8_a42bZ47wJiJMwQ,UCpsKOkt5iWTbenzeuq7dsmQ,1
UCeDNEtI8_a42bZ47wJiJMwQ,UCu8_3-Wg-YzNyvHYQDEscfw,1
UCeDNEtI8_a42bZ47wJiJMwQ,UC_LYoGs5C3mbZKZuKuqYCvw,1
UCeDNEtI8_a42bZ47wJiJMwQ,UCsGoJEvb-cFPZ2rWoJcXzEQ,1
UCeDNEtI8_a42bZ47wJiJMwQ,UCAKuKvcbfnBD3kF5njNu-IA,1
UCeDNEtI8_a42bZ47wJiJMwQ,UColMq7LmaoY3MT6aIDGrGvA,1
UCeDNEtI8_a42bZ47wJiJMwQ,UCwgCc9Jd_gG-uLE_SY-FfPg,1
UCeDNEtI8_a42bZ47wJiJMwQ,UCgQw_Sbq3ugruDUKsq1e0-A,1
UCeDNEtI8_a42bZ47wJiJMwQ,UCV0lM03g5fg5pbPj97-sAtA,1
UCeDNEtI8_a42bZ47wJiJMwQ,UC6Uj1FT5JjDSF8vudvDxPAA,1
UCeDNEtI8_a42bZ47wJiJMwQ,UCRAquv8el-tQ30bN7MlmySQ,1
UCeDNEtI8_a42bZ47wJiJMwQ,UC4Avya4kmR4Q0FrfFdBozSQ,1
UCeDNEtI8_a42bZ47wJiJMwQ,UCkbsS_3D-pvg1iHOld9uvIg,1
UCeDNEtI8_a42bZ47wJiJMwQ,UCUoYsrx1oZnCZ0usbBJn4fA,1
UCeDNEtI8_a42bZ47wJiJMwQ,UCRvPToDkkumha7WJAfCDk1A,1
UCeDNEtI8_a42bZ47wJiJMwQ,UC1DpqK6vaPEkBOMNvypsKYg,1
UCeDNEtI8_a42bZ47wJiJMwQ,UCOcUI5XkTYNMSFhZNMIPpGg,1
UCeDNEtI8_a42bZ47wJiJMwQ,UC3UVO7pTbeYvZ3ILEyRDskQ,1
UCeDNEtI8_a42bZ47wJiJMwQ,UCW80DaMjQlEUibC98Cot-Dg,1
UCeDNEtI8_a42bZ47wJiJMwQ,UC32oozucwCF3q8d4m8fyOUg,1
UCeDNEtI8_a42bZ47wJiJMwQ,UCqCrvuoJpC-aVb0f4logQRQ,1
UCeDNEtI8_a42bZ47wJiJMwQ,UCCBYcToQ2dwkd6TJh0FSyDg,1
UCeDNEtI8_a42bZ47wJiJMwQ,UCW-JC6lebVmf2P1dmY_L94g,1
UCeDNEtI8_a42bZ47wJiJMwQ,UCNpt5CQlTzNjlAKY6CJtClQ,1
UCeDNEtI8_a42bZ47wJiJMwQ,UCGGHbtfbbe0o68etrOf0qxw,1
UCeDNEtI8_a42bZ47wJiJMwQ,UCQyOePccUP-fIJYzchAgZYw,1
UCeDNEtI8_a42bZ47wJiJMwQ,UCaKAjTW9MVub_clgr4DRYjQ,1
UCeDNEtI8_a42bZ47wJiJMwQ,UClqA491Xa5fQcXcJJa-vTWw,1
UCeDNEtI8_a42bZ47wJiJMwQ,UCWoAVGVqCn4xtINCMOTM4jg,1
UCeDNEtI8_a42bZ47wJiJMwQ,UCHbwIx9pmQuf7i-4_xO2EpA,1
UCeDNEtI8_a42bZ47wJiJMwQ,UCiC-Jn7wdgyQV4_Urk0DkWQ,1
UCHGd14aYuZZShLD73dkk6mg,UCWWkebAekppaL5b5CNlppuw,1
UCHGd14aYuZZShLD73dkk6mg,UCQIdKuZ-OzuFqy0KjGrgesg,1
UCcfdg8crmMJwEuLUsAhV7yg,UCSou6a2OuYGSvPjm5psquyA,1
UCcfdg8crmMJwEuLUsAhV7yg,UC2weSE8rpqkGMOp6StYtVfg,1
UCcfdg8crmMJwEuLUsAhV7yg,UCiGRBf2RNF0WRKhRVT7zFoA,1
UCcfdg8crmMJwEuLUsAhV7yg,UCpIdtvoFHVLGASGB5ySqIEA,1
UCcfdg8crmMJwEuLUsAhV7yg,UC8F2V63KZ4ZEay6opX2hAQw,1
UCcfdg8crmMJwEuLUsAhV7yg,UC3E9mAgP7VoAE5mZoAexl5g,1
UCcfdg8crmMJwEuLUsAhV7yg,UCErZPJpHmLCsXs8ZWkAUupQ,1
UCcfdg8crmMJwEuLUsAhV7yg,UCut6b9S98nv84cVX89PmKzA,1
UCcfdg8crmMJwEuLUsAhV7yg,UCXXh7yg5KUFIWylTiKVEFKQ,1
UCcfdg8crmMJwEuLUsAhV7yg,UCDPWkUX3sNNaCx-m1dV4glA,1
UCcfdg8crmMJwEuLUsAhV7yg,UCNkcuy42zEwddwEcOd_HpnA,1
UCcfdg8crmMJwEuLUsAhV7yg,UCz3gu01bmjNv0DpRq-K3XYg,1
UCcfdg8crmMJwEuLUsAhV7yg,UCp4iw5_5SmV9VGTFSNVGOmQ,1
UCcfdg8crmMJwEuLUsAhV7yg,UCWIZUtKJ636y-4TYrNvok0g,1
UCcfdg8crmMJwEuLUsAhV7yg,UCvApqeCbLod-wejtT4CcVuA,1
UCcfdg8crmMJwEuLUsAhV7yg,UCgvw7xIdGFupzpt1Y_BFkEA,1
UCcfdg8crmMJwEuLUsAhV7yg,UCtUR3_CAiE7fCoZHM6cMfyQ,1
UCcfdg8crmMJwEuLUsAhV7yg,UCmvOgzmmXbjUthHy-WJ52hQ,1
UCcfdg8crmMJwEuLUsAhV7yg,UCtNfIBnc5S5DbbQj_yxgJTw,1
UCcfdg8crmMJwEuLUsAhV7yg,UCmjppp6ujz3SAnULvP3sZMw,1
UCcfdg8crmMJwEuLUsAhV7yg,UCYwpX26TrCxq8TvbKGRYLXA,1
UCcfdg8crmMJwEuLUsAhV7yg,UCL13XhnRzbGokEkCkEOb0-g,1
UCcfdg8crmMJwEuLUsAhV7yg,UChZknRmJkeGeQk0-mQuhDOg,1
UCcfdg8crmMJwEuLUsAhV7yg,UCThW2XNsAaBKme5PUt7n-Zg,1
UCcfdg8crmMJwEuLUsAhV7yg,UC5bG9nc_JV3FsNP2KseQiYw,1
UCcfdg8crmMJwEuLUsAhV7yg,UCL1MT278vSaQ83ZDkVWn1gw,1
UCcfdg8crmMJwEuLUsAhV7yg,UCh5ESQvtzyHDhCA7XyekCFA,1
UCcfdg8crmMJwEuLUsAhV7yg,UCDftMWXQoJ6nONfY7GVOVjg,1
UCcfdg8crmMJwEuLUsAhV7yg,UC8r11yOugM2NuRfitQOxLLg,1
UCcfdg8crmMJwEuLUsAhV7yg,UCzSfZlOVxBSs5ObD25ywxDQ,1
UCcfdg8crmMJwEuLUsAhV7yg,UC8G5cJONY8L9voMyBW8Eoug,1
UCcfdg8crmMJwEuLUsAhV7yg,UCsJJAvrVGupdmhOqgtDp8dg,1
UCcfdg8crmMJwEuLUsAhV7yg,UCEgEQmRbtL5fwr9_DqAC--g,1
UCcfdg8crmMJwEuLUsAhV7yg,UCljDbleJul41G1TzOjOZAVA,1
UCcfdg8crmMJwEuLUsAhV7yg,UCQgYjVngJRfPHDLGB5X6ZjA,1
UCcfdg8crmMJwEuLUsAhV7yg,UCAmtbUiIrUIhikru0ZoTFig,1
UCcfdg8crmMJwEuLUsAhV7yg,UCB5p8a5gklc80jJItP6xTHg,1
UCcfdg8crmMJwEuLUsAhV7yg,UC4cXueR2bKGFJV0Fk76gwmA,1
UCcfdg8crmMJwEuLUsAhV7yg,UCrJn_rbo_ENAdeqneS-RmRw,1
UCcfdg8crmMJwEuLUsAhV7yg,UCiMythXHsw7eQEMykCdmMUA,1
UCcfdg8crmMJwEuLUsAhV7yg,UChs3tU2BcKOT0CezykvAsGw,1
UCcfdg8crmMJwEuLUsAhV7yg,UCUIIIPTVDVHAXqhC_5V6lPA,1
UCcfdg8crmMJwEuLUsAhV7yg,UCRETAiYdh2dL5ZxB0_N1zDA,1
UCcfdg8crmMJwEuLUsAhV7yg,UCRlCV9zSn7avAWh-9_XFWqQ,1
UCcfdg8crmMJwEuLUsAhV7yg,UCDQaQv0hr2SS_PO-CMEwVHg,1
UCcfdg8crmMJwEuLUsAhV7yg,UCDlr1VadSucIZgZ171pRBjQ,1
UCcfdg8crmMJwEuLUsAhV7yg,UC7VUuJr9cGh845CmTvf7TlQ,1
UCcfdg8crmMJwEuLUsAhV7yg,UCA93ym2TXs_Ibyxb4Vcn-6Q,1
UCcfdg8crmMJwEuLUsAhV7yg,UCXgr7vXlRrsaskPdo097kGA,1
UCcfdg8crmMJwEuLUsAhV7yg,UCjSKM9j0Q7HLDr1hD6D-TUw,1
UCcfdg8crmMJwEuLUsAhV7yg,UCj-LL25XJnjxepPKCc3NGog,1
UCcfdg8crmMJwEuLUsAhV7yg,UChgkn5Jt5tWKYMoEOuCjz3Q,1
UCcfdg8crmMJwEuLUsAhV7yg,UCLggDc_a5HriXv7I1h02sOA,1
UCcfdg8crmMJwEuLUsAhV7yg,UC3NMzdMYryaw82kPTnsaljg,1
UCcfdg8crmMJwEuLUsAhV7yg,UCFUuDARXdmmIrLppEqf-rFg,1
UCcfdg8crmMJwEuLUsAhV7yg,UCylqlpsh8ENNM1LqgQ1KbxA,1
UCcfdg8crmMJwEuLUsAhV7yg,UCCaYwkkbQGcvFoUmothVdQQ,1
UCcfdg8crmMJwEuLUsAhV7yg,UCySYJU5kUh7X8gVt9la2ISA,1
UCcfdg8crmMJwEuLUsAhV7yg,UC9vMq1YF-e7C-VO0SHkbUTA,1
UCcfdg8crmMJwEuLUsAhV7yg,UCr1emrogPKkKTs_WTtx71xg,1
UCcfdg8crmMJwEuLUsAhV7yg,UCV0iizTBoOfdAFX_thfI9BA,1
UCcfdg8crmMJwEuLUsAhV7yg,UCTylKrsqkrBKIqubMu_5N0Q,1
UCcfdg8crmMJwEuLUsAhV7yg,UC5H8ASmMC9WrURmzeB4ySog,1
UCcfdg8crmMJwEuLUsAhV7yg,UCDUffaruH6dyUnUGwsTKpgg,1
UCcfdg8crmMJwEuLUsAhV7yg,UCl0ekS9Tt0jJGtOEM18S63w,1
UCcfdg8crmMJwEuLUsAhV7yg,UCN6qbfPSzFtjhqUDZ3Cv3CQ,1
UCcfdg8crmMJwEuLUsAhV7yg,UC2Y_EHWQKevubk4vOEBBFxw,1
UCcfdg8crmMJwEuLUsAhV7yg,UCplrIQtaPj6au60_f2-mOYw,1
UCcfdg8crmMJwEuLUsAhV7yg,UCLFdHr9BEbXHkoJopbEPLZw,1
UCcfdg8crmMJwEuLUsAhV7yg,UCipetjeiWj4CZB6EbyYziZg,1
UCcfdg8crmMJwEuLUsAhV7yg,UCXSkL3ejZ8qWYyF_M7s_QKA,1
UCcfdg8crmMJwEuLUsAhV7yg,UCueV9cTyTDwgQSec1x2dYgA,1
UCcfdg8crmMJwEuLUsAhV7yg,UC6YSZqL0vEcI-niPKIMUGfw,1
UCcfdg8crmMJwEuLUsAhV7yg,UCFjudnPLoaSL1BaRuLahyHg,1
UCcfdg8crmMJwEuLUsAhV7yg,UCFxE8GbokBrBsPEKM1xrOjQ,1
UCcfdg8crmMJwEuLUsAhV7yg,UCDIMztpVm7G27qBuiWuT6oQ,1
UCcfdg8crmMJwEuLUsAhV7yg,UC-jS_kA9w-OmpupXDx156Rg,1
UCcfdg8crmMJwEuLUsAhV7yg,UCsjs5Hp_r86x1xbK6FAeqaA,1
UCcfdg8crmMJwEuLUsAhV7yg,UCQqetiwzzmRNTM5OWuXarGQ,1
UCcfdg8crmMJwEuLUsAhV7yg,UCQtSFINs1h6GHkpg9o5kMvg,1
UCcfdg8crmMJwEuLUsAhV7yg,UCsUCN0Yq_UyTvKjOJLmNrnQ,1
UCcfdg8crmMJwEuLUsAhV7yg,UCAlzM_N6xBlMYmM8EBzX86Q,1
UCcfdg8crmMJwEuLUsAhV7yg,UCOS8ViEkccrTZx2w2ccxotA,1
UCcfdg8crmMJwEuLUsAhV7yg,UCfM3nrxtTQMY5jFx1v1J4Gg,1
UCcfdg8crmMJwEuLUsAhV7yg,UCFhxtoeARHPnXXPcDrOU3Xg,1
UCcfdg8crmMJwEuLUsAhV7yg,UCNBnKqWf4d-rS4HwJRQljmQ,1
UCcfdg8crmMJwEuLUsAhV7yg,UC3XTwHxygNCgjndsg-UiCQA,1
UCcfdg8crmMJwEuLUsAhV7yg,UC650pRT-OYzny3GwOH8Cgfw,1
UCcfdg8crmMJwEuLUsAhV7yg,UC6PvO1_k5lHKGdAPo5_C6TA,1
UCcfdg8crmMJwEuLUsAhV7yg,UCxff05WuyvwELNITi7bj7UA,1
UCcfdg8crmMJwEuLUsAhV7yg,UC-pNP6RMFuLg_-x7Ah_0kEA,1
UCcfdg8crmMJwEuLUsAhV7yg,UCGzXwyCzMzGmjmCbH3Hg01Q,1
UCcfdg8crmMJwEuLUsAhV7yg,UCQtICyzWmhC5woCtbNgaSmg,1
UCcfdg8crmMJwEuLUsAhV7yg,UCTD6q1nyIe3Y7HhqjaMj72w,1
UCcfdg8crmMJwEuLUsAhV7yg,UCpsKOkt5iWTbenzeuq7dsmQ,1
UCcfdg8crmMJwEuLUsAhV7yg,UCHTGCgY2l-DQJIvlA_cpa_Q,1
UCcfdg8crmMJwEuLUsAhV7yg,UCi1b_TRQfgO1Z9O2gNGGWNA,1
UCcfdg8crmMJwEuLUsAhV7yg,UCZLG9qH0tUjNhEGFIUt0CYw,1
UCcfdg8crmMJwEuLUsAhV7yg,UCzoL2l5H5eVlorWGH8AZfAg,1
UCcfdg8crmMJwEuLUsAhV7yg,UCKDR0f2fu2UzWL8mBv5-BHw,1
UCcfdg8crmMJwEuLUsAhV7yg,UCjmPuazZJzscrwvk0QR9RVw,1
UCcfdg8crmMJwEuLUsAhV7yg,UCwha8rxULYMVtNwZWeSkE1A,1
UCcfdg8crmMJwEuLUsAhV7yg,UCQ_-LPP8JAbfkc-b1Q6NvWw,1
UCcfdg8crmMJwEuLUsAhV7yg,UCHhHUjaMAZ8SiXdCUCj9DkQ,1
UCcfdg8crmMJwEuLUsAhV7yg,UCRelkU8JiZBytTzebJxaa-w,1
UCcfdg8crmMJwEuLUsAhV7yg,UC72gBAtyb_VXQlYDcFrh6oQ,1
UCcfdg8crmMJwEuLUsAhV7yg,UC3MYTqpQqlWBuCB7Th0e0PA,1
UCcfdg8crmMJwEuLUsAhV7yg,UCZ51R_9Q9C0c8I3pAWhtmjQ,1
UCcfdg8crmMJwEuLUsAhV7yg,UCujPF2nBgsTD62nWE3lcpIg,1
UCcfdg8crmMJwEuLUsAhV7yg,UC9xr9QvIcDvoZNUX5f-jaZw,1
UCcfdg8crmMJwEuLUsAhV7yg,UCpl8rF8uv_8uui-QRvuJaRA,1
UCcfdg8crmMJwEuLUsAhV7yg,UCYN4wSQ1Sx4_LurxLlW7MPg,1
UCcfdg8crmMJwEuLUsAhV7yg,UC1vr9aaMI2crB0NvwFHUeoQ,1
UCcfdg8crmMJwEuLUsAhV7yg,UCOh6DaZC_x9HASnlRylEMfw,1
UCcfdg8crmMJwEuLUsAhV7yg,UCTP3O0rMnc8z8v8jaDQwL0w,1
UCcfdg8crmMJwEuLUsAhV7yg,UChep9kVb5gQmpodEEl10Xlg,1
UCcfdg8crmMJwEuLUsAhV7yg,UCFoIAE8k82D6AV-8gjjKaNg,1
UCcfdg8crmMJwEuLUsAhV7yg,UCOLGv5Pf6BF2wFcwUzgcvHg,1
UCkxdJ_yGN2gghOMo2ybQtXQ,UCvcu1kR8xMYy_I1Ty-2mV2Q,1
UCkxdJ_yGN2gghOMo2ybQtXQ,UCXO1BBohNWXkK9SBDAG2ySg,1
UCkxdJ_yGN2gghOMo2ybQtXQ,UCdQAuWwyC99MB7Y02Umj26Q,1
UCkxdJ_yGN2gghOMo2ybQtXQ,UChT7pzGytNd92Nmvi-zuWog,1
UCkxdJ_yGN2gghOMo2ybQtXQ,UCc_F88PzGWtA1OPNUEASulA,1
UCkxdJ_yGN2gghOMo2ybQtXQ,UCTTILH6QCIxbTnEWxwRqs1g,1
UCkxdJ_yGN2gghOMo2ybQtXQ,UCbrtvygfRT6QXqWDNrOf-cA,1
UCkxdJ_yGN2gghOMo2ybQtXQ,UCXVLc8CmAO813ubM-fLvCDw,1
UCkxdJ_yGN2gghOMo2ybQtXQ,UCxcoDvP-g2_KTZDmVZtvb3w,1
UCkxdJ_yGN2gghOMo2ybQtXQ,UCwEe1RKlEv1UpNWmWYfSh4w,1
UCkxdJ_yGN2gghOMo2ybQtXQ,UCOY3XpD9qMCRSA8AA8c4CAw,1
UCkxdJ_yGN2gghOMo2ybQtXQ,UCefAH1MbvADWUjE9WVcB9EQ,1
UCkxdJ_yGN2gghOMo2ybQtXQ,UCCUmP4PlbwgikVFpYwbtRTg,1
UCkxdJ_yGN2gghOMo2ybQtXQ,UCXl30Y_upRqbti52fmjK4YA,1
UC1WlJfQmaIskYhP4gmWoamw,UCozFYHN0e_-vlQbX3wQGOug,1
UC1WlJfQmaIskYhP4gmWoamw,UCat2qkYvqmtDNEmo2PVuhXw,1
UC1WlJfQmaIskYhP4gmWoamw,UCBlm80VQ4YoV3bUJR_XhkaQ,1
UC1WlJfQmaIskYhP4gmWoamw,UCxhtlxPV8AYWaNNyU6S9H8Q,1
UC1WlJfQmaIskYhP4gmWoamw,UCPNXmbOBVeC4HS-xemvcPtQ,1
UC1WlJfQmaIskYhP4gmWoamw,UCIgoiXdIKJyUGmUoH2Lxdzg,1
UC1WlJfQmaIskYhP4gmWoamw,UCrqXyRsg-_hTosURZ-uvoKg,1
UC1WlJfQmaIskYhP4gmWoamw,UCQMMuADgqWUOcJpLwHOzC-g,1
UC1WlJfQmaIskYhP4gmWoamw,UCGZMgmM92E3njyXNe9-kjAQ,1
UC1WlJfQmaIskYhP4gmWoamw,UCZjm6U576nX8WOiLhmMR3bw,1
UC1WlJfQmaIskYhP4gmWoamw,UC-QOpE7GOxlXcHZ8b7HbQKA,1
UC1WlJfQmaIskYhP4gmWoamw,UCtiHFjFu7d5v2XxHnKFUYig,1
UC1WlJfQmaIskYhP4gmWoamw,UCbNanjFI51cwGqMAb2rOrBw,1
UC1WlJfQmaIskYhP4gmWoamw,UCi2KiZq63sRq8Mfbcp-MelQ,1
UC1WlJfQmaIskYhP4gmWoamw,UCVdjCrh4tQoX3haNAZv-n5A,1
UCljDbleJul41G1TzOjOZAVA,UCSou6a2OuYGSvPjm5psquyA,1
UCljDbleJul41G1TzOjOZAVA,UC2weSE8rpqkGMOp6StYtVfg,1
UCljDbleJul41G1TzOjOZAVA,UCiGRBf2RNF0WRKhRVT7zFoA,1
UCljDbleJul41G1TzOjOZAVA,UCpIdtvoFHVLGASGB5ySqIEA,1
UCljDbleJul41G1TzOjOZAVA,UC8F2V63KZ4ZEay6opX2hAQw,1
UCljDbleJul41G1TzOjOZAVA,UC3E9mAgP7VoAE5mZoAexl5g,1
UCljDbleJul41G1TzOjOZAVA,UCErZPJpHmLCsXs8ZWkAUupQ,1
UCljDbleJul41G1TzOjOZAVA,UCut6b9S98nv84cVX89PmKzA,1
UCljDbleJul41G1TzOjOZAVA,UCXXh7yg5KUFIWylTiKVEFKQ,1
UCljDbleJul41G1TzOjOZAVA,UCDPWkUX3sNNaCx-m1dV4glA,1
UCljDbleJul41G1TzOjOZAVA,UCNkcuy42zEwddwEcOd_HpnA,1
UCljDbleJul41G1TzOjOZAVA,UCz3gu01bmjNv0DpRq-K3XYg,1
UCljDbleJul41G1TzOjOZAVA,UCp4iw5_5SmV9VGTFSNVGOmQ,1
UCljDbleJul41G1TzOjOZAVA,UCWIZUtKJ636y-4TYrNvok0g,1
UCljDbleJul41G1TzOjOZAVA,UCvApqeCbLod-wejtT4CcVuA,1
UCljDbleJul41G1TzOjOZAVA,UCgvw7xIdGFupzpt1Y_BFkEA,1
UCljDbleJul41G1TzOjOZAVA,UCtUR3_CAiE7fCoZHM6cMfyQ,1
UCljDbleJul41G1TzOjOZAVA,UCmvOgzmmXbjUthHy-WJ52hQ,1
UCljDbleJul41G1TzOjOZAVA,UCtNfIBnc5S5DbbQj_yxgJTw,1
UCljDbleJul41G1TzOjOZAVA,UCmjppp6ujz3SAnULvP3sZMw,1
UCljDbleJul41G1TzOjOZAVA,UCYwpX26TrCxq8TvbKGRYLXA,1
UCljDbleJul41G1TzOjOZAVA,UCL13XhnRzbGokEkCkEOb0-g,1
UCljDbleJul41G1TzOjOZAVA,UChZknRmJkeGeQk0-mQuhDOg,1
UCljDbleJul41G1TzOjOZAVA,UCThW2XNsAaBKme5PUt7n-Zg,1
UCljDbleJul41G1TzOjOZAVA,UC5bG9nc_JV3FsNP2KseQiYw,1
UCljDbleJul41G1TzOjOZAVA,UCL1MT278vSaQ83ZDkVWn1gw,1
UCljDbleJul41G1TzOjOZAVA,UCh5ESQvtzyHDhCA7XyekCFA,1
UCljDbleJul41G1TzOjOZAVA,UCDftMWXQoJ6nONfY7GVOVjg,1
UCljDbleJul41G1TzOjOZAVA,UC8r11yOugM2NuRfitQOxLLg,1
UCljDbleJul41G1TzOjOZAVA,UCzSfZlOVxBSs5ObD25ywxDQ,1
UCljDbleJul41G1TzOjOZAVA,UC8G5cJONY8L9voMyBW8Eoug,1
UCljDbleJul41G1TzOjOZAVA,UCsJJAvrVGupdmhOqgtDp8dg,1
UCljDbleJul41G1TzOjOZAVA,UCEgEQmRbtL5fwr9_DqAC--g,1
UCljDbleJul41G1TzOjOZAVA,UCQgYjVngJRfPHDLGB5X6ZjA,1
UCljDbleJul41G1TzOjOZAVA,UCAmtbUiIrUIhikru0ZoTFig,1
UCljDbleJul41G1TzOjOZAVA,UCB5p8a5gklc80jJItP6xTHg,1
UCljDbleJul41G1TzOjOZAVA,UC4cXueR2bKGFJV0Fk76gwmA,1
UCljDbleJul41G1TzOjOZAVA,UCrJn_rbo_ENAdeqneS-RmRw,1
UCljDbleJul41G1TzOjOZAVA,UCiMythXHsw7eQEMykCdmMUA,1
UCljDbleJul41G1TzOjOZAVA,UChs3tU2BcKOT0CezykvAsGw,1
UCljDbleJul41G1TzOjOZAVA,UCUIIIPTVDVHAXqhC_5V6lPA,1
UCljDbleJul41G1TzOjOZAVA,UCRETAiYdh2dL5ZxB0_N1zDA,1
UCljDbleJul41G1TzOjOZAVA,UCRlCV9zSn7avAWh-9_XFWqQ,1
UCljDbleJul41G1TzOjOZAVA,UCDQaQv0hr2SS_PO-CMEwVHg,1
UCljDbleJul41G1TzOjOZAVA,UCDlr1VadSucIZgZ171pRBjQ,1
UCljDbleJul41G1TzOjOZAVA,UC7VUuJr9cGh845CmTvf7TlQ,1
UCljDbleJul41G1TzOjOZAVA,UCA93ym2TXs_Ibyxb4Vcn-6Q,1
UCljDbleJul41G1TzOjOZAVA,UCXgr7vXlRrsaskPdo097kGA,1
UCljDbleJul41G1TzOjOZAVA,UCjSKM9j0Q7HLDr1hD6D-TUw,1
UCljDbleJul41G1TzOjOZAVA,UCj-LL25XJnjxepPKCc3NGog,1
UCljDbleJul41G1TzOjOZAVA,UChgkn5Jt5tWKYMoEOuCjz3Q,1
UCljDbleJul41G1TzOjOZAVA,UCLggDc_a5HriXv7I1h02sOA,1
UCljDbleJul41G1TzOjOZAVA,UC3NMzdMYryaw82kPTnsaljg,1
UCljDbleJul41G1TzOjOZAVA,UCFUuDARXdmmIrLppEqf-rFg,1
UCljDbleJul41G1TzOjOZAVA,UCylqlpsh8ENNM1LqgQ1KbxA,1
UCljDbleJul41G1TzOjOZAVA,UCCaYwkkbQGcvFoUmothVdQQ,1
UCljDbleJul41G1TzOjOZAVA,UCySYJU5kUh7X8gVt9la2ISA,1
UCljDbleJul41G1TzOjOZAVA,UC9vMq1YF-e7C-VO0SHkbUTA,1
UCljDbleJul41G1TzOjOZAVA,UCr1emrogPKkKTs_WTtx71xg,1
UCljDbleJul41G1TzOjOZAVA,UCV0iizTBoOfdAFX_thfI9BA,1
UCljDbleJul41G1TzOjOZAVA,UCTylKrsqkrBKIqubMu_5N0Q,1
UCljDbleJul41G1TzOjOZAVA,UC5H8ASmMC9WrURmzeB4ySog,1
UCljDbleJul41G1TzOjOZAVA,UCDUffaruH6dyUnUGwsTKpgg,1
UCljDbleJul41G1TzOjOZAVA,UCl0ekS9Tt0jJGtOEM18S63w,1
UCljDbleJul41G1TzOjOZAVA,UCN6qbfPSzFtjhqUDZ3Cv3CQ,1
UCljDbleJul41G1TzOjOZAVA,UC2Y_EHWQKevubk4vOEBBFxw,1
UCljDbleJul41G1TzOjOZAVA,UCplrIQtaPj6au60_f2-mOYw,1
UCljDbleJul41G1TzOjOZAVA,UCLFdHr9BEbXHkoJopbEPLZw,1
UCljDbleJul41G1TzOjOZAVA,UCipetjeiWj4CZB6EbyYziZg,1
UCljDbleJul41G1TzOjOZAVA,UCXSkL3ejZ8qWYyF_M7s_QKA,1
UCljDbleJul41G1TzOjOZAVA,UCueV9cTyTDwgQSec1x2dYgA,1
UCljDbleJul41G1TzOjOZAVA,UC6YSZqL0vEcI-niPKIMUGfw,1
UCljDbleJul41G1TzOjOZAVA,UCFjudnPLoaSL1BaRuLahyHg,1
UCljDbleJul41G1TzOjOZAVA,UCFxE8GbokBrBsPEKM1xrOjQ,1
UCljDbleJul41G1TzOjOZAVA,UCDIMztpVm7G27qBuiWuT6oQ,1
UCljDbleJul41G1TzOjOZAVA,UC-jS_kA9w-OmpupXDx156Rg,1
UCljDbleJul41G1TzOjOZAVA,UCsjs5Hp_r86x1xbK6FAeqaA,1
UCljDbleJul41G1TzOjOZAVA,UCQqetiwzzmRNTM5OWuXarGQ,1
UCljDbleJul41G1TzOjOZAVA,UCQtSFINs1h6GHkpg9o5kMvg,1
UCljDbleJul41G1TzOjOZAVA,UCsUCN0Yq_UyTvKjOJLmNrnQ,1
UCljDbleJul41G1TzOjOZAVA,UCAlzM_N6xBlMYmM8EBzX86Q,1
UCljDbleJul41G1TzOjOZAVA,UCOS8ViEkccrTZx2w2ccxotA,1
UCljDbleJul41G1TzOjOZAVA,UCfM3nrxtTQMY5jFx1v1J4Gg,1
UCljDbleJul41G1TzOjOZAVA,UCFhxtoeARHPnXXPcDrOU3Xg,1
UCljDbleJul41G1TzOjOZAVA,UCNBnKqWf4d-rS4HwJRQljmQ,1
UCljDbleJul41G1TzOjOZAVA,UC3XTwHxygNCgjndsg-UiCQA,1
UCljDbleJul41G1TzOjOZAVA,UC650pRT-OYzny3GwOH8Cgfw,1
UCljDbleJul41G1TzOjOZAVA,UC6PvO1_k5lHKGdAPo5_C6TA,1
UCljDbleJul41G1TzOjOZAVA,UCxff05WuyvwELNITi7bj7UA,1
UCljDbleJul41G1TzOjOZAVA,UC-pNP6RMFuLg_-x7Ah_0kEA,1
UCljDbleJul41G1TzOjOZAVA,UCGzXwyCzMzGmjmCbH3Hg01Q,1
UCljDbleJul41G1TzOjOZAVA,UCQtICyzWmhC5woCtbNgaSmg,1
UCljDbleJul41G1TzOjOZAVA,UCTD6q1nyIe3Y7HhqjaMj72w,1
UCljDbleJul41G1TzOjOZAVA,UCpsKOkt5iWTbenzeuq7dsmQ,1
UCljDbleJul41G1TzOjOZAVA,UCHTGCgY2l-DQJIvlA_cpa_Q,1
UCljDbleJul41G1TzOjOZAVA,UCi1b_TRQfgO1Z9O2gNGGWNA,1
UCljDbleJul41G1TzOjOZAVA,UCZLG9qH0tUjNhEGFIUt0CYw,1
UCljDbleJul41G1TzOjOZAVA,UCzoL2l5H5eVlorWGH8AZfAg,1
UCljDbleJul41G1TzOjOZAVA,UCKDR0f2fu2UzWL8mBv5-BHw,1
UCljDbleJul41G1TzOjOZAVA,UCjmPuazZJzscrwvk0QR9RVw,1
UCljDbleJul41G1TzOjOZAVA,UCwha8rxULYMVtNwZWeSkE1A,1
UCljDbleJul41G1TzOjOZAVA,UCQ_-LPP8JAbfkc-b1Q6NvWw,1
UCljDbleJul41G1TzOjOZAVA,UCHhHUjaMAZ8SiXdCUCj9DkQ,1
UCljDbleJul41G1TzOjOZAVA,UCRelkU8JiZBytTzebJxaa-w,1
UCljDbleJul41G1TzOjOZAVA,UC72gBAtyb_VXQlYDcFrh6oQ,1
UCljDbleJul41G1TzOjOZAVA,UC3MYTqpQqlWBuCB7Th0e0PA,1
UCljDbleJul41G1TzOjOZAVA,UCZ51R_9Q9C0c8I3pAWhtmjQ,1
UCljDbleJul41G1TzOjOZAVA,UCujPF2nBgsTD62nWE3lcpIg,1
UCljDbleJul41G1TzOjOZAVA,UC9xr9QvIcDvoZNUX5f-jaZw,1
UCljDbleJul41G1TzOjOZAVA,UCpl8rF8uv_8uui-QRvuJaRA,1
UCljDbleJul41G1TzOjOZAVA,UCYN4wSQ1Sx4_LurxLlW7MPg,1
UCljDbleJul41G1TzOjOZAVA,UC1vr9aaMI2crB0NvwFHUeoQ,1
UCljDbleJul41G1TzOjOZAVA,UCOh6DaZC_x9HASnlRylEMfw,1
UCljDbleJul41G1TzOjOZAVA,UCTP3O0rMnc8z8v8jaDQwL0w,1
UCljDbleJul41G1TzOjOZAVA,UChep9kVb5gQmpodEEl10Xlg,1
UCljDbleJul41G1TzOjOZAVA,UCFoIAE8k82D6AV-8gjjKaNg,1
UCljDbleJul41G1TzOjOZAVA,UCOLGv5Pf6BF2wFcwUzgcvHg,1
UCk4O-J1BhoqPmig1KLGJePA,UCdFlugHJJa4l3YqWuNRmvXw,1
UCk4O-J1BhoqPmig1KLGJePA,UCBtB5dIyx-C16UN8ClUD2UA,1
UCk4O-J1BhoqPmig1KLGJePA,UCfRqgt2O-vjzUDMZY_tnxQw,1
UCk4O-J1BhoqPmig1KLGJePA,UC4kg7zuTfqQKLd2bkZrSYBA,1
UCk4O-J1BhoqPmig1KLGJePA,UCLh1Kde4_vI1sTZBkTNP7RQ,1
UCaT6M2zp7X6r6Whd8Vv3kHQ,UC0aEyakBPqcBkVJiErfSupQ,1
UCaT6M2zp7X6r6Whd8Vv3kHQ,UCwUAv3_LpWVtTIi7lkmTL7A,1
UCaT6M2zp7X6r6Whd8Vv3kHQ,UC5fvhAfm89JH8eDFdvc0xYw,1
UCaT6M2zp7X6r6Whd8Vv3kHQ,UC_ljZ1hZXR9pzexFz87P5ZA,1
UCaT6M2zp7X6r6Whd8Vv3kHQ,UCRcSR3Lvn9DZAmJpVPANfZQ,1
UCaT6M2zp7X6r6Whd8Vv3kHQ,UCY7Hq7F9Lnucf-Yr6JkHZNw,1
UCaT6M2zp7X6r6Whd8Vv3kHQ,UCIUhbSCy3-SGRe5UtqM4fzQ,1
UCaT6M2zp7X6r6Whd8Vv3kHQ,UCSTAUWVc1_82DHYeqOsqEFA,1
UCaT6M2zp7X6r6Whd8Vv3kHQ,UCGqKxQS-z3NZzZF-2w338AA,1
UCaT6M2zp7X6r6Whd8Vv3kHQ,UCtMBF_1O2jY2INlb_luuB_A,1
UCaT6M2zp7X6r6Whd8Vv3kHQ,UCIp19h9igblA2YKfSLPDAug,1
UCaT6M2zp7X6r6Whd8Vv3kHQ,UCyzf29IYjNw67gGIfsjgtxA,1
UCaT6M2zp7X6r6Whd8Vv3kHQ,UCs_5qeqdku9tGAq22y3OcuQ,1
UCaT6M2zp7X6r6Whd8Vv3kHQ,UCXmrpc6Li0spcKxtS0Q_ptg,1
UCaT6M2zp7X6r6Whd8Vv3kHQ,UCgLurCo-e019HGODcjXHWCw,1
UCaT6M2zp7X6r6Whd8Vv3kHQ,UCHMQ_lDhibZ-XZ_3fo6oxwg,1
UCaT6M2zp7X6r6Whd8Vv3kHQ,UCxKR3RA8T-kxMgq_2WWhRcQ,1
UCaT6M2zp7X6r6Whd8Vv3kHQ,UCgLrWFdYitoP-b7-PxtUr-w,1
UCaT6M2zp7X6r6Whd8Vv3kHQ,UCqilIa8r7iek5sGYg_q6ofA,1
UCaT6M2zp7X6r6Whd8Vv3kHQ,UCFOxCyF926Y9eHhMeVoWLzw,1
UCaT6M2zp7X6r6Whd8Vv3kHQ,UCi-vPdnpQreC7BkFs40mJGA,1
UCaT6M2zp7X6r6Whd8Vv3kHQ,UCRznz9-N3Qc1w-qNdLSIY2Q,1
UCOcUI5XkTYNMSFhZNMIPpGg,UCDrmf9y9nLgFY5wnA2hTuGA,1
UCOcUI5XkTYNMSFhZNMIPpGg,UCQqlPPUGqAfWjd-FSh_qn7Q,1
UCOcUI5XkTYNMSFhZNMIPpGg,UCZeIIQrGAedW8tCbKWmGY-A,1
UCOcUI5XkTYNMSFhZNMIPpGg,UClhMWQ7XKWywYvbRnuf8QsA,1
UCOcUI5XkTYNMSFhZNMIPpGg,UC816IGbFCZinfYS1LRDaaHg,1
UCOcUI5XkTYNMSFhZNMIPpGg,UCuXmOjxC-htcprLgeVXz6Tg,1
UCOcUI5XkTYNMSFhZNMIPpGg,UC5hvEnRUzI4Kfvwnyi4QxqQ,1
UCOcUI5XkTYNMSFhZNMIPpGg,UCgJNFj5dnxXpcMvmuhZDPxA,1
UCOcUI5XkTYNMSFhZNMIPpGg,UCylqlpsh8ENNM1LqgQ1KbxA,1
UCOcUI5XkTYNMSFhZNMIPpGg,UC-fiZBS5Gp1eCJd9ucgWnCg,1
UCOcUI5XkTYNMSFhZNMIPpGg,UCe8JZoYkX5oKUZyivHYdXhw,1
UCOcUI5XkTYNMSFhZNMIPpGg,UC95PSMouTx2N5CbSq0hIyrQ,1
UCOcUI5XkTYNMSFhZNMIPpGg,UCkVtmkK07b2zaVVNssX4lOg,1
UCOcUI5XkTYNMSFhZNMIPpGg,UCpe5jW3MIqkgTJ-PgkzvM6Q,1
UCOcUI5XkTYNMSFhZNMIPpGg,UCdFlugHJJa4l3YqWuNRmvXw,1
UCOcUI5XkTYNMSFhZNMIPpGg,UCpsKOkt5iWTbenzeuq7dsmQ,1
UCOcUI5XkTYNMSFhZNMIPpGg,UCu8_3-Wg-YzNyvHYQDEscfw,1
UCOcUI5XkTYNMSFhZNMIPpGg,UC_LYoGs5C3mbZKZuKuqYCvw,1
UCOcUI5XkTYNMSFhZNMIPpGg,UCsGoJEvb-cFPZ2rWoJcXzEQ,1
UCOcUI5XkTYNMSFhZNMIPpGg,UCAKuKvcbfnBD3kF5njNu-IA,1
UCOcUI5XkTYNMSFhZNMIPpGg,UColMq7LmaoY3MT6aIDGrGvA,1
UCOcUI5XkTYNMSFhZNMIPpGg,UCwgCc9Jd_gG-uLE_SY-FfPg,1
UCOcUI5XkTYNMSFhZNMIPpGg,UCgQw_Sbq3ugruDUKsq1e0-A,1
UCOcUI5XkTYNMSFhZNMIPpGg,UCV0lM03g5fg5pbPj97-sAtA,1
UCOcUI5XkTYNMSFhZNMIPpGg,UC6Uj1FT5JjDSF8vudvDxPAA,1
UCOcUI5XkTYNMSFhZNMIPpGg,UCRAquv8el-tQ30bN7MlmySQ,1
UCOcUI5XkTYNMSFhZNMIPpGg,UC4Avya4kmR4Q0FrfFdBozSQ,1
UCOcUI5XkTYNMSFhZNMIPpGg,UCkbsS_3D-pvg1iHOld9uvIg,1
UCOcUI5XkTYNMSFhZNMIPpGg,UCUoYsrx1oZnCZ0usbBJn4fA,1
UCOcUI5XkTYNMSFhZNMIPpGg,UCRvPToDkkumha7WJAfCDk1A,1
UCOcUI5XkTYNMSFhZNMIPpGg,UC1DpqK6vaPEkBOMNvypsKYg,1
UCOcUI5XkTYNMSFhZNMIPpGg,UC3UVO7pTbeYvZ3ILEyRDskQ,1
UCOcUI5XkTYNMSFhZNMIPpGg,UCW80DaMjQlEUibC98Cot-Dg,1
UCOcUI5XkTYNMSFhZNMIPpGg,UC32oozucwCF3q8d4m8fyOUg,1
UCOcUI5XkTYNMSFhZNMIPpGg,UCqCrvuoJpC-aVb0f4logQRQ,1
UCOcUI5XkTYNMSFhZNMIPpGg,UCCBYcToQ2dwkd6TJh0FSyDg,1
UCOcUI5XkTYNMSFhZNMIPpGg,UCW-JC6lebVmf2P1dmY_L94g,1
UCOcUI5XkTYNMSFhZNMIPpGg,UCNpt5CQlTzNjlAKY6CJtClQ,1
UCOcUI5XkTYNMSFhZNMIPpGg,UCGGHbtfbbe0o68etrOf0qxw,1
UCOcUI5XkTYNMSFhZNMIPpGg,UCQyOePccUP-fIJYzchAgZYw,1
UCOcUI5XkTYNMSFhZNMIPpGg,UCaKAjTW9MVub_clgr4DRYjQ,1
UCOcUI5XkTYNMSFhZNMIPpGg,UClqA491Xa5fQcXcJJa-vTWw,1
UCOcUI5XkTYNMSFhZNMIPpGg,UCWoAVGVqCn4xtINCMOTM4jg,1
UCOcUI5XkTYNMSFhZNMIPpGg,UCHbwIx9pmQuf7i-4_xO2EpA,1
UCOcUI5XkTYNMSFhZNMIPpGg,UCiC-Jn7wdgyQV4_Urk0DkWQ,1
UCrJn_rbo_ENAdeqneS-RmRw,UCSou6a2OuYGSvPjm5psquyA,1
UCrJn_rbo_ENAdeqneS-RmRw,UC2weSE8rpqkGMOp6StYtVfg,1
UCrJn_rbo_ENAdeqneS-RmRw,UCiGRBf2RNF0WRKhRVT7zFoA,1
UCrJn_rbo_ENAdeqneS-RmRw,UCpIdtvoFHVLGASGB5ySqIEA,1
UCrJn_rbo_ENAdeqneS-RmRw,UC8F2V63KZ4ZEay6opX2hAQw,1
UCrJn_rbo_ENAdeqneS-RmRw,UC3E9mAgP7VoAE5mZoAexl5g,1
UCrJn_rbo_ENAdeqneS-RmRw,UCErZPJpHmLCsXs8ZWkAUupQ,1
UCrJn_rbo_ENAdeqneS-RmRw,UCut6b9S98nv84cVX89PmKzA,1
UCrJn_rbo_ENAdeqneS-RmRw,UCXXh7yg5KUFIWylTiKVEFKQ,1
UCrJn_rbo_ENAdeqneS-RmRw,UCDPWkUX3sNNaCx-m1dV4glA,1
UCrJn_rbo_ENAdeqneS-RmRw,UCNkcuy42zEwddwEcOd_HpnA,1
UCrJn_rbo_ENAdeqneS-RmRw,UCz3gu01bmjNv0DpRq-K3XYg,1
UCrJn_rbo_ENAdeqneS-RmRw,UCp4iw5_5SmV9VGTFSNVGOmQ,1
UCrJn_rbo_ENAdeqneS-RmRw,UCWIZUtKJ636y-4TYrNvok0g,1
UCrJn_rbo_ENAdeqneS-RmRw,UCvApqeCbLod-wejtT4CcVuA,1
UCrJn_rbo_ENAdeqneS-RmRw,UCgvw7xIdGFupzpt1Y_BFkEA,1
UCrJn_rbo_ENAdeqneS-RmRw,UCtUR3_CAiE7fCoZHM6cMfyQ,1
UCrJn_rbo_ENAdeqneS-RmRw,UCmvOgzmmXbjUthHy-WJ52hQ,1
UCrJn_rbo_ENAdeqneS-RmRw,UCtNfIBnc5S5DbbQj_yxgJTw,1
UCrJn_rbo_ENAdeqneS-RmRw,UCmjppp6ujz3SAnULvP3sZMw,1
UCrJn_rbo_ENAdeqneS-RmRw,UCYwpX26TrCxq8TvbKGRYLXA,1
UCrJn_rbo_ENAdeqneS-RmRw,UCL13XhnRzbGokEkCkEOb0-g,1
UCrJn_rbo_ENAdeqneS-RmRw,UChZknRmJkeGeQk0-mQuhDOg,1
UCrJn_rbo_ENAdeqneS-RmRw,UCThW2XNsAaBKme5PUt7n-Zg,1
UCrJn_rbo_ENAdeqneS-RmRw,UC5bG9nc_JV3FsNP2KseQiYw,1
UCrJn_rbo_ENAdeqneS-RmRw,UCL1MT278vSaQ83ZDkVWn1gw,1
UCrJn_rbo_ENAdeqneS-RmRw,UCh5ESQvtzyHDhCA7XyekCFA,1
UCrJn_rbo_ENAdeqneS-RmRw,UCDftMWXQoJ6nONfY7GVOVjg,1
UCrJn_rbo_ENAdeqneS-RmRw,UC8r11yOugM2NuRfitQOxLLg,1
UCrJn_rbo_ENAdeqneS-RmRw,UCzSfZlOVxBSs5ObD25ywxDQ,1
UCrJn_rbo_ENAdeqneS-RmRw,UC8G5cJONY8L9voMyBW8Eoug,1
UCrJn_rbo_ENAdeqneS-RmRw,UCsJJAvrVGupdmhOqgtDp8dg,1
UCrJn_rbo_ENAdeqneS-RmRw,UCEgEQmRbtL5fwr9_DqAC--g,1
UCrJn_rbo_ENAdeqneS-RmRw,UCQgYjVngJRfPHDLGB5X6ZjA,1
UCrJn_rbo_ENAdeqneS-RmRw,UCAmtbUiIrUIhikru0ZoTFig,1
UCrJn_rbo_ENAdeqneS-RmRw,UCB5p8a5gklc80jJItP6xTHg,1
UCrJn_rbo_ENAdeqneS-RmRw,UC4cXueR2bKGFJV0Fk76gwmA,1
UCrJn_rbo_ENAdeqneS-RmRw,UCiMythXHsw7eQEMykCdmMUA,1
UCrJn_rbo_ENAdeqneS-RmRw,UChs3tU2BcKOT0CezykvAsGw,1
UCrJn_rbo_ENAdeqneS-RmRw,UCUIIIPTVDVHAXqhC_5V6lPA,1
UCrJn_rbo_ENAdeqneS-RmRw,UCRETAiYdh2dL5ZxB0_N1zDA,1
UCrJn_rbo_ENAdeqneS-RmRw,UCRlCV9zSn7avAWh-9_XFWqQ,1
UCrJn_rbo_ENAdeqneS-RmRw,UCDQaQv0hr2SS_PO-CMEwVHg,1
UCrJn_rbo_ENAdeqneS-RmRw,UCDlr1VadSucIZgZ171pRBjQ,1
UCrJn_rbo_ENAdeqneS-RmRw,UC7VUuJr9cGh845CmTvf7TlQ,1
UCrJn_rbo_ENAdeqneS-RmRw,UCA93ym2TXs_Ibyxb4Vcn-6Q,1
UCrJn_rbo_ENAdeqneS-RmRw,UCXgr7vXlRrsaskPdo097kGA,1
UCrJn_rbo_ENAdeqneS-RmRw,UCjSKM9j0Q7HLDr1hD6D-TUw,1
UCrJn_rbo_ENAdeqneS-RmRw,UCj-LL25XJnjxepPKCc3NGog,1
UCrJn_rbo_ENAdeqneS-RmRw,UChgkn5Jt5tWKYMoEOuCjz3Q,1
UCrJn_rbo_ENAdeqneS-RmRw,UCLggDc_a5HriXv7I1h02sOA,1
UCrJn_rbo_ENAdeqneS-RmRw,UC3NMzdMYryaw82kPTnsaljg,1
UCrJn_rbo_ENAdeqneS-RmRw,UCFUuDARXdmmIrLppEqf-rFg,1
UCrJn_rbo_ENAdeqneS-RmRw,UCylqlpsh8ENNM1LqgQ1KbxA,1
UCrJn_rbo_ENAdeqneS-RmRw,UCCaYwkkbQGcvFoUmothVdQQ,1
UCrJn_rbo_ENAdeqneS-RmRw,UCySYJU5kUh7X8gVt9la2ISA,1
UCrJn_rbo_ENAdeqneS-RmRw,UC9vMq1YF-e7C-VO0SHkbUTA,1
UCrJn_rbo_ENAdeqneS-RmRw,UCr1emrogPKkKTs_WTtx71xg,1
UCrJn_rbo_ENAdeqneS-RmRw,UCV0iizTBoOfdAFX_thfI9BA,1
UCrJn_rbo_ENAdeqneS-RmRw,UCTylKrsqkrBKIqubMu_5N0Q,1
UCrJn_rbo_ENAdeqneS-RmRw,UC5H8ASmMC9WrURmzeB4ySog,1
UCrJn_rbo_ENAdeqneS-RmRw,UCDUffaruH6dyUnUGwsTKpgg,1
UCrJn_rbo_ENAdeqneS-RmRw,UCl0ekS9Tt0jJGtOEM18S63w,1
UCrJn_rbo_ENAdeqneS-RmRw,UCN6qbfPSzFtjhqUDZ3Cv3CQ,1
UCrJn_rbo_ENAdeqneS-RmRw,UC2Y_EHWQKevubk4vOEBBFxw,1
UCrJn_rbo_ENAdeqneS-RmRw,UCplrIQtaPj6au60_f2-mOYw,1
UCrJn_rbo_ENAdeqneS-RmRw,UCLFdHr9BEbXHkoJopbEPLZw,1
UCrJn_rbo_ENAdeqneS-RmRw,UCipetjeiWj4CZB6EbyYziZg,1
UCrJn_rbo_ENAdeqneS-RmRw,UCXSkL3ejZ8qWYyF_M7s_QKA,1
UCrJn_rbo_ENAdeqneS-RmRw,UCueV9cTyTDwgQSec1x2dYgA,1
UCrJn_rbo_ENAdeqneS-RmRw,UC6YSZqL0vEcI-niPKIMUGfw,1
UCrJn_rbo_ENAdeqneS-RmRw,UCFjudnPLoaSL1BaRuLahyHg,1
UCrJn_rbo_ENAdeqneS-RmRw,UCFxE8GbokBrBsPEKM1xrOjQ,1
UCrJn_rbo_ENAdeqneS-RmRw,UCDIMztpVm7G27qBuiWuT6oQ,1
UCrJn_rbo_ENAdeqneS-RmRw,UC-jS_kA9w-OmpupXDx156Rg,1
UCrJn_rbo_ENAdeqneS-RmRw,UCsjs5Hp_r86x1xbK6FAeqaA,1
UCrJn_rbo_ENAdeqneS-RmRw,UCQqetiwzzmRNTM5OWuXarGQ,1
UCrJn_rbo_ENAdeqneS-RmRw,UCQtSFINs1h6GHkpg9o5kMvg,1
UCrJn_rbo_ENAdeqneS-RmRw,UCsUCN0Yq_UyTvKjOJLmNrnQ,1
UCrJn_rbo_ENAdeqneS-RmRw,UCAlzM_N6xBlMYmM8EBzX86Q,1
UCrJn_rbo_ENAdeqneS-RmRw,UCOS8ViEkccrTZx2w2ccxotA,1
UCrJn_rbo_ENAdeqneS-RmRw,UCfM3nrxtTQMY5jFx1v1J4Gg,1
UCrJn_rbo_ENAdeqneS-RmRw,UCFhxtoeARHPnXXPcDrOU3Xg,1
UCrJn_rbo_ENAdeqneS-RmRw,UCNBnKqWf4d-rS4HwJRQljmQ,1
UCrJn_rbo_ENAdeqneS-RmRw,UC3XTwHxygNCgjndsg-UiCQA,1
UCrJn_rbo_ENAdeqneS-RmRw,UC650pRT-OYzny3GwOH8Cgfw,1
UCrJn_rbo_ENAdeqneS-RmRw,UC6PvO1_k5lHKGdAPo5_C6TA,1
UCrJn_rbo_ENAdeqneS-RmRw,UCxff05WuyvwELNITi7bj7UA,1
UCrJn_rbo_ENAdeqneS-RmRw,UC-pNP6RMFuLg_-x7Ah_0kEA,1
UCrJn_rbo_ENAdeqneS-RmRw,UCGzXwyCzMzGmjmCbH3Hg01Q,1
UCrJn_rbo_ENAdeqneS-RmRw,UCQtICyzWmhC5woCtbNgaSmg,1
UCrJn_rbo_ENAdeqneS-RmRw,UCTD6q1nyIe3Y7HhqjaMj72w,1
UCrJn_rbo_ENAdeqneS-RmRw,UCpsKOkt5iWTbenzeuq7dsmQ,1
UCrJn_rbo_ENAdeqneS-RmRw,UCHTGCgY2l-DQJIvlA_cpa_Q,1
UCrJn_rbo_ENAdeqneS-RmRw,UCi1b_TRQfgO1Z9O2gNGGWNA,1
UCrJn_rbo_ENAdeqneS-RmRw,UCZLG9qH0tUjNhEGFIUt0CYw,1
UCrJn_rbo_ENAdeqneS-RmRw,UCzoL2l5H5eVlorWGH8AZfAg,1
UCrJn_rbo_ENAdeqneS-RmRw,UCKDR0f2fu2UzWL8mBv5-BHw,1
UCrJn_rbo_ENAdeqneS-RmRw,UCjmPuazZJzscrwvk0QR9RVw,1
UCrJn_rbo_ENAdeqneS-RmRw,UCwha8rxULYMVtNwZWeSkE1A,1
UCrJn_rbo_ENAdeqneS-RmRw,UCQ_-LPP8JAbfkc-b1Q6NvWw,1
UCrJn_rbo_ENAdeqneS-RmRw,UCHhHUjaMAZ8SiXdCUCj9DkQ,1
UCrJn_rbo_ENAdeqneS-RmRw,UCRelkU8JiZBytTzebJxaa-w,1
UCrJn_rbo_ENAdeqneS-RmRw,UC72gBAtyb_VXQlYDcFrh6oQ,1
UCrJn_rbo_ENAdeqneS-RmRw,UC3MYTqpQqlWBuCB7Th0e0PA,1
UCrJn_rbo_ENAdeqneS-RmRw,UCZ51R_9Q9C0c8I3pAWhtmjQ,1
UCrJn_rbo_ENAdeqneS-RmRw,UCujPF2nBgsTD62nWE3lcpIg,1
UCrJn_rbo_ENAdeqneS-RmRw,UC9xr9QvIcDvoZNUX5f-jaZw,1
UCrJn_rbo_ENAdeqneS-RmRw,UCpl8rF8uv_8uui-QRvuJaRA,1
UCrJn_rbo_ENAdeqneS-RmRw,UCYN4wSQ1Sx4_LurxLlW7MPg,1
UCrJn_rbo_ENAdeqneS-RmRw,UC1vr9aaMI2crB0NvwFHUeoQ,1
UCrJn_rbo_ENAdeqneS-RmRw,UCOh6DaZC_x9HASnlRylEMfw,1
UCrJn_rbo_ENAdeqneS-RmRw,UCTP3O0rMnc8z8v8jaDQwL0w,1
UCrJn_rbo_ENAdeqneS-RmRw,UChep9kVb5gQmpodEEl10Xlg,1
UCrJn_rbo_ENAdeqneS-RmRw,UCFoIAE8k82D6AV-8gjjKaNg,1
UCrJn_rbo_ENAdeqneS-RmRw,UCOLGv5Pf6BF2wFcwUzgcvHg,1
UCyzf29IYjNw67gGIfsjgtxA,UC0aEyakBPqcBkVJiErfSupQ,1
UCyzf29IYjNw67gGIfsjgtxA,UCwUAv3_LpWVtTIi7lkmTL7A,1
UCyzf29IYjNw67gGIfsjgtxA,UC5fvhAfm89JH8eDFdvc0xYw,1
UCyzf29IYjNw67gGIfsjgtxA,UC_ljZ1hZXR9pzexFz87P5ZA,1
UCyzf29IYjNw67gGIfsjgtxA,UCRcSR3Lvn9DZAmJpVPANfZQ,1
UCyzf29IYjNw67gGIfsjgtxA,UCY7Hq7F9Lnucf-Yr6JkHZNw,1
UCyzf29IYjNw67gGIfsjgtxA,UCIUhbSCy3-SGRe5UtqM4fzQ,1
UCyzf29IYjNw67gGIfsjgtxA,UCSTAUWVc1_82DHYeqOsqEFA,1
UCyzf29IYjNw67gGIfsjgtxA,UCGqKxQS-z3NZzZF-2w338AA,1
UCyzf29IYjNw67gGIfsjgtxA,UCtMBF_1O2jY2INlb_luuB_A,1
UCyzf29IYjNw67gGIfsjgtxA,UCIp19h9igblA2YKfSLPDAug,1
UCyzf29IYjNw67gGIfsjgtxA,UCs_5qeqdku9tGAq22y3OcuQ,1
UCyzf29IYjNw67gGIfsjgtxA,UCXmrpc6Li0spcKxtS0Q_ptg,1
UCyzf29IYjNw67gGIfsjgtxA,UCgLurCo-e019HGODcjXHWCw,1
UCyzf29IYjNw67gGIfsjgtxA,UCHMQ_lDhibZ-XZ_3fo6oxwg,1
UCyzf29IYjNw67gGIfsjgtxA,UCxKR3RA8T-kxMgq_2WWhRcQ,1
UCyzf29IYjNw67gGIfsjgtxA,UCgLrWFdYitoP-b7-PxtUr-w,1
UCyzf29IYjNw67gGIfsjgtxA,UCqilIa8r7iek5sGYg_q6ofA,1
UCyzf29IYjNw67gGIfsjgtxA,UCFOxCyF926Y9eHhMeVoWLzw,1
UCyzf29IYjNw67gGIfsjgtxA,UCi-vPdnpQreC7BkFs40mJGA,1
UCyzf29IYjNw67gGIfsjgtxA,UCRznz9-N3Qc1w-qNdLSIY2Q,1
UCW-JC6lebVmf2P1dmY_L94g,UCDrmf9y9nLgFY5wnA2hTuGA,1
UCW-JC6lebVmf2P1dmY_L94g,UCQqlPPUGqAfWjd-FSh_qn7Q,1
UCW-JC6lebVmf2P1dmY_L94g,UCZeIIQrGAedW8tCbKWmGY-A,1
UCW-JC6lebVmf2P1dmY_L94g,UClhMWQ7XKWywYvbRnuf8QsA,1
UCW-JC6lebVmf2P1dmY_L94g,UC816IGbFCZinfYS1LRDaaHg,1
UCW-JC6lebVmf2P1dmY_L94g,UCuXmOjxC-htcprLgeVXz6Tg,1
UCW-JC6lebVmf2P1dmY_L94g,UC5hvEnRUzI4Kfvwnyi4QxqQ,1
UCW-JC6lebVmf2P1dmY_L94g,UCgJNFj5dnxXpcMvmuhZDPxA,1
UCW-JC6lebVmf2P1dmY_L94g,UCylqlpsh8ENNM1LqgQ1KbxA,1
UCW-JC6lebVmf2P1dmY_L94g,UC-fiZBS5Gp1eCJd9ucgWnCg,1
UCW-JC6lebVmf2P1dmY_L94g,UCe8JZoYkX5oKUZyivHYdXhw,1
UCW-JC6lebVmf2P1dmY_L94g,UC95PSMouTx2N5CbSq0hIyrQ,1
UCW-JC6lebVmf2P1dmY_L94g,UCkVtmkK07b2zaVVNssX4lOg,1
UCW-JC6lebVmf2P1dmY_L94g,UCpe5jW3MIqkgTJ-PgkzvM6Q,1
UCW-JC6lebVmf2P1dmY_L94g,UCdFlugHJJa4l3YqWuNRmvXw,1
UCW-JC6lebVmf2P1dmY_L94g,UCpsKOkt5iWTbenzeuq7dsmQ,1
UCW-JC6lebVmf2P1dmY_L94g,UCu8_3-Wg-YzNyvHYQDEscfw,1
UCW-JC6lebVmf2P1dmY_L94g,UC_LYoGs5C3mbZKZuKuqYCvw,1
UCW-JC6lebVmf2P1dmY_L94g,UCsGoJEvb-cFPZ2rWoJcXzEQ,1
UCW-JC6lebVmf2P1dmY_L94g,UCAKuKvcbfnBD3kF5njNu-IA,1
UCW-JC6lebVmf2P1dmY_L94g,UColMq7LmaoY3MT6aIDGrGvA,1
UCW-JC6lebVmf2P1dmY_L94g,UCwgCc9Jd_gG-uLE_SY-FfPg,1
UCW-JC6lebVmf2P1dmY_L94g,UCgQw_Sbq3ugruDUKsq1e0-A,1
UCW-JC6lebVmf2P1dmY_L94g,UCV0lM03g5fg5pbPj97-sAtA,1
UCW-JC6lebVmf2P1dmY_L94g,UC6Uj1FT5JjDSF8vudvDxPAA,1
UCW-JC6lebVmf2P1dmY_L94g,UCRAquv8el-tQ30bN7MlmySQ,1
UCW-JC6lebVmf2P1dmY_L94g,UC4Avya4kmR4Q0FrfFdBozSQ,1
UCW-JC6lebVmf2P1dmY_L94g,UCkbsS_3D-pvg1iHOld9uvIg,1
UCW-JC6lebVmf2P1dmY_L94g,UCUoYsrx1oZnCZ0usbBJn4fA,1
UCW-JC6lebVmf2P1dmY_L94g,UCRvPToDkkumha7WJAfCDk1A,1
UCW-JC6lebVmf2P1dmY_L94g,UC1DpqK6vaPEkBOMNvypsKYg,1
UCW-JC6lebVmf2P1dmY_L94g,UC3UVO7pTbeYvZ3ILEyRDskQ,1
UCW-JC6lebVmf2P1dmY_L94g,UCW80DaMjQlEUibC98Cot-Dg,1
UCW-JC6lebVmf2P1dmY_L94g,UC32oozucwCF3q8d4m8fyOUg,1
UCW-JC6lebVmf2P1dmY_L94g,UCqCrvuoJpC-aVb0f4logQRQ,1
UCW-JC6lebVmf2P1dmY_L94g,UCCBYcToQ2dwkd6TJh0FSyDg,1
UCW-JC6lebVmf2P1dmY_L94g,UCNpt5CQlTzNjlAKY6CJtClQ,1
UCW-JC6lebVmf2P1dmY_L94g,UCGGHbtfbbe0o68etrOf0qxw,1
UCW-JC6lebVmf2P1dmY_L94g,UCQyOePccUP-fIJYzchAgZYw,1
UCW-JC6lebVmf2P1dmY_L94g,UCaKAjTW9MVub_clgr4DRYjQ,1
UCW-JC6lebVmf2P1dmY_L94g,UClqA491Xa5fQcXcJJa-vTWw,1
UCW-JC6lebVmf2P1dmY_L94g,UCWoAVGVqCn4xtINCMOTM4jg,1
UCW-JC6lebVmf2P1dmY_L94g,UCHbwIx9pmQuf7i-4_xO2EpA,1
UCW-JC6lebVmf2P1dmY_L94g,UCiC-Jn7wdgyQV4_Urk0DkWQ,1
UCgLurCo-e019HGODcjXHWCw,UC0aEyakBPqcBkVJiErfSupQ,1
UCgLurCo-e019HGODcjXHWCw,UCwUAv3_LpWVtTIi7lkmTL7A,1
UCgLurCo-e019HGODcjXHWCw,UC5fvhAfm89JH8eDFdvc0xYw,1
UCgLurCo-e019HGODcjXHWCw,UC_ljZ1hZXR9pzexFz87P5ZA,1
UCgLurCo-e019HGODcjXHWCw,UCRcSR3Lvn9DZAmJpVPANfZQ,1
UCgLurCo-e019HGODcjXHWCw,UCY7Hq7F9Lnucf-Yr6JkHZNw,1
UCgLurCo-e019HGODcjXHWCw,UCIUhbSCy3-SGRe5UtqM4fzQ,1
UCgLurCo-e019HGODcjXHWCw,UCSTAUWVc1_82DHYeqOsqEFA,1
UCgLurCo-e019HGODcjXHWCw,UCGqKxQS-z3NZzZF-2w338AA,1
UCgLurCo-e019HGODcjXHWCw,UCtMBF_1O2jY2INlb_luuB_A,1
UCgLurCo-e019HGODcjXHWCw,UCIp19h9igblA2YKfSLPDAug,1
UCgLurCo-e019HGODcjXHWCw,UCs_5qeqdku9tGAq22y3OcuQ,1
UCgLurCo-e019HGODcjXHWCw,UCXmrpc6Li0spcKxtS0Q_ptg,1
UCgLurCo-e019HGODcjXHWCw,UCHMQ_lDhibZ-XZ_3fo6oxwg,1
UCgLurCo-e019HGODcjXHWCw,UCxKR3RA8T-kxMgq_2WWhRcQ,1
UCgLurCo-e019HGODcjXHWCw,UCgLrWFdYitoP-b7-PxtUr-w,1
UCgLurCo-e019HGODcjXHWCw,UCqilIa8r7iek5sGYg_q6ofA,1
UCgLurCo-e019HGODcjXHWCw,UCFOxCyF926Y9eHhMeVoWLzw,1
UCgLurCo-e019HGODcjXHWCw,UCi-vPdnpQreC7BkFs40mJGA,1
UCgLurCo-e019HGODcjXHWCw,UCRznz9-N3Qc1w-qNdLSIY2Q,1
UChs3tU2BcKOT0CezykvAsGw,UCSou6a2OuYGSvPjm5psquyA,1
UChs3tU2BcKOT0CezykvAsGw,UC2weSE8rpqkGMOp6StYtVfg,1
UChs3tU2BcKOT0CezykvAsGw,UCiGRBf2RNF0WRKhRVT7zFoA,1
UChs3tU2BcKOT0CezykvAsGw,UCpIdtvoFHVLGASGB5ySqIEA,1
UChs3tU2BcKOT0CezykvAsGw,UC8F2V63KZ4ZEay6opX2hAQw,1
UChs3tU2BcKOT0CezykvAsGw,UC3E9mAgP7VoAE5mZoAexl5g,1
UChs3tU2BcKOT0CezykvAsGw,UCErZPJpHmLCsXs8ZWkAUupQ,1
UChs3tU2BcKOT0CezykvAsGw,UCut6b9S98nv84cVX89PmKzA,1
UChs3tU2BcKOT0CezykvAsGw,UCXXh7yg5KUFIWylTiKVEFKQ,1
UChs3tU2BcKOT0CezykvAsGw,UCDPWkUX3sNNaCx-m1dV4glA,1
UChs3tU2BcKOT0CezykvAsGw,UCNkcuy42zEwddwEcOd_HpnA,1
UChs3tU2BcKOT0CezykvAsGw,UCz3gu01bmjNv0DpRq-K3XYg,1
UChs3tU2BcKOT0CezykvAsGw,UCp4iw5_5SmV9VGTFSNVGOmQ,1
UChs3tU2BcKOT0CezykvAsGw,UCWIZUtKJ636y-4TYrNvok0g,1
UChs3tU2BcKOT0CezykvAsGw,UCvApqeCbLod-wejtT4CcVuA,1
UChs3tU2BcKOT0CezykvAsGw,UCgvw7xIdGFupzpt1Y_BFkEA,1
UChs3tU2BcKOT0CezykvAsGw,UCtUR3_CAiE7fCoZHM6cMfyQ,1
UChs3tU2BcKOT0CezykvAsGw,UCmvOgzmmXbjUthHy-WJ52hQ,1
UChs3tU2BcKOT0CezykvAsGw,UCtNfIBnc5S5DbbQj_yxgJTw,1
UChs3tU2BcKOT0CezykvAsGw,UCmjppp6ujz3SAnULvP3sZMw,1
UChs3tU2BcKOT0CezykvAsGw,UCYwpX26TrCxq8TvbKGRYLXA,1
UChs3tU2BcKOT0CezykvAsGw,UCL13XhnRzbGokEkCkEOb0-g,1
UChs3tU2BcKOT0CezykvAsGw,UChZknRmJkeGeQk0-mQuhDOg,1
UChs3tU2BcKOT0CezykvAsGw,UCThW2XNsAaBKme5PUt7n-Zg,1
UChs3tU2BcKOT0CezykvAsGw,UC5bG9nc_JV3FsNP2KseQiYw,1
UChs3tU2BcKOT0CezykvAsGw,UCL1MT278vSaQ83ZDkVWn1gw,1
UChs3tU2BcKOT0CezykvAsGw,UCh5ESQvtzyHDhCA7XyekCFA,1
UChs3tU2BcKOT0CezykvAsGw,UCDftMWXQoJ6nONfY7GVOVjg,1
UChs3tU2BcKOT0CezykvAsGw,UC8r11yOugM2NuRfitQOxLLg,1
UChs3tU2BcKOT0CezykvAsGw,UCzSfZlOVxBSs5ObD25ywxDQ,1
UChs3tU2BcKOT0CezykvAsGw,UC8G5cJONY8L9voMyBW8Eoug,1
UChs3tU2BcKOT0CezykvAsGw,UCsJJAvrVGupdmhOqgtDp8dg,1
UChs3tU2BcKOT0CezykvAsGw,UCEgEQmRbtL5fwr9_DqAC--g,1
UChs3tU2BcKOT0CezykvAsGw,UCQgYjVngJRfPHDLGB5X6ZjA,1
UChs3tU2BcKOT0CezykvAsGw,UCAmtbUiIrUIhikru0ZoTFig,1
UChs3tU2BcKOT0CezykvAsGw,UCB5p8a5gklc80jJItP6xTHg,1
UChs3tU2BcKOT0CezykvAsGw,UC4cXueR2bKGFJV0Fk76gwmA,1
UChs3tU2BcKOT0CezykvAsGw,UCiMythXHsw7eQEMykCdmMUA,1
UChs3tU2BcKOT0CezykvAsGw,UCUIIIPTVDVHAXqhC_5V6lPA,1
UChs3tU2BcKOT0CezykvAsGw,UCRETAiYdh2dL5ZxB0_N1zDA,1
UChs3tU2BcKOT0CezykvAsGw,UCRlCV9zSn7avAWh-9_XFWqQ,1
UChs3tU2BcKOT0CezykvAsGw,UCDQaQv0hr2SS_PO-CMEwVHg,1
UChs3tU2BcKOT0CezykvAsGw,UCDlr1VadSucIZgZ171pRBjQ,1
UChs3tU2BcKOT0CezykvAsGw,UC7VUuJr9cGh845CmTvf7TlQ,1
UChs3tU2BcKOT0CezykvAsGw,UCA93ym2TXs_Ibyxb4Vcn-6Q,1
UChs3tU2BcKOT0CezykvAsGw,UCXgr7vXlRrsaskPdo097kGA,1
UChs3tU2BcKOT0CezykvAsGw,UCjSKM9j0Q7HLDr1hD6D-TUw,1
UChs3tU2BcKOT0CezykvAsGw,UCj-LL25XJnjxepPKCc3NGog,1
UChs3tU2BcKOT0CezykvAsGw,UChgkn5Jt5tWKYMoEOuCjz3Q,1
UChs3tU2BcKOT0CezykvAsGw,UCLggDc_a5HriXv7I1h02sOA,1
UChs3tU2BcKOT0CezykvAsGw,UC3NMzdMYryaw82kPTnsaljg,1
UChs3tU2BcKOT0CezykvAsGw,UCFUuDARXdmmIrLppEqf-rFg,1
UChs3tU2BcKOT0CezykvAsGw,UCylqlpsh8ENNM1LqgQ1KbxA,1
UChs3tU2BcKOT0CezykvAsGw,UCCaYwkkbQGcvFoUmothVdQQ,1
UChs3tU2BcKOT0CezykvAsGw,UCySYJU5kUh7X8gVt9la2ISA,1
UChs3tU2BcKOT0CezykvAsGw,UC9vMq1YF-e7C-VO0SHkbUTA,1
UChs3tU2BcKOT0CezykvAsGw,UCr1emrogPKkKTs_WTtx71xg,1
UChs3tU2BcKOT0CezykvAsGw,UCV0iizTBoOfdAFX_thfI9BA,1
UChs3tU2BcKOT0CezykvAsGw,UCTylKrsqkrBKIqubMu_5N0Q,1
UChs3tU2BcKOT0CezykvAsGw,UC5H8ASmMC9WrURmzeB4ySog,1
UChs3tU2BcKOT0CezykvAsGw,UCDUffaruH6dyUnUGwsTKpgg,1
UChs3tU2BcKOT0CezykvAsGw,UCl0ekS9Tt0jJGtOEM18S63w,1
UChs3tU2BcKOT0CezykvAsGw,UCN6qbfPSzFtjhqUDZ3Cv3CQ,1
UChs3tU2BcKOT0CezykvAsGw,UC2Y_EHWQKevubk4vOEBBFxw,1
UChs3tU2BcKOT0CezykvAsGw,UCplrIQtaPj6au60_f2-mOYw,1
UChs3tU2BcKOT0CezykvAsGw,UCLFdHr9BEbXHkoJopbEPLZw,1
UChs3tU2BcKOT0CezykvAsGw,UCipetjeiWj4CZB6EbyYziZg,1
UChs3tU2BcKOT0CezykvAsGw,UCXSkL3ejZ8qWYyF_M7s_QKA,1
UChs3tU2BcKOT0CezykvAsGw,UCueV9cTyTDwgQSec1x2dYgA,1
UChs3tU2BcKOT0CezykvAsGw,UC6YSZqL0vEcI-niPKIMUGfw,1
UChs3tU2BcKOT0CezykvAsGw,UCFjudnPLoaSL1BaRuLahyHg,1
UChs3tU2BcKOT0CezykvAsGw,UCFxE8GbokBrBsPEKM1xrOjQ,1
UChs3tU2BcKOT0CezykvAsGw,UCDIMztpVm7G27qBuiWuT6oQ,1
UChs3tU2BcKOT0CezykvAsGw,UC-jS_kA9w-OmpupXDx156Rg,1
UChs3tU2BcKOT0CezykvAsGw,UCsjs5Hp_r86x1xbK6FAeqaA,1
UChs3tU2BcKOT0CezykvAsGw,UCQqetiwzzmRNTM5OWuXarGQ,1
UChs3tU2BcKOT0CezykvAsGw,UCQtSFINs1h6GHkpg9o5kMvg,1
UChs3tU2BcKOT0CezykvAsGw,UCsUCN0Yq_UyTvKjOJLmNrnQ,1
UChs3tU2BcKOT0CezykvAsGw,UCAlzM_N6xBlMYmM8EBzX86Q,1
UChs3tU2BcKOT0CezykvAsGw,UCOS8ViEkccrTZx2w2ccxotA,1
UChs3tU2BcKOT0CezykvAsGw,UCfM3nrxtTQMY5jFx1v1J4Gg,1
UChs3tU2BcKOT0CezykvAsGw,UCFhxtoeARHPnXXPcDrOU3Xg,1
UChs3tU2BcKOT0CezykvAsGw,UCNBnKqWf4d-rS4HwJRQljmQ,1
UChs3tU2BcKOT0CezykvAsGw,UC3XTwHxygNCgjndsg-UiCQA,1
UChs3tU2BcKOT0CezykvAsGw,UC650pRT-OYzny3GwOH8Cgfw,1
UChs3tU2BcKOT0CezykvAsGw,UC6PvO1_k5lHKGdAPo5_C6TA,1
UChs3tU2BcKOT0CezykvAsGw,UCxff05WuyvwELNITi7bj7UA,1
UChs3tU2BcKOT0CezykvAsGw,UC-pNP6RMFuLg_-x7Ah_0kEA,1
UChs3tU2BcKOT0CezykvAsGw,UCGzXwyCzMzGmjmCbH3Hg01Q,1
UChs3tU2BcKOT0CezykvAsGw,UCQtICyzWmhC5woCtbNgaSmg,1
UChs3tU2BcKOT0CezykvAsGw,UCTD6q1nyIe3Y7HhqjaMj72w,1
UChs3tU2BcKOT0CezykvAsGw,UCpsKOkt5iWTbenzeuq7dsmQ,1
UChs3tU2BcKOT0CezykvAsGw,UCHTGCgY2l-DQJIvlA_cpa_Q,1
UChs3tU2BcKOT0CezykvAsGw,UCi1b_TRQfgO1Z9O2gNGGWNA,1
UChs3tU2BcKOT0CezykvAsGw,UCZLG9qH0tUjNhEGFIUt0CYw,1
UChs3tU2BcKOT0CezykvAsGw,UCzoL2l5H5eVlorWGH8AZfAg,1
UChs3tU2BcKOT0CezykvAsGw,UCKDR0f2fu2UzWL8mBv5-BHw,1
UChs3tU2BcKOT0CezykvAsGw,UCjmPuazZJzscrwvk0QR9RVw,1
UChs3tU2BcKOT0CezykvAsGw,UCwha8rxULYMVtNwZWeSkE1A,1
UChs3tU2BcKOT0CezykvAsGw,UCQ_-LPP8JAbfkc-b1Q6NvWw,1
UChs3tU2BcKOT0CezykvAsGw,UCHhHUjaMAZ8SiXdCUCj9DkQ,1
UChs3tU2BcKOT0CezykvAsGw,UCRelkU8JiZBytTzebJxaa-w,1
UChs3tU2BcKOT0CezykvAsGw,UC72gBAtyb_VXQlYDcFrh6oQ,1
UChs3tU2BcKOT0CezykvAsGw,UC3MYTqpQqlWBuCB7Th0e0PA,1
UChs3tU2BcKOT0CezykvAsGw,UCZ51R_9Q9C0c8I3pAWhtmjQ,1
UChs3tU2BcKOT0CezykvAsGw,UCujPF2nBgsTD62nWE3lcpIg,1
UChs3tU2BcKOT0CezykvAsGw,UC9xr9QvIcDvoZNUX5f-jaZw,1
UChs3tU2BcKOT0CezykvAsGw,UCpl8rF8uv_8uui-QRvuJaRA,1
UChs3tU2BcKOT0CezykvAsGw,UCYN4wSQ1Sx4_LurxLlW7MPg,1
UChs3tU2BcKOT0CezykvAsGw,UC1vr9aaMI2crB0NvwFHUeoQ,1
UChs3tU2BcKOT0CezykvAsGw,UCOh6DaZC_x9HASnlRylEMfw,1
UChs3tU2BcKOT0CezykvAsGw,UCTP3O0rMnc8z8v8jaDQwL0w,1
UChs3tU2BcKOT0CezykvAsGw,UChep9kVb5gQmpodEEl10Xlg,1
UChs3tU2BcKOT0CezykvAsGw,UCFoIAE8k82D6AV-8gjjKaNg,1
UChs3tU2BcKOT0CezykvAsGw,UCOLGv5Pf6BF2wFcwUzgcvHg,1
UCZIQnb1fkwe39Iw2TAu-bGA,UCOARn3hnfkB7-_Rwa8Hoqcw,1
UCZIQnb1fkwe39Iw2TAu-bGA,UCVhif9eV0f8plICen2DnpKA,1
UCZIQnb1fkwe39Iw2TAu-bGA,UCvcu1kR8xMYy_I1Ty-2mV2Q,1
UCZIQnb1fkwe39Iw2TAu-bGA,UCyW68EGZey4ao_Vf2cR5Ztg,1
UCZIQnb1fkwe39Iw2TAu-bGA,UCGj2v6Gl5bN8NSrzJMXS-CA,1
UCRETAiYdh2dL5ZxB0_N1zDA,UCSou6a2OuYGSvPjm5psquyA,1
UCRETAiYdh2dL5ZxB0_N1zDA,UC2weSE8rpqkGMOp6StYtVfg,1
UCRETAiYdh2dL5ZxB0_N1zDA,UCiGRBf2RNF0WRKhRVT7zFoA,1
UCRETAiYdh2dL5ZxB0_N1zDA,UCpIdtvoFHVLGASGB5ySqIEA,1
UCRETAiYdh2dL5ZxB0_N1zDA,UC8F2V63KZ4ZEay6opX2hAQw,1
UCRETAiYdh2dL5ZxB0_N1zDA,UC3E9mAgP7VoAE5mZoAexl5g,1
UCRETAiYdh2dL5ZxB0_N1zDA,UCErZPJpHmLCsXs8ZWkAUupQ,1
UCRETAiYdh2dL5ZxB0_N1zDA,UCut6b9S98nv84cVX89PmKzA,1
UCRETAiYdh2dL5ZxB0_N1zDA,UCXXh7yg5KUFIWylTiKVEFKQ,1
UCRETAiYdh2dL5ZxB0_N1zDA,UCDPWkUX3sNNaCx-m1dV4glA,1
UCRETAiYdh2dL5ZxB0_N1zDA,UCNkcuy42zEwddwEcOd_HpnA,1
UCRETAiYdh2dL5ZxB0_N1zDA,UCz3gu01bmjNv0DpRq-K3XYg,1
UCRETAiYdh2dL5ZxB0_N1zDA,UCp4iw5_5SmV9VGTFSNVGOmQ,1
UCRETAiYdh2dL5ZxB0_N1zDA,UCWIZUtKJ636y-4TYrNvok0g,1
UCRETAiYdh2dL5ZxB0_N1zDA,UCvApqeCbLod-wejtT4CcVuA,1
UCRETAiYdh2dL5ZxB0_N1zDA,UCgvw7xIdGFupzpt1Y_BFkEA,1
UCRETAiYdh2dL5ZxB0_N1zDA,UCtUR3_CAiE7fCoZHM6cMfyQ,1
UCRETAiYdh2dL5ZxB0_N1zDA,UCmvOgzmmXbjUthHy-WJ52hQ,1
UCRETAiYdh2dL5ZxB0_N1zDA,UCtNfIBnc5S5DbbQj_yxgJTw,1
UCRETAiYdh2dL5ZxB0_N1zDA,UCmjppp6ujz3SAnULvP3sZMw,1
UCRETAiYdh2dL5ZxB0_N1zDA,UCYwpX26TrCxq8TvbKGRYLXA,1
UCRETAiYdh2dL5ZxB0_N1zDA,UCL13XhnRzbGokEkCkEOb0-g,1
UCRETAiYdh2dL5ZxB0_N1zDA,UChZknRmJkeGeQk0-mQuhDOg,1
UCRETAiYdh2dL5ZxB0_N1zDA,UCThW2XNsAaBKme5PUt7n-Zg,1
UCRETAiYdh2dL5ZxB0_N1zDA,UC5bG9nc_JV3FsNP2KseQiYw,1
UCRETAiYdh2dL5ZxB0_N1zDA,UCL1MT278vSaQ83ZDkVWn1gw,1
UCRETAiYdh2dL5ZxB0_N1zDA,UCh5ESQvtzyHDhCA7XyekCFA,1
UCRETAiYdh2dL5ZxB0_N1zDA,UCDftMWXQoJ6nONfY7GVOVjg,1
UCRETAiYdh2dL5ZxB0_N1zDA,UC8r11yOugM2NuRfitQOxLLg,1
UCRETAiYdh2dL5ZxB0_N1zDA,UCzSfZlOVxBSs5ObD25ywxDQ,1
UCRETAiYdh2dL5ZxB0_N1zDA,UC8G5cJONY8L9voMyBW8Eoug,1
UCRETAiYdh2dL5ZxB0_N1zDA,UCsJJAvrVGupdmhOqgtDp8dg,1
UCRETAiYdh2dL5ZxB0_N1zDA,UCEgEQmRbtL5fwr9_DqAC--g,1
UCRETAiYdh2dL5ZxB0_N1zDA,UCQgYjVngJRfPHDLGB5X6ZjA,1
UCRETAiYdh2dL5ZxB0_N1zDA,UCAmtbUiIrUIhikru0ZoTFig,1
UCRETAiYdh2dL5ZxB0_N1zDA,UCB5p8a5gklc80jJItP6xTHg,1
UCRETAiYdh2dL5ZxB0_N1zDA,UC4cXueR2bKGFJV0Fk76gwmA,1
UCRETAiYdh2dL5ZxB0_N1zDA,UCiMythXHsw7eQEMykCdmMUA,1
UCRETAiYdh2dL5ZxB0_N1zDA,UCUIIIPTVDVHAXqhC_5V6lPA,1
UCRETAiYdh2dL5ZxB0_N1zDA,UCRlCV9zSn7avAWh-9_XFWqQ,1
UCRETAiYdh2dL5ZxB0_N1zDA,UCDQaQv0hr2SS_PO-CMEwVHg,1
UCRETAiYdh2dL5ZxB0_N1zDA,UCDlr1VadSucIZgZ171pRBjQ,1
UCRETAiYdh2dL5ZxB0_N1zDA,UC7VUuJr9cGh845CmTvf7TlQ,1
UCRETAiYdh2dL5ZxB0_N1zDA,UCA93ym2TXs_Ibyxb4Vcn-6Q,1
UCRETAiYdh2dL5ZxB0_N1zDA,UCXgr7vXlRrsaskPdo097kGA,1
UCRETAiYdh2dL5ZxB0_N1zDA,UCjSKM9j0Q7HLDr1hD6D-TUw,1
UCRETAiYdh2dL5ZxB0_N1zDA,UCj-LL25XJnjxepPKCc3NGog,1
UCRETAiYdh2dL5ZxB0_N1zDA,UChgkn5Jt5tWKYMoEOuCjz3Q,1
UCRETAiYdh2dL5ZxB0_N1zDA,UCLggDc_a5HriXv7I1h02sOA,1
UCRETAiYdh2dL5ZxB0_N1zDA,UC3NMzdMYryaw82kPTnsaljg,1
UCRETAiYdh2dL5ZxB0_N1zDA,UCFUuDARXdmmIrLppEqf-rFg,1
UCRETAiYdh2dL5ZxB0_N1zDA,UCylqlpsh8ENNM1LqgQ1KbxA,1
UCRETAiYdh2dL5ZxB0_N1zDA,UCCaYwkkbQGcvFoUmothVdQQ,1
UCRETAiYdh2dL5ZxB0_N1zDA,UCySYJU5kUh7X8gVt9la2ISA,1
UCRETAiYdh2dL5ZxB0_N1zDA,UC9vMq1YF-e7C-VO0SHkbUTA,1
UCRETAiYdh2dL5ZxB0_N1zDA,UCr1emrogPKkKTs_WTtx71xg,1
UCRETAiYdh2dL5ZxB0_N1zDA,UCV0iizTBoOfdAFX_thfI9BA,1
UCRETAiYdh2dL5ZxB0_N1zDA,UCTylKrsqkrBKIqubMu_5N0Q,1
UCRETAiYdh2dL5ZxB0_N1zDA,UC5H8ASmMC9WrURmzeB4ySog,1
UCRETAiYdh2dL5ZxB0_N1zDA,UCDUffaruH6dyUnUGwsTKpgg,1
UCRETAiYdh2dL5ZxB0_N1zDA,UCl0ekS9Tt0jJGtOEM18S63w,1
UCRETAiYdh2dL5ZxB0_N1zDA,UCN6qbfPSzFtjhqUDZ3Cv3CQ,1
UCRETAiYdh2dL5ZxB0_N1zDA,UC2Y_EHWQKevubk4vOEBBFxw,1
UCRETAiYdh2dL5ZxB0_N1zDA,UCplrIQtaPj6au60_f2-mOYw,1
UCRETAiYdh2dL5ZxB0_N1zDA,UCLFdHr9BEbXHkoJopbEPLZw,1
UCRETAiYdh2dL5ZxB0_N1zDA,UCipetjeiWj4CZB6EbyYziZg,1
UCRETAiYdh2dL5ZxB0_N1zDA,UCXSkL3ejZ8qWYyF_M7s_QKA,1
UCRETAiYdh2dL5ZxB0_N1zDA,UCueV9cTyTDwgQSec1x2dYgA,1
UCRETAiYdh2dL5ZxB0_N1zDA,UC6YSZqL0vEcI-niPKIMUGfw,1
UCRETAiYdh2dL5ZxB0_N1zDA,UCFjudnPLoaSL1BaRuLahyHg,1
UCRETAiYdh2dL5ZxB0_N1zDA,UCFxE8GbokBrBsPEKM1xrOjQ,1
UCRETAiYdh2dL5ZxB0_N1zDA,UCDIMztpVm7G27qBuiWuT6oQ,1
UCRETAiYdh2dL5ZxB0_N1zDA,UC-jS_kA9w-OmpupXDx156Rg,1
UCRETAiYdh2dL5ZxB0_N1zDA,UCsjs5Hp_r86x1xbK6FAeqaA,1
UCRETAiYdh2dL5ZxB0_N1zDA,UCQqetiwzzmRNTM5OWuXarGQ,1
UCRETAiYdh2dL5ZxB0_N1zDA,UCQtSFINs1h6GHkpg9o5kMvg,1
UCRETAiYdh2dL5ZxB0_N1zDA,UCsUCN0Yq_UyTvKjOJLmNrnQ,1
UCRETAiYdh2dL5ZxB0_N1zDA,UCAlzM_N6xBlMYmM8EBzX86Q,1
UCRETAiYdh2dL5ZxB0_N1zDA,UCOS8ViEkccrTZx2w2ccxotA,1
UCRETAiYdh2dL5ZxB0_N1zDA,UCfM3nrxtTQMY5jFx1v1J4Gg,1
UCRETAiYdh2dL5ZxB0_N1zDA,UCFhxtoeARHPnXXPcDrOU3Xg,1
UCRETAiYdh2dL5ZxB0_N1zDA,UCNBnKqWf4d-rS4HwJRQljmQ,1
UCRETAiYdh2dL5ZxB0_N1zDA,UC3XTwHxygNCgjndsg-UiCQA,1
UCRETAiYdh2dL5ZxB0_N1zDA,UC650pRT-OYzny3GwOH8Cgfw,1
UCRETAiYdh2dL5ZxB0_N1zDA,UC6PvO1_k5lHKGdAPo5_C6TA,1
UCRETAiYdh2dL5ZxB0_N1zDA,UCxff05WuyvwELNITi7bj7UA,1
UCRETAiYdh2dL5ZxB0_N1zDA,UC-pNP6RMFuLg_-x7Ah_0kEA,1
UCRETAiYdh2dL5ZxB0_N1zDA,UCGzXwyCzMzGmjmCbH3Hg01Q,1
UCRETAiYdh2dL5ZxB0_N1zDA,UCQtICyzWmhC5woCtbNgaSmg,1
UCRETAiYdh2dL5ZxB0_N1zDA,UCTD6q1nyIe3Y7HhqjaMj72w,1
UCRETAiYdh2dL5ZxB0_N1zDA,UCpsKOkt5iWTbenzeuq7dsmQ,1
UCRETAiYdh2dL5ZxB0_N1zDA,UCHTGCgY2l-DQJIvlA_cpa_Q,1
UCRETAiYdh2dL5ZxB0_N1zDA,UCi1b_TRQfgO1Z9O2gNGGWNA,1
UCRETAiYdh2dL5ZxB0_N1zDA,UCZLG9qH0tUjNhEGFIUt0CYw,1
UCRETAiYdh2dL5ZxB0_N1zDA,UCzoL2l5H5eVlorWGH8AZfAg,1
UCRETAiYdh2dL5ZxB0_N1zDA,UCKDR0f2fu2UzWL8mBv5-BHw,1
UCRETAiYdh2dL5ZxB0_N1zDA,UCjmPuazZJzscrwvk0QR9RVw,1
UCRETAiYdh2dL5ZxB0_N1zDA,UCwha8rxULYMVtNwZWeSkE1A,1
UCRETAiYdh2dL5ZxB0_N1zDA,UCQ_-LPP8JAbfkc-b1Q6NvWw,1
UCRETAiYdh2dL5ZxB0_N1zDA,UCHhHUjaMAZ8SiXdCUCj9DkQ,1
UCRETAiYdh2dL5ZxB0_N1zDA,UCRelkU8JiZBytTzebJxaa-w,1
UCRETAiYdh2dL5ZxB0_N1zDA,UC72gBAtyb_VXQlYDcFrh6oQ,1
UCRETAiYdh2dL5ZxB0_N1zDA,UC3MYTqpQqlWBuCB7Th0e0PA,1
UCRETAiYdh2dL5ZxB0_N1zDA,UCZ51R_9Q9C0c8I3pAWhtmjQ,1
UCRETAiYdh2dL5ZxB0_N1zDA,UCujPF2nBgsTD62nWE3lcpIg,1
UCRETAiYdh2dL5ZxB0_N1zDA,UC9xr9QvIcDvoZNUX5f-jaZw,1
UCRETAiYdh2dL5ZxB0_N1zDA,UCpl8rF8uv_8uui-QRvuJaRA,1
UCRETAiYdh2dL5ZxB0_N1zDA,UCYN4wSQ1Sx4_LurxLlW7MPg,1
UCRETAiYdh2dL5ZxB0_N1zDA,UC1vr9aaMI2crB0NvwFHUeoQ,1
UCRETAiYdh2dL5ZxB0_N1zDA,UCOh6DaZC_x9HASnlRylEMfw,1
UCRETAiYdh2dL5ZxB0_N1zDA,UCTP3O0rMnc8z8v8jaDQwL0w,1
UCRETAiYdh2dL5ZxB0_N1zDA,UChep9kVb5gQmpodEEl10Xlg,1
UCRETAiYdh2dL5ZxB0_N1zDA,UCFoIAE8k82D6AV-8gjjKaNg,1
UCRETAiYdh2dL5ZxB0_N1zDA,UCOLGv5Pf6BF2wFcwUzgcvHg,1
UCefAH1MbvADWUjE9WVcB9EQ,UCvcu1kR8xMYy_I1Ty-2mV2Q,1
UCefAH1MbvADWUjE9WVcB9EQ,UCXO1BBohNWXkK9SBDAG2ySg,1
UCefAH1MbvADWUjE9WVcB9EQ,UCdQAuWwyC99MB7Y02Umj26Q,1
UCefAH1MbvADWUjE9WVcB9EQ,UChT7pzGytNd92Nmvi-zuWog,1
UCefAH1MbvADWUjE9WVcB9EQ,UCc_F88PzGWtA1OPNUEASulA,1
UCefAH1MbvADWUjE9WVcB9EQ,UCTTILH6QCIxbTnEWxwRqs1g,1
UCefAH1MbvADWUjE9WVcB9EQ,UCbrtvygfRT6QXqWDNrOf-cA,1
UCefAH1MbvADWUjE9WVcB9EQ,UCXVLc8CmAO813ubM-fLvCDw,1
UCefAH1MbvADWUjE9WVcB9EQ,UCxcoDvP-g2_KTZDmVZtvb3w,1
UCefAH1MbvADWUjE9WVcB9EQ,UCwEe1RKlEv1UpNWmWYfSh4w,1
UCefAH1MbvADWUjE9WVcB9EQ,UCOY3XpD9qMCRSA8AA8c4CAw,1
UCefAH1MbvADWUjE9WVcB9EQ,UCCUmP4PlbwgikVFpYwbtRTg,1
UCefAH1MbvADWUjE9WVcB9EQ,UCXl30Y_upRqbti52fmjK4YA,1
UCRfkkatKrNtAARnXMMYBGlA,UCql1n3Ey6ULMSOACjMe-fxQ,1
UCRfkkatKrNtAARnXMMYBGlA,UCtsxPYw8VUsH_FfnKg-0lmw,1
UCRfkkatKrNtAARnXMMYBGlA,UCgGqw4aqMdMVSGkKiMgrJRQ,1
UCRfkkatKrNtAARnXMMYBGlA,UCvDwJBBY1mHK70aTEYl6rsA,1
UCRfkkatKrNtAARnXMMYBGlA,UC-Iul5tDYH_oiAMXQH-KaaQ,1
UCRfkkatKrNtAARnXMMYBGlA,UCzZ6dDCEsLMXbc5pCFXIprw,1
UCRfkkatKrNtAARnXMMYBGlA,UCyJhqmMbsvjpoarBBStA2kg,1
UCRfkkatKrNtAARnXMMYBGlA,UCV3fr-YOixFKCZBbJP1-X4w,1
UCRfkkatKrNtAARnXMMYBGlA,UCWvntqPQx99k_Z_skWKqNSA,1
UCRfkkatKrNtAARnXMMYBGlA,UCEHXl4VvvVpq-_4xC5tsbhg,1
UCRfkkatKrNtAARnXMMYBGlA,UC63tFvbQ_hJhGDi2nbjssjw,1
UCRfkkatKrNtAARnXMMYBGlA,UCiOZX__1gahg1ypIj0_XG_w,1
UCRfkkatKrNtAARnXMMYBGlA,UCp29O_C7cchZV8IxV7Crdag,1
UCRfkkatKrNtAARnXMMYBGlA,UC-HeUTT6_g-VoiWds2a4H-w,1
UCRfkkatKrNtAARnXMMYBGlA,UC1NiEdJ7gk6FlDexIalWnGg,1
UCRfkkatKrNtAARnXMMYBGlA,UCaT4saRcyqCLE657Rq2hhZQ,1
UCRfkkatKrNtAARnXMMYBGlA,UCjZgFEowMBrsjodqfovzdKw,1
UCRfkkatKrNtAARnXMMYBGlA,UCFybmWapGvBKcQod7cPPH9w,1
UCRfkkatKrNtAARnXMMYBGlA,UC0HvfEWozTHbwl_iEmJNvVA,1
UCRfkkatKrNtAARnXMMYBGlA,UCeQk-WfEA-cJRq4EKeE7TOw,1
UCRfkkatKrNtAARnXMMYBGlA,UCfo_yUPzy1f1POwwZxhZ06Q,1
UCRfkkatKrNtAARnXMMYBGlA,UCheEJ5GZuIvV0fj-nXyVwXw,1
UCRfkkatKrNtAARnXMMYBGlA,UChyps3dqY-VY1_wLeq-2lhw,1
UCRfkkatKrNtAARnXMMYBGlA,UCtCtts20bW6F9CSohau51Iw,1
UCRfkkatKrNtAARnXMMYBGlA,UC14qlobYKqD-DO0j6b75lcA,1
UCRfkkatKrNtAARnXMMYBGlA,UC3YpzAr7pcdKC7BVFEpYzog,1
UCRfkkatKrNtAARnXMMYBGlA,UCwxoKK59nGCeBqB2sXfDBIw,1
UCHbwIx9pmQuf7i-4_xO2EpA,UCDrmf9y9nLgFY5wnA2hTuGA,1
UCHbwIx9pmQuf7i-4_xO2EpA,UCQqlPPUGqAfWjd-FSh_qn7Q,1
UCHbwIx9pmQuf7i-4_xO2EpA,UCZeIIQrGAedW8tCbKWmGY-A,1
UCHbwIx9pmQuf7i-4_xO2EpA,UClhMWQ7XKWywYvbRnuf8QsA,1
UCHbwIx9pmQuf7i-4_xO2EpA,UC816IGbFCZinfYS1LRDaaHg,1
UCHbwIx9pmQuf7i-4_xO2EpA,UCuXmOjxC-htcprLgeVXz6Tg,1
UCHbwIx9pmQuf7i-4_xO2EpA,UC5hvEnRUzI4Kfvwnyi4QxqQ,1
UCHbwIx9pmQuf7i-4_xO2EpA,UCgJNFj5dnxXpcMvmuhZDPxA,1
UCHbwIx9pmQuf7i-4_xO2EpA,UCylqlpsh8ENNM1LqgQ1KbxA,1
UCHbwIx9pmQuf7i-4_xO2EpA,UC-fiZBS5Gp1eCJd9ucgWnCg,1
UCHbwIx9pmQuf7i-4_xO2EpA,UCe8JZoYkX5oKUZyivHYdXhw,1
UCHbwIx9pmQuf7i-4_xO2EpA,UC95PSMouTx2N5CbSq0hIyrQ,1
UCHbwIx9pmQuf7i-4_xO2EpA,UCkVtmkK07b2zaVVNssX4lOg,1
UCHbwIx9pmQuf7i-4_xO2EpA,UCpe5jW3MIqkgTJ-PgkzvM6Q,1
UCHbwIx9pmQuf7i-4_xO2EpA,UCdFlugHJJa4l3YqWuNRmvXw,1
UCHbwIx9pmQuf7i-4_xO2EpA,UCpsKOkt5iWTbenzeuq7dsmQ,1
UCHbwIx9pmQuf7i-4_xO2EpA,UCu8_3-Wg-YzNyvHYQDEscfw,1
UCHbwIx9pmQuf7i-4_xO2EpA,UC_LYoGs5C3mbZKZuKuqYCvw,1
UCHbwIx9pmQuf7i-4_xO2EpA,UCsGoJEvb-cFPZ2rWoJcXzEQ,1
UCHbwIx9pmQuf7i-4_xO2EpA,UCAKuKvcbfnBD3kF5njNu-IA,1
UCHbwIx9pmQuf7i-4_xO2EpA,UColMq7LmaoY3MT6aIDGrGvA,1
UCHbwIx9pmQuf7i-4_xO2EpA,UCwgCc9Jd_gG-uLE_SY-FfPg,1
UCHbwIx9pmQuf7i-4_xO2EpA,UCgQw_Sbq3ugruDUKsq1e0-A,1
UCHbwIx9pmQuf7i-4_xO2EpA,UCV0lM03g5fg5pbPj97-sAtA,1
UCHbwIx9pmQuf7i-4_xO2EpA,UC6Uj1FT5JjDSF8vudvDxPAA,1
UCHbwIx9pmQuf7i-4_xO2EpA,UCRAquv8el-tQ30bN7MlmySQ,1
UCHbwIx9pmQuf7i-4_xO2EpA,UC4Avya4kmR4Q0FrfFdBozSQ,1
UCHbwIx9pmQuf7i-4_xO2EpA,UCkbsS_3D-pvg1iHOld9uvIg,1
UCHbwIx9pmQuf7i-4_xO2EpA,UCUoYsrx1oZnCZ0usbBJn4fA,1
UCHbwIx9pmQuf7i-4_xO2EpA,UCRvPToDkkumha7WJAfCDk1A,1
UCHbwIx9pmQuf7i-4_xO2EpA,UC1DpqK6vaPEkBOMNvypsKYg,1
UCHbwIx9pmQuf7i-4_xO2EpA,UC3UVO7pTbeYvZ3ILEyRDskQ,1
UCHbwIx9pmQuf7i-4_xO2EpA,UCW80DaMjQlEUibC98Cot-Dg,1
UCHbwIx9pmQuf7i-4_xO2EpA,UC32oozucwCF3q8d4m8fyOUg,1
UCHbwIx9pmQuf7i-4_xO2EpA,UCqCrvuoJpC-aVb0f4logQRQ,1
UCHbwIx9pmQuf7i-4_xO2EpA,UCCBYcToQ2dwkd6TJh0FSyDg,1
UCHbwIx9pmQuf7i-4_xO2EpA,UCNpt5CQlTzNjlAKY6CJtClQ,1
UCHbwIx9pmQuf7i-4_xO2EpA,UCGGHbtfbbe0o68etrOf0qxw,1
UCHbwIx9pmQuf7i-4_xO2EpA,UCQyOePccUP-fIJYzchAgZYw,1
UCHbwIx9pmQuf7i-4_xO2EpA,UCaKAjTW9MVub_clgr4DRYjQ,1
UCHbwIx9pmQuf7i-4_xO2EpA,UClqA491Xa5fQcXcJJa-vTWw,1
UCHbwIx9pmQuf7i-4_xO2EpA,UCWoAVGVqCn4xtINCMOTM4jg,1
UCHbwIx9pmQuf7i-4_xO2EpA,UCiC-Jn7wdgyQV4_Urk0DkWQ,1
UCIXLDYqR_syskKRJy_x9W9Q,UCO0zwwLWGyDgQmWPJ5Qrr1w,1
UCIXLDYqR_syskKRJy_x9W9Q,UCLXYp1Cvc5DLtq5UQL5D9vw,1
UCIXLDYqR_syskKRJy_x9W9Q,UCAxvOOHQk7dYPOajzFEVtbA,1
UCIXLDYqR_syskKRJy_x9W9Q,UCjZgFEowMBrsjodqfovzdKw,1
UCIXLDYqR_syskKRJy_x9W9Q,UCfXykdbSU97rj987LDUGfvg,1
UCIXLDYqR_syskKRJy_x9W9Q,UC2ngpd8UBQu4gcUYy0goAtg,1
UCIXLDYqR_syskKRJy_x9W9Q,UCq3mDTTRZnUybct5M9OSXbg,1
UCIXLDYqR_syskKRJy_x9W9Q,UCXN2s7DwTJm33xO-pNkAdaA,1
UCIXLDYqR_syskKRJy_x9W9Q,UCwCfs-2zbD5k0lG-UVg_JBw,1
UCIXLDYqR_syskKRJy_x9W9Q,UC_3xuTXvMIWU5MYP9HkJ3vQ,1
UCIXLDYqR_syskKRJy_x9W9Q,UCfjhejO7LZy4doXURa7LZCQ,1
UCIXLDYqR_syskKRJy_x9W9Q,UCvl1tzQeBeGy6efPTRJXSCw,1
UCOLGv5Pf6BF2wFcwUzgcvHg,UCSou6a2OuYGSvPjm5psquyA,1
UCOLGv5Pf6BF2wFcwUzgcvHg,UC2weSE8rpqkGMOp6StYtVfg,1
UCOLGv5Pf6BF2wFcwUzgcvHg,UCiGRBf2RNF0WRKhRVT7zFoA,1
UCOLGv5Pf6BF2wFcwUzgcvHg,UCpIdtvoFHVLGASGB5ySqIEA,1
UCOLGv5Pf6BF2wFcwUzgcvHg,UC8F2V63KZ4ZEay6opX2hAQw,1
UCOLGv5Pf6BF2wFcwUzgcvHg,UC3E9mAgP7VoAE5mZoAexl5g,1
UCOLGv5Pf6BF2wFcwUzgcvHg,UCErZPJpHmLCsXs8ZWkAUupQ,1
UCOLGv5Pf6BF2wFcwUzgcvHg,UCut6b9S98nv84cVX89PmKzA,1
UCOLGv5Pf6BF2wFcwUzgcvHg,UCXXh7yg5KUFIWylTiKVEFKQ,1
UCOLGv5Pf6BF2wFcwUzgcvHg,UCDPWkUX3sNNaCx-m1dV4glA,1
UCOLGv5Pf6BF2wFcwUzgcvHg,UCNkcuy42zEwddwEcOd_HpnA,1
UCOLGv5Pf6BF2wFcwUzgcvHg,UCz3gu01bmjNv0DpRq-K3XYg,1
UCOLGv5Pf6BF2wFcwUzgcvHg,UCp4iw5_5SmV9VGTFSNVGOmQ,1
UCOLGv5Pf6BF2wFcwUzgcvHg,UCWIZUtKJ636y-4TYrNvok0g,1
UCOLGv5Pf6BF2wFcwUzgcvHg,UCvApqeCbLod-wejtT4CcVuA,1
UCOLGv5Pf6BF2wFcwUzgcvHg,UCgvw7xIdGFupzpt1Y_BFkEA,1
UCOLGv5Pf6BF2wFcwUzgcvHg,UCtUR3_CAiE7fCoZHM6cMfyQ,1
UCOLGv5Pf6BF2wFcwUzgcvHg,UCmvOgzmmXbjUthHy-WJ52hQ,1
UCOLGv5Pf6BF2wFcwUzgcvHg,UCtNfIBnc5S5DbbQj_yxgJTw,1
UCOLGv5Pf6BF2wFcwUzgcvHg,UCmjppp6ujz3SAnULvP3sZMw,1
UCOLGv5Pf6BF2wFcwUzgcvHg,UCYwpX26TrCxq8TvbKGRYLXA,1
UCOLGv5Pf6BF2wFcwUzgcvHg,UCL13XhnRzbGokEkCkEOb0-g,1
UCOLGv5Pf6BF2wFcwUzgcvHg,UChZknRmJkeGeQk0-mQuhDOg,1
UCOLGv5Pf6BF2wFcwUzgcvHg,UCThW2XNsAaBKme5PUt7n-Zg,1
UCOLGv5Pf6BF2wFcwUzgcvHg,UC5bG9nc_JV3FsNP2KseQiYw,1
UCOLGv5Pf6BF2wFcwUzgcvHg,UCL1MT278vSaQ83ZDkVWn1gw,1
UCOLGv5Pf6BF2wFcwUzgcvHg,UCh5ESQvtzyHDhCA7XyekCFA,1
UCOLGv5Pf6BF2wFcwUzgcvHg,UCDftMWXQoJ6nONfY7GVOVjg,1
UCOLGv5Pf6BF2wFcwUzgcvHg,UC8r11yOugM2NuRfitQOxLLg,1
UCOLGv5Pf6BF2wFcwUzgcvHg,UCzSfZlOVxBSs5ObD25ywxDQ,1
UCOLGv5Pf6BF2wFcwUzgcvHg,UC8G5cJONY8L9voMyBW8Eoug,1
UCOLGv5Pf6BF2wFcwUzgcvHg,UCsJJAvrVGupdmhOqgtDp8dg,1
UCOLGv5Pf6BF2wFcwUzgcvHg,UCEgEQmRbtL5fwr9_DqAC--g,1
UCOLGv5Pf6BF2wFcwUzgcvHg,UCQgYjVngJRfPHDLGB5X6ZjA,1
UCOLGv5Pf6BF2wFcwUzgcvHg,UCAmtbUiIrUIhikru0ZoTFig,1
UCOLGv5Pf6BF2wFcwUzgcvHg,UCB5p8a5gklc80jJItP6xTHg,1
UCOLGv5Pf6BF2wFcwUzgcvHg,UC4cXueR2bKGFJV0Fk76gwmA,1
UCOLGv5Pf6BF2wFcwUzgcvHg,UCiMythXHsw7eQEMykCdmMUA,1
UCOLGv5Pf6BF2wFcwUzgcvHg,UCUIIIPTVDVHAXqhC_5V6lPA,1
UCOLGv5Pf6BF2wFcwUzgcvHg,UCRlCV9zSn7avAWh-9_XFWqQ,1
UCOLGv5Pf6BF2wFcwUzgcvHg,UCDQaQv0hr2SS_PO-CMEwVHg,1
UCOLGv5Pf6BF2wFcwUzgcvHg,UCDlr1VadSucIZgZ171pRBjQ,1
UCOLGv5Pf6BF2wFcwUzgcvHg,UC7VUuJr9cGh845CmTvf7TlQ,1
UCOLGv5Pf6BF2wFcwUzgcvHg,UCA93ym2TXs_Ibyxb4Vcn-6Q,1
UCOLGv5Pf6BF2wFcwUzgcvHg,UCXgr7vXlRrsaskPdo097kGA,1
UCOLGv5Pf6BF2wFcwUzgcvHg,UCjSKM9j0Q7HLDr1hD6D-TUw,1
UCOLGv5Pf6BF2wFcwUzgcvHg,UCj-LL25XJnjxepPKCc3NGog,1
UCOLGv5Pf6BF2wFcwUzgcvHg,UChgkn5Jt5tWKYMoEOuCjz3Q,1
UCOLGv5Pf6BF2wFcwUzgcvHg,UCLggDc_a5HriXv7I1h02sOA,1
UCOLGv5Pf6BF2wFcwUzgcvHg,UC3NMzdMYryaw82kPTnsaljg,1
UCOLGv5Pf6BF2wFcwUzgcvHg,UCFUuDARXdmmIrLppEqf-rFg,1
UCOLGv5Pf6BF2wFcwUzgcvHg,UCylqlpsh8ENNM1LqgQ1KbxA,1
UCOLGv5Pf6BF2wFcwUzgcvHg,UCCaYwkkbQGcvFoUmothVdQQ,1
UCOLGv5Pf6BF2wFcwUzgcvHg,UCySYJU5kUh7X8gVt9la2ISA,1
UCOLGv5Pf6BF2wFcwUzgcvHg,UC9vMq1YF-e7C-VO0SHkbUTA,1
UCOLGv5Pf6BF2wFcwUzgcvHg,UCr1emrogPKkKTs_WTtx71xg,1
UCOLGv5Pf6BF2wFcwUzgcvHg,UCV0iizTBoOfdAFX_thfI9BA,1
UCOLGv5Pf6BF2wFcwUzgcvHg,UCTylKrsqkrBKIqubMu_5N0Q,1
UCOLGv5Pf6BF2wFcwUzgcvHg,UC5H8ASmMC9WrURmzeB4ySog,1
UCOLGv5Pf6BF2wFcwUzgcvHg,UCDUffaruH6dyUnUGwsTKpgg,1
UCOLGv5Pf6BF2wFcwUzgcvHg,UCl0ekS9Tt0jJGtOEM18S63w,1
UCOLGv5Pf6BF2wFcwUzgcvHg,UCN6qbfPSzFtjhqUDZ3Cv3CQ,1
UCOLGv5Pf6BF2wFcwUzgcvHg,UC2Y_EHWQKevubk4vOEBBFxw,1
UCOLGv5Pf6BF2wFcwUzgcvHg,UCplrIQtaPj6au60_f2-mOYw,1
UCOLGv5Pf6BF2wFcwUzgcvHg,UCLFdHr9BEbXHkoJopbEPLZw,1
UCOLGv5Pf6BF2wFcwUzgcvHg,UCipetjeiWj4CZB6EbyYziZg,1
UCOLGv5Pf6BF2wFcwUzgcvHg,UCXSkL3ejZ8qWYyF_M7s_QKA,1
UCOLGv5Pf6BF2wFcwUzgcvHg,UCueV9cTyTDwgQSec1x2dYgA,1
UCOLGv5Pf6BF2wFcwUzgcvHg,UC6YSZqL0vEcI-niPKIMUGfw,1
UCOLGv5Pf6BF2wFcwUzgcvHg,UCFjudnPLoaSL1BaRuLahyHg,1
UCOLGv5Pf6BF2wFcwUzgcvHg,UCFxE8GbokBrBsPEKM1xrOjQ,1
UCOLGv5Pf6BF2wFcwUzgcvHg,UCDIMztpVm7G27qBuiWuT6oQ,1
UCOLGv5Pf6BF2wFcwUzgcvHg,UC-jS_kA9w-OmpupXDx156Rg,1
UCOLGv5Pf6BF2wFcwUzgcvHg,UCsjs5Hp_r86x1xbK6FAeqaA,1
UCOLGv5Pf6BF2wFcwUzgcvHg,UCQqetiwzzmRNTM5OWuXarGQ,1
UCOLGv5Pf6BF2wFcwUzgcvHg,UCQtSFINs1h6GHkpg9o5kMvg,1
UCOLGv5Pf6BF2wFcwUzgcvHg,UCsUCN0Yq_UyTvKjOJLmNrnQ,1
UCOLGv5Pf6BF2wFcwUzgcvHg,UCAlzM_N6xBlMYmM8EBzX86Q,1
UCOLGv5Pf6BF2wFcwUzgcvHg,UCOS8ViEkccrTZx2w2ccxotA,1
UCOLGv5Pf6BF2wFcwUzgcvHg,UCfM3nrxtTQMY5jFx1v1J4Gg,1
UCOLGv5Pf6BF2wFcwUzgcvHg,UCFhxtoeARHPnXXPcDrOU3Xg,1
UCOLGv5Pf6BF2wFcwUzgcvHg,UCNBnKqWf4d-rS4HwJRQljmQ,1
UCOLGv5Pf6BF2wFcwUzgcvHg,UC3XTwHxygNCgjndsg-UiCQA,1
UCOLGv5Pf6BF2wFcwUzgcvHg,UC650pRT-OYzny3GwOH8Cgfw,1
UCOLGv5Pf6BF2wFcwUzgcvHg,UC6PvO1_k5lHKGdAPo5_C6TA,1
UCOLGv5Pf6BF2wFcwUzgcvHg,UCxff05WuyvwELNITi7bj7UA,1
UCOLGv5Pf6BF2wFcwUzgcvHg,UC-pNP6RMFuLg_-x7Ah_0kEA,1
UCOLGv5Pf6BF2wFcwUzgcvHg,UCGzXwyCzMzGmjmCbH3Hg01Q,1
UCOLGv5Pf6BF2wFcwUzgcvHg,UCQtICyzWmhC5woCtbNgaSmg,1
UCOLGv5Pf6BF2wFcwUzgcvHg,UCTD6q1nyIe3Y7HhqjaMj72w,1
UCOLGv5Pf6BF2wFcwUzgcvHg,UCpsKOkt5iWTbenzeuq7dsmQ,1
UCOLGv5Pf6BF2wFcwUzgcvHg,UCHTGCgY2l-DQJIvlA_cpa_Q,1
UCOLGv5Pf6BF2wFcwUzgcvHg,UCi1b_TRQfgO1Z9O2gNGGWNA,1
UCOLGv5Pf6BF2wFcwUzgcvHg,UCZLG9qH0tUjNhEGFIUt0CYw,1
UCOLGv5Pf6BF2wFcwUzgcvHg,UCzoL2l5H5eVlorWGH8AZfAg,1
UCOLGv5Pf6BF2wFcwUzgcvHg,UCKDR0f2fu2UzWL8mBv5-BHw,1
UCOLGv5Pf6BF2wFcwUzgcvHg,UCjmPuazZJzscrwvk0QR9RVw,1
UCOLGv5Pf6BF2wFcwUzgcvHg,UCwha8rxULYMVtNwZWeSkE1A,1
UCOLGv5Pf6BF2wFcwUzgcvHg,UCQ_-LPP8JAbfkc-b1Q6NvWw,1
UCOLGv5Pf6BF2wFcwUzgcvHg,UCHhHUjaMAZ8SiXdCUCj9DkQ,1
UCOLGv5Pf6BF2wFcwUzgcvHg,UCRelkU8JiZBytTzebJxaa-w,1
UCOLGv5Pf6BF2wFcwUzgcvHg,UC72gBAtyb_VXQlYDcFrh6oQ,1
UCOLGv5Pf6BF2wFcwUzgcvHg,UC3MYTqpQqlWBuCB7Th0e0PA,1
UCOLGv5Pf6BF2wFcwUzgcvHg,UCZ51R_9Q9C0c8I3pAWhtmjQ,1
UCOLGv5Pf6BF2wFcwUzgcvHg,UCujPF2nBgsTD62nWE3lcpIg,1
UCOLGv5Pf6BF2wFcwUzgcvHg,UC9xr9QvIcDvoZNUX5f-jaZw,1
UCOLGv5Pf6BF2wFcwUzgcvHg,UCpl8rF8uv_8uui-QRvuJaRA,1
UCOLGv5Pf6BF2wFcwUzgcvHg,UCYN4wSQ1Sx4_LurxLlW7MPg,1
UCOLGv5Pf6BF2wFcwUzgcvHg,UC1vr9aaMI2crB0NvwFHUeoQ,1
UCOLGv5Pf6BF2wFcwUzgcvHg,UCOh6DaZC_x9HASnlRylEMfw,1
UCOLGv5Pf6BF2wFcwUzgcvHg,UCTP3O0rMnc8z8v8jaDQwL0w,1
UCOLGv5Pf6BF2wFcwUzgcvHg,UChep9kVb5gQmpodEEl10Xlg,1
UCOLGv5Pf6BF2wFcwUzgcvHg,UCFoIAE8k82D6AV-8gjjKaNg,1
UCjSKM9j0Q7HLDr1hD6D-TUw,UCSou6a2OuYGSvPjm5psquyA,1
UCjSKM9j0Q7HLDr1hD6D-TUw,UC2weSE8rpqkGMOp6StYtVfg,1
UCjSKM9j0Q7HLDr1hD6D-TUw,UCiGRBf2RNF0WRKhRVT7zFoA,1
UCjSKM9j0Q7HLDr1hD6D-TUw,UCpIdtvoFHVLGASGB5ySqIEA,1
UCjSKM9j0Q7HLDr1hD6D-TUw,UC8F2V63KZ4ZEay6opX2hAQw,1
UCjSKM9j0Q7HLDr1hD6D-TUw,UC3E9mAgP7VoAE5mZoAexl5g,1
UCjSKM9j0Q7HLDr1hD6D-TUw,UCErZPJpHmLCsXs8ZWkAUupQ,1
UCjSKM9j0Q7HLDr1hD6D-TUw,UCut6b9S98nv84cVX89PmKzA,1
UCjSKM9j0Q7HLDr1hD6D-TUw,UCXXh7yg5KUFIWylTiKVEFKQ,1
UCjSKM9j0Q7HLDr1hD6D-TUw,UCDPWkUX3sNNaCx-m1dV4glA,1
UCjSKM9j0Q7HLDr1hD6D-TUw,UCNkcuy42zEwddwEcOd_HpnA,1
UCjSKM9j0Q7HLDr1hD6D-TUw,UCz3gu01bmjNv0DpRq-K3XYg,1
UCjSKM9j0Q7HLDr1hD6D-TUw,UCp4iw5_5SmV9VGTFSNVGOmQ,1
UCjSKM9j0Q7HLDr1hD6D-TUw,UCWIZUtKJ636y-4TYrNvok0g,1
UCjSKM9j0Q7HLDr1hD6D-TUw,UCvApqeCbLod-wejtT4CcVuA,1
UCjSKM9j0Q7HLDr1hD6D-TUw,UCgvw7xIdGFupzpt1Y_BFkEA,1
UCjSKM9j0Q7HLDr1hD6D-TUw,UCtUR3_CAiE7fCoZHM6cMfyQ,1
UCjSKM9j0Q7HLDr1hD6D-TUw,UCmvOgzmmXbjUthHy-WJ52hQ,1
UCjSKM9j0Q7HLDr1hD6D-TUw,UCtNfIBnc5S5DbbQj_yxgJTw,1
UCjSKM9j0Q7HLDr1hD6D-TUw,UCmjppp6ujz3SAnULvP3sZMw,1
UCjSKM9j0Q7HLDr1hD6D-TUw,UCYwpX26TrCxq8TvbKGRYLXA,1
UCjSKM9j0Q7HLDr1hD6D-TUw,UCL13XhnRzbGokEkCkEOb0-g,1
UCjSKM9j0Q7HLDr1hD6D-TUw,UChZknRmJkeGeQk0-mQuhDOg,1
UCjSKM9j0Q7HLDr1hD6D-TUw,UCThW2XNsAaBKme5PUt7n-Zg,1
UCjSKM9j0Q7HLDr1hD6D-TUw,UC5bG9nc_JV3FsNP2KseQiYw,1
UCjSKM9j0Q7HLDr1hD6D-TUw,UCL1MT278vSaQ83ZDkVWn1gw,1
UCjSKM9j0Q7HLDr1hD6D-TUw,UCh5ESQvtzyHDhCA7XyekCFA,1
UCjSKM9j0Q7HLDr1hD6D-TUw,UCDftMWXQoJ6nONfY7GVOVjg,1
UCjSKM9j0Q7HLDr1hD6D-TUw,UC8r11yOugM2NuRfitQOxLLg,1
UCjSKM9j0Q7HLDr1hD6D-TUw,UCzSfZlOVxBSs5ObD25ywxDQ,1
UCjSKM9j0Q7HLDr1hD6D-TUw,UC8G5cJONY8L9voMyBW8Eoug,1
UCjSKM9j0Q7HLDr1hD6D-TUw,UCsJJAvrVGupdmhOqgtDp8dg,1
UCjSKM9j0Q7HLDr1hD6D-TUw,UCEgEQmRbtL5fwr9_DqAC--g,1
UCjSKM9j0Q7HLDr1hD6D-TUw,UCQgYjVngJRfPHDLGB5X6ZjA,1
UCjSKM9j0Q7HLDr1hD6D-TUw,UCAmtbUiIrUIhikru0ZoTFig,1
UCjSKM9j0Q7HLDr1hD6D-TUw,UCB5p8a5gklc80jJItP6xTHg,1
UCjSKM9j0Q7HLDr1hD6D-TUw,UC4cXueR2bKGFJV0Fk76gwmA,1
UCjSKM9j0Q7HLDr1hD6D-TUw,UCiMythXHsw7eQEMykCdmMUA,1
UCjSKM9j0Q7HLDr1hD6D-TUw,UCUIIIPTVDVHAXqhC_5V6lPA,1
UCjSKM9j0Q7HLDr1hD6D-TUw,UCRlCV9zSn7avAWh-9_XFWqQ,1
UCjSKM9j0Q7HLDr1hD6D-TUw,UCDQaQv0hr2SS_PO-CMEwVHg,1
UCjSKM9j0Q7HLDr1hD6D-TUw,UCDlr1VadSucIZgZ171pRBjQ,1
UCjSKM9j0Q7HLDr1hD6D-TUw,UC7VUuJr9cGh845CmTvf7TlQ,1
UCjSKM9j0Q7HLDr1hD6D-TUw,UCA93ym2TXs_Ibyxb4Vcn-6Q,1
UCjSKM9j0Q7HLDr1hD6D-TUw,UCXgr7vXlRrsaskPdo097kGA,1
UCjSKM9j0Q7HLDr1hD6D-TUw,UCj-LL25XJnjxepPKCc3NGog,1
UCjSKM9j0Q7HLDr1hD6D-TUw,UChgkn5Jt5tWKYMoEOuCjz3Q,1
UCjSKM9j0Q7HLDr1hD6D-TUw,UCLggDc_a5HriXv7I1h02sOA,1
UCjSKM9j0Q7HLDr1hD6D-TUw,UC3NMzdMYryaw82kPTnsaljg,1
UCjSKM9j0Q7HLDr1hD6D-TUw,UCFUuDARXdmmIrLppEqf-rFg,1
UCjSKM9j0Q7HLDr1hD6D-TUw,UCylqlpsh8ENNM1LqgQ1KbxA,1
UCjSKM9j0Q7HLDr1hD6D-TUw,UCCaYwkkbQGcvFoUmothVdQQ,1
UCjSKM9j0Q7HLDr1hD6D-TUw,UCySYJU5kUh7X8gVt9la2ISA,1
UCjSKM9j0Q7HLDr1hD6D-TUw,UC9vMq1YF-e7C-VO0SHkbUTA,1
UCjSKM9j0Q7HLDr1hD6D-TUw,UCr1emrogPKkKTs_WTtx71xg,1
UCjSKM9j0Q7HLDr1hD6D-TUw,UCV0iizTBoOfdAFX_thfI9BA,1
UCjSKM9j0Q7HLDr1hD6D-TUw,UCTylKrsqkrBKIqubMu_5N0Q,1
UCjSKM9j0Q7HLDr1hD6D-TUw,UC5H8ASmMC9WrURmzeB4ySog,1
UCjSKM9j0Q7HLDr1hD6D-TUw,UCDUffaruH6dyUnUGwsTKpgg,1
UCjSKM9j0Q7HLDr1hD6D-TUw,UCl0ekS9Tt0jJGtOEM18S63w,1
UCjSKM9j0Q7HLDr1hD6D-TUw,UCN6qbfPSzFtjhqUDZ3Cv3CQ,1
UCjSKM9j0Q7HLDr1hD6D-TUw,UC2Y_EHWQKevubk4vOEBBFxw,1
UCjSKM9j0Q7HLDr1hD6D-TUw,UCplrIQtaPj6au60_f2-mOYw,1
UCjSKM9j0Q7HLDr1hD6D-TUw,UCLFdHr9BEbXHkoJopbEPLZw,1
UCjSKM9j0Q7HLDr1hD6D-TUw,UCipetjeiWj4CZB6EbyYziZg,1
UCjSKM9j0Q7HLDr1hD6D-TUw,UCXSkL3ejZ8qWYyF_M7s_QKA,1
UCjSKM9j0Q7HLDr1hD6D-TUw,UCueV9cTyTDwgQSec1x2dYgA,1
UCjSKM9j0Q7HLDr1hD6D-TUw,UC6YSZqL0vEcI-niPKIMUGfw,1
UCjSKM9j0Q7HLDr1hD6D-TUw,UCFjudnPLoaSL1BaRuLahyHg,1
UCjSKM9j0Q7HLDr1hD6D-TUw,UCFxE8GbokBrBsPEKM1xrOjQ,1
UCjSKM9j0Q7HLDr1hD6D-TUw,UCDIMztpVm7G27qBuiWuT6oQ,1
UCjSKM9j0Q7HLDr1hD6D-TUw,UC-jS_kA9w-OmpupXDx156Rg,1
UCjSKM9j0Q7HLDr1hD6D-TUw,UCsjs5Hp_r86x1xbK6FAeqaA,1
UCjSKM9j0Q7HLDr1hD6D-TUw,UCQqetiwzzmRNTM5OWuXarGQ,1
UCjSKM9j0Q7HLDr1hD6D-TUw,UCQtSFINs1h6GHkpg9o5kMvg,1
UCjSKM9j0Q7HLDr1hD6D-TUw,UCsUCN0Yq_UyTvKjOJLmNrnQ,1
UCjSKM9j0Q7HLDr1hD6D-TUw,UCAlzM_N6xBlMYmM8EBzX86Q,1
UCjSKM9j0Q7HLDr1hD6D-TUw,UCOS8ViEkccrTZx2w2ccxotA,1
UCjSKM9j0Q7HLDr1hD6D-TUw,UCfM3nrxtTQMY5jFx1v1J4Gg,1
UCjSKM9j0Q7HLDr1hD6D-TUw,UCFhxtoeARHPnXXPcDrOU3Xg,1
UCjSKM9j0Q7HLDr1hD6D-TUw,UCNBnKqWf4d-rS4HwJRQljmQ,1
UCjSKM9j0Q7HLDr1hD6D-TUw,UC3XTwHxygNCgjndsg-UiCQA,1
UCjSKM9j0Q7HLDr1hD6D-TUw,UC650pRT-OYzny3GwOH8Cgfw,1
UCjSKM9j0Q7HLDr1hD6D-TUw,UC6PvO1_k5lHKGdAPo5_C6TA,1
UCjSKM9j0Q7HLDr1hD6D-TUw,UCxff05WuyvwELNITi7bj7UA,1
UCjSKM9j0Q7HLDr1hD6D-TUw,UC-pNP6RMFuLg_-x7Ah_0kEA,1
UCjSKM9j0Q7HLDr1hD6D-TUw,UCGzXwyCzMzGmjmCbH3Hg01Q,1
UCjSKM9j0Q7HLDr1hD6D-TUw,UCQtICyzWmhC5woCtbNgaSmg,1
UCjSKM9j0Q7HLDr1hD6D-TUw,UCTD6q1nyIe3Y7HhqjaMj72w,1
UCjSKM9j0Q7HLDr1hD6D-TUw,UCpsKOkt5iWTbenzeuq7dsmQ,1
UCjSKM9j0Q7HLDr1hD6D-TUw,UCHTGCgY2l-DQJIvlA_cpa_Q,1
UCjSKM9j0Q7HLDr1hD6D-TUw,UCi1b_TRQfgO1Z9O2gNGGWNA,1
UCjSKM9j0Q7HLDr1hD6D-TUw,UCZLG9qH0tUjNhEGFIUt0CYw,1
UCjSKM9j0Q7HLDr1hD6D-TUw,UCzoL2l5H5eVlorWGH8AZfAg,1
UCjSKM9j0Q7HLDr1hD6D-TUw,UCKDR0f2fu2UzWL8mBv5-BHw,1
UCjSKM9j0Q7HLDr1hD6D-TUw,UCjmPuazZJzscrwvk0QR9RVw,1
UCjSKM9j0Q7HLDr1hD6D-TUw,UCwha8rxULYMVtNwZWeSkE1A,1
UCjSKM9j0Q7HLDr1hD6D-TUw,UCQ_-LPP8JAbfkc-b1Q6NvWw,1
UCjSKM9j0Q7HLDr1hD6D-TUw,UCHhHUjaMAZ8SiXdCUCj9DkQ,1
UCjSKM9j0Q7HLDr1hD6D-TUw,UCRelkU8JiZBytTzebJxaa-w,1
UCjSKM9j0Q7HLDr1hD6D-TUw,UC72gBAtyb_VXQlYDcFrh6oQ,1
UCjSKM9j0Q7HLDr1hD6D-TUw,UC3MYTqpQqlWBuCB7Th0e0PA,1
UCjSKM9j0Q7HLDr1hD6D-TUw,UCZ51R_9Q9C0c8I3pAWhtmjQ,1
UCjSKM9j0Q7HLDr1hD6D-TUw,UCujPF2nBgsTD62nWE3lcpIg,1
UCjSKM9j0Q7HLDr1hD6D-TUw,UC9xr9QvIcDvoZNUX5f-jaZw,1
UCjSKM9j0Q7HLDr1hD6D-TUw,UCpl8rF8uv_8uui-QRvuJaRA,1
UCjSKM9j0Q7HLDr1hD6D-TUw,UCYN4wSQ1Sx4_LurxLlW7MPg,1
UCjSKM9j0Q7HLDr1hD6D-TUw,UC1vr9aaMI2crB0NvwFHUeoQ,1
UCjSKM9j0Q7HLDr1hD6D-TUw,UCOh6DaZC_x9HASnlRylEMfw,1
UCjSKM9j0Q7HLDr1hD6D-TUw,UCTP3O0rMnc8z8v8jaDQwL0w,1
UCjSKM9j0Q7HLDr1hD6D-TUw,UChep9kVb5gQmpodEEl10Xlg,1
UCjSKM9j0Q7HLDr1hD6D-TUw,UCFoIAE8k82D6AV-8gjjKaNg,1
UCFUuDARXdmmIrLppEqf-rFg,UCSou6a2OuYGSvPjm5psquyA,1
UCFUuDARXdmmIrLppEqf-rFg,UC2weSE8rpqkGMOp6StYtVfg,1
UCFUuDARXdmmIrLppEqf-rFg,UCiGRBf2RNF0WRKhRVT7zFoA,1
UCFUuDARXdmmIrLppEqf-rFg,UCpIdtvoFHVLGASGB5ySqIEA,1
UCFUuDARXdmmIrLppEqf-rFg,UC8F2V63KZ4ZEay6opX2hAQw,1
UCFUuDARXdmmIrLppEqf-rFg,UC3E9mAgP7VoAE5mZoAexl5g,1
UCFUuDARXdmmIrLppEqf-rFg,UCErZPJpHmLCsXs8ZWkAUupQ,1
UCFUuDARXdmmIrLppEqf-rFg,UCut6b9S98nv84cVX89PmKzA,1
UCFUuDARXdmmIrLppEqf-rFg,UCXXh7yg5KUFIWylTiKVEFKQ,1
UCFUuDARXdmmIrLppEqf-rFg,UCDPWkUX3sNNaCx-m1dV4glA,1
UCFUuDARXdmmIrLppEqf-rFg,UCNkcuy42zEwddwEcOd_HpnA,1
UCFUuDARXdmmIrLppEqf-rFg,UCz3gu01bmjNv0DpRq-K3XYg,1
UCFUuDARXdmmIrLppEqf-rFg,UCp4iw5_5SmV9VGTFSNVGOmQ,1
UCFUuDARXdmmIrLppEqf-rFg,UCWIZUtKJ636y-4TYrNvok0g,1
UCFUuDARXdmmIrLppEqf-rFg,UCvApqeCbLod-wejtT4CcVuA,1
UCFUuDARXdmmIrLppEqf-rFg,UCgvw7xIdGFupzpt1Y_BFkEA,1
UCFUuDARXdmmIrLppEqf-rFg,UCtUR3_CAiE7fCoZHM6cMfyQ,1
UCFUuDARXdmmIrLppEqf-rFg,UCmvOgzmmXbjUthHy-WJ52hQ,1
UCFUuDARXdmmIrLppEqf-rFg,UCtNfIBnc5S5DbbQj_yxgJTw,1
UCFUuDARXdmmIrLppEqf-rFg,UCmjppp6ujz3SAnULvP3sZMw,1
UCFUuDARXdmmIrLppEqf-rFg,UCYwpX26TrCxq8TvbKGRYLXA,1
UCFUuDARXdmmIrLppEqf-rFg,UCL13XhnRzbGokEkCkEOb0-g,1
UCFUuDARXdmmIrLppEqf-rFg,UChZknRmJkeGeQk0-mQuhDOg,1
UCFUuDARXdmmIrLppEqf-rFg,UCThW2XNsAaBKme5PUt7n-Zg,1
UCFUuDARXdmmIrLppEqf-rFg,UC5bG9nc_JV3FsNP2KseQiYw,1
UCFUuDARXdmmIrLppEqf-rFg,UCL1MT278vSaQ83ZDkVWn1gw,1
UCFUuDARXdmmIrLppEqf-rFg,UCh5ESQvtzyHDhCA7XyekCFA,1
UCFUuDARXdmmIrLppEqf-rFg,UCDftMWXQoJ6nONfY7GVOVjg,1
UCFUuDARXdmmIrLppEqf-rFg,UC8r11yOugM2NuRfitQOxLLg,1
UCFUuDARXdmmIrLppEqf-rFg,UCzSfZlOVxBSs5ObD25ywxDQ,1
UCFUuDARXdmmIrLppEqf-rFg,UC8G5cJONY8L9voMyBW8Eoug,1
UCFUuDARXdmmIrLppEqf-rFg,UCsJJAvrVGupdmhOqgtDp8dg,1
UCFUuDARXdmmIrLppEqf-rFg,UCEgEQmRbtL5fwr9_DqAC--g,1
UCFUuDARXdmmIrLppEqf-rFg,UCQgYjVngJRfPHDLGB5X6ZjA,1
UCFUuDARXdmmIrLppEqf-rFg,UCAmtbUiIrUIhikru0ZoTFig,1
UCFUuDARXdmmIrLppEqf-rFg,UCB5p8a5gklc80jJItP6xTHg,1
UCFUuDARXdmmIrLppEqf-rFg,UC4cXueR2bKGFJV0Fk76gwmA,1
UCFUuDARXdmmIrLppEqf-rFg,UCiMythXHsw7eQEMykCdmMUA,1
UCFUuDARXdmmIrLppEqf-rFg,UCUIIIPTVDVHAXqhC_5V6lPA,1
UCFUuDARXdmmIrLppEqf-rFg,UCRlCV9zSn7avAWh-9_XFWqQ,1
UCFUuDARXdmmIrLppEqf-rFg,UCDQaQv0hr2SS_PO-CMEwVHg,1
UCFUuDARXdmmIrLppEqf-rFg,UCDlr1VadSucIZgZ171pRBjQ,1
UCFUuDARXdmmIrLppEqf-rFg,UC7VUuJr9cGh845CmTvf7TlQ,1
UCFUuDARXdmmIrLppEqf-rFg,UCA93ym2TXs_Ibyxb4Vcn-6Q,1
UCFUuDARXdmmIrLppEqf-rFg,UCXgr7vXlRrsaskPdo097kGA,1
UCFUuDARXdmmIrLppEqf-rFg,UCj-LL25XJnjxepPKCc3NGog,1
UCFUuDARXdmmIrLppEqf-rFg,UChgkn5Jt5tWKYMoEOuCjz3Q,1
UCFUuDARXdmmIrLppEqf-rFg,UCLggDc_a5HriXv7I1h02sOA,1
UCFUuDARXdmmIrLppEqf-rFg,UC3NMzdMYryaw82kPTnsaljg,1
UCFUuDARXdmmIrLppEqf-rFg,UCylqlpsh8ENNM1LqgQ1KbxA,1
UCFUuDARXdmmIrLppEqf-rFg,UCCaYwkkbQGcvFoUmothVdQQ,1
UCFUuDARXdmmIrLppEqf-rFg,UCySYJU5kUh7X8gVt9la2ISA,1
UCFUuDARXdmmIrLppEqf-rFg,UC9vMq1YF-e7C-VO0SHkbUTA,1
UCFUuDARXdmmIrLppEqf-rFg,UCr1emrogPKkKTs_WTtx71xg,1
UCFUuDARXdmmIrLppEqf-rFg,UCV0iizTBoOfdAFX_thfI9BA,1
UCFUuDARXdmmIrLppEqf-rFg,UCTylKrsqkrBKIqubMu_5N0Q,1
UCFUuDARXdmmIrLppEqf-rFg,UC5H8ASmMC9WrURmzeB4ySog,1
UCFUuDARXdmmIrLppEqf-rFg,UCDUffaruH6dyUnUGwsTKpgg,1
UCFUuDARXdmmIrLppEqf-rFg,UCl0ekS9Tt0jJGtOEM18S63w,1
UCFUuDARXdmmIrLppEqf-rFg,UCN6qbfPSzFtjhqUDZ3Cv3CQ,1
UCFUuDARXdmmIrLppEqf-rFg,UC2Y_EHWQKevubk4vOEBBFxw,1
UCFUuDARXdmmIrLppEqf-rFg,UCplrIQtaPj6au60_f2-mOYw,1
UCFUuDARXdmmIrLppEqf-rFg,UCLFdHr9BEbXHkoJopbEPLZw,1
UCFUuDARXdmmIrLppEqf-rFg,UCipetjeiWj4CZB6EbyYziZg,1
UCFUuDARXdmmIrLppEqf-rFg,UCXSkL3ejZ8qWYyF_M7s_QKA,1
UCFUuDARXdmmIrLppEqf-rFg,UCueV9cTyTDwgQSec1x2dYgA,1
UCFUuDARXdmmIrLppEqf-rFg,UC6YSZqL0vEcI-niPKIMUGfw,1
UCFUuDARXdmmIrLppEqf-rFg,UCFjudnPLoaSL1BaRuLahyHg,1
UCFUuDARXdmmIrLppEqf-rFg,UCFxE8GbokBrBsPEKM1xrOjQ,1
UCFUuDARXdmmIrLppEqf-rFg,UCDIMztpVm7G27qBuiWuT6oQ,1
UCFUuDARXdmmIrLppEqf-rFg,UC-jS_kA9w-OmpupXDx156Rg,1
UCFUuDARXdmmIrLppEqf-rFg,UCsjs5Hp_r86x1xbK6FAeqaA,1
UCFUuDARXdmmIrLppEqf-rFg,UCQqetiwzzmRNTM5OWuXarGQ,1
UCFUuDARXdmmIrLppEqf-rFg,UCQtSFINs1h6GHkpg9o5kMvg,1
UCFUuDARXdmmIrLppEqf-rFg,UCsUCN0Yq_UyTvKjOJLmNrnQ,1
UCFUuDARXdmmIrLppEqf-rFg,UCAlzM_N6xBlMYmM8EBzX86Q,1
UCFUuDARXdmmIrLppEqf-rFg,UCOS8ViEkccrTZx2w2ccxotA,1
UCFUuDARXdmmIrLppEqf-rFg,UCfM3nrxtTQMY5jFx1v1J4Gg,1
UCFUuDARXdmmIrLppEqf-rFg,UCFhxtoeARHPnXXPcDrOU3Xg,1
UCFUuDARXdmmIrLppEqf-rFg,UCNBnKqWf4d-rS4HwJRQljmQ,1
UCFUuDARXdmmIrLppEqf-rFg,UC3XTwHxygNCgjndsg-UiCQA,1
UCFUuDARXdmmIrLppEqf-rFg,UC650pRT-OYzny3GwOH8Cgfw,1
UCFUuDARXdmmIrLppEqf-rFg,UC6PvO1_k5lHKGdAPo5_C6TA,1
UCFUuDARXdmmIrLppEqf-rFg,UCxff05WuyvwELNITi7bj7UA,1
UCFUuDARXdmmIrLppEqf-rFg,UC-pNP6RMFuLg_-x7Ah_0kEA,1
UCFUuDARXdmmIrLppEqf-rFg,UCGzXwyCzMzGmjmCbH3Hg01Q,1
UCFUuDARXdmmIrLppEqf-rFg,UCQtICyzWmhC5woCtbNgaSmg,1
UCFUuDARXdmmIrLppEqf-rFg,UCTD6q1nyIe3Y7HhqjaMj72w,1
UCFUuDARXdmmIrLppEqf-rFg,UCpsKOkt5iWTbenzeuq7dsmQ,1
UCFUuDARXdmmIrLppEqf-rFg,UCHTGCgY2l-DQJIvlA_cpa_Q,1
UCFUuDARXdmmIrLppEqf-rFg,UCi1b_TRQfgO1Z9O2gNGGWNA,1
UCFUuDARXdmmIrLppEqf-rFg,UCZLG9qH0tUjNhEGFIUt0CYw,1
UCFUuDARXdmmIrLppEqf-rFg,UCzoL2l5H5eVlorWGH8AZfAg,1
UCFUuDARXdmmIrLppEqf-rFg,UCKDR0f2fu2UzWL8mBv5-BHw,1
UCFUuDARXdmmIrLppEqf-rFg,UCjmPuazZJzscrwvk0QR9RVw,1
UCFUuDARXdmmIrLppEqf-rFg,UCwha8rxULYMVtNwZWeSkE1A,1
UCFUuDARXdmmIrLppEqf-rFg,UCQ_-LPP8JAbfkc-b1Q6NvWw,1
UCFUuDARXdmmIrLppEqf-rFg,UCHhHUjaMAZ8SiXdCUCj9DkQ,1
UCFUuDARXdmmIrLppEqf-rFg,UCRelkU8JiZBytTzebJxaa-w,1
UCFUuDARXdmmIrLppEqf-rFg,UC72gBAtyb_VXQlYDcFrh6oQ,1
UCFUuDARXdmmIrLppEqf-rFg,UC3MYTqpQqlWBuCB7Th0e0PA,1
UCFUuDARXdmmIrLppEqf-rFg,UCZ51R_9Q9C0c8I3pAWhtmjQ,1
UCFUuDARXdmmIrLppEqf-rFg,UCujPF2nBgsTD62nWE3lcpIg,1
UCFUuDARXdmmIrLppEqf-rFg,UC9xr9QvIcDvoZNUX5f-jaZw,1
UCFUuDARXdmmIrLppEqf-rFg,UCpl8rF8uv_8uui-QRvuJaRA,1
UCFUuDARXdmmIrLppEqf-rFg,UCYN4wSQ1Sx4_LurxLlW7MPg,1
UCFUuDARXdmmIrLppEqf-rFg,UC1vr9aaMI2crB0NvwFHUeoQ,1
UCFUuDARXdmmIrLppEqf-rFg,UCOh6DaZC_x9HASnlRylEMfw,1
UCFUuDARXdmmIrLppEqf-rFg,UCTP3O0rMnc8z8v8jaDQwL0w,1
UCFUuDARXdmmIrLppEqf-rFg,UChep9kVb5gQmpodEEl10Xlg,1
UCFUuDARXdmmIrLppEqf-rFg,UCFoIAE8k82D6AV-8gjjKaNg,1
UCySYJU5kUh7X8gVt9la2ISA,UCSou6a2OuYGSvPjm5psquyA,1
UCySYJU5kUh7X8gVt9la2ISA,UC2weSE8rpqkGMOp6StYtVfg,1
UCySYJU5kUh7X8gVt9la2ISA,UCiGRBf2RNF0WRKhRVT7zFoA,1
UCySYJU5kUh7X8gVt9la2ISA,UCpIdtvoFHVLGASGB5ySqIEA,1
UCySYJU5kUh7X8gVt9la2ISA,UC8F2V63KZ4ZEay6opX2hAQw,1
UCySYJU5kUh7X8gVt9la2ISA,UC3E9mAgP7VoAE5mZoAexl5g,1
UCySYJU5kUh7X8gVt9la2ISA,UCErZPJpHmLCsXs8ZWkAUupQ,1
UCySYJU5kUh7X8gVt9la2ISA,UCut6b9S98nv84cVX89PmKzA,1
UCySYJU5kUh7X8gVt9la2ISA,UCXXh7yg5KUFIWylTiKVEFKQ,1
UCySYJU5kUh7X8gVt9la2ISA,UCDPWkUX3sNNaCx-m1dV4glA,1
UCySYJU5kUh7X8gVt9la2ISA,UCNkcuy42zEwddwEcOd_HpnA,1
UCySYJU5kUh7X8gVt9la2ISA,UCz3gu01bmjNv0DpRq-K3XYg,1
UCySYJU5kUh7X8gVt9la2ISA,UCp4iw5_5SmV9VGTFSNVGOmQ,1
UCySYJU5kUh7X8gVt9la2ISA,UCWIZUtKJ636y-4TYrNvok0g,1
UCySYJU5kUh7X8gVt9la2ISA,UCvApqeCbLod-wejtT4CcVuA,1
UCySYJU5kUh7X8gVt9la2ISA,UCgvw7xIdGFupzpt1Y_BFkEA,1
UCySYJU5kUh7X8gVt9la2ISA,UCtUR3_CAiE7fCoZHM6cMfyQ,1
UCySYJU5kUh7X8gVt9la2ISA,UCmvOgzmmXbjUthHy-WJ52hQ,1
UCySYJU5kUh7X8gVt9la2ISA,UCtNfIBnc5S5DbbQj_yxgJTw,1
UCySYJU5kUh7X8gVt9la2ISA,UCmjppp6ujz3SAnULvP3sZMw,1
UCySYJU5kUh7X8gVt9la2ISA,UCYwpX26TrCxq8TvbKGRYLXA,1
UCySYJU5kUh7X8gVt9la2ISA,UCL13XhnRzbGokEkCkEOb0-g,1
UCySYJU5kUh7X8gVt9la2ISA,UChZknRmJkeGeQk0-mQuhDOg,1
UCySYJU5kUh7X8gVt9la2ISA,UCThW2XNsAaBKme5PUt7n-Zg,1
UCySYJU5kUh7X8gVt9la2ISA,UC5bG9nc_JV3FsNP2KseQiYw,1
UCySYJU5kUh7X8gVt9la2ISA,UCL1MT278vSaQ83ZDkVWn1gw,1
UCySYJU5kUh7X8gVt9la2ISA,UCh5ESQvtzyHDhCA7XyekCFA,1
UCySYJU5kUh7X8gVt9la2ISA,UCDftMWXQoJ6nONfY7GVOVjg,1
UCySYJU5kUh7X8gVt9la2ISA,UC8r11yOugM2NuRfitQOxLLg,1
UCySYJU5kUh7X8gVt9la2ISA,UCzSfZlOVxBSs5ObD25ywxDQ,1
UCySYJU5kUh7X8gVt9la2ISA,UC8G5cJONY8L9voMyBW8Eoug,1
UCySYJU5kUh7X8gVt9la2ISA,UCsJJAvrVGupdmhOqgtDp8dg,1
UCySYJU5kUh7X8gVt9la2ISA,UCEgEQmRbtL5fwr9_DqAC--g,1
UCySYJU5kUh7X8gVt9la2ISA,UCQgYjVngJRfPHDLGB5X6ZjA,1
UCySYJU5kUh7X8gVt9la2ISA,UCAmtbUiIrUIhikru0ZoTFig,1
UCySYJU5kUh7X8gVt9la2ISA,UCB5p8a5gklc80jJItP6xTHg,1
UCySYJU5kUh7X8gVt9la2ISA,UC4cXueR2bKGFJV0Fk76gwmA,1
UCySYJU5kUh7X8gVt9la2ISA,UCiMythXHsw7eQEMykCdmMUA,1
UCySYJU5kUh7X8gVt9la2ISA,UCUIIIPTVDVHAXqhC_5V6lPA,1
UCySYJU5kUh7X8gVt9la2ISA,UCRlCV9zSn7avAWh-9_XFWqQ,1
UCySYJU5kUh7X8gVt9la2ISA,UCDQaQv0hr2SS_PO-CMEwVHg,1
UCySYJU5kUh7X8gVt9la2ISA,UCDlr1VadSucIZgZ171pRBjQ,1
UCySYJU5kUh7X8gVt9la2ISA,UC7VUuJr9cGh845CmTvf7TlQ,1
UCySYJU5kUh7X8gVt9la2ISA,UCA93ym2TXs_Ibyxb4Vcn-6Q,1
UCySYJU5kUh7X8gVt9la2ISA,UCXgr7vXlRrsaskPdo097kGA,1
UCySYJU5kUh7X8gVt9la2ISA,UCj-LL25XJnjxepPKCc3NGog,1
UCySYJU5kUh7X8gVt9la2ISA,UChgkn5Jt5tWKYMoEOuCjz3Q,1
UCySYJU5kUh7X8gVt9la2ISA,UCLggDc_a5HriXv7I1h02sOA,1
UCySYJU5kUh7X8gVt9la2ISA,UC3NMzdMYryaw82kPTnsaljg,1
UCySYJU5kUh7X8gVt9la2ISA,UCylqlpsh8ENNM1LqgQ1KbxA,1
UCySYJU5kUh7X8gVt9la2ISA,UCCaYwkkbQGcvFoUmothVdQQ,1
UCySYJU5kUh7X8gVt9la2ISA,UC9vMq1YF-e7C-VO0SHkbUTA,1
UCySYJU5kUh7X8gVt9la2ISA,UCr1emrogPKkKTs_WTtx71xg,1
UCySYJU5kUh7X8gVt9la2ISA,UCV0iizTBoOfdAFX_thfI9BA,1
UCySYJU5kUh7X8gVt9la2ISA,UCTylKrsqkrBKIqubMu_5N0Q,1
UCySYJU5kUh7X8gVt9la2ISA,UC5H8ASmMC9WrURmzeB4ySog,1
UCySYJU5kUh7X8gVt9la2ISA,UCDUffaruH6dyUnUGwsTKpgg,1
UCySYJU5kUh7X8gVt9la2ISA,UCl0ekS9Tt0jJGtOEM18S63w,1
UCySYJU5kUh7X8gVt9la2ISA,UCN6qbfPSzFtjhqUDZ3Cv3CQ,1
UCySYJU5kUh7X8gVt9la2ISA,UC2Y_EHWQKevubk4vOEBBFxw,1
UCySYJU5kUh7X8gVt9la2ISA,UCplrIQtaPj6au60_f2-mOYw,1
UCySYJU5kUh7X8gVt9la2ISA,UCLFdHr9BEbXHkoJopbEPLZw,1
UCySYJU5kUh7X8gVt9la2ISA,UCipetjeiWj4CZB6EbyYziZg,1
UCySYJU5kUh7X8gVt9la2ISA,UCXSkL3ejZ8qWYyF_M7s_QKA,1
UCySYJU5kUh7X8gVt9la2ISA,UCueV9cTyTDwgQSec1x2dYgA,1
UCySYJU5kUh7X8gVt9la2ISA,UC6YSZqL0vEcI-niPKIMUGfw,1
UCySYJU5kUh7X8gVt9la2ISA,UCFjudnPLoaSL1BaRuLahyHg,1
UCySYJU5kUh7X8gVt9la2ISA,UCFxE8GbokBrBsPEKM1xrOjQ,1
UCySYJU5kUh7X8gVt9la2ISA,UCDIMztpVm7G27qBuiWuT6oQ,1
UCySYJU5kUh7X8gVt9la2ISA,UC-jS_kA9w-OmpupXDx156Rg,1
UCySYJU5kUh7X8gVt9la2ISA,UCsjs5Hp_r86x1xbK6FAeqaA,1
UCySYJU5kUh7X8gVt9la2ISA,UCQqetiwzzmRNTM5OWuXarGQ,1
UCySYJU5kUh7X8gVt9la2ISA,UCQtSFINs1h6GHkpg9o5kMvg,1
UCySYJU5kUh7X8gVt9la2ISA,UCsUCN0Yq_UyTvKjOJLmNrnQ,1
UCySYJU5kUh7X8gVt9la2ISA,UCAlzM_N6xBlMYmM8EBzX86Q,1
UCySYJU5kUh7X8gVt9la2ISA,UCOS8ViEkccrTZx2w2ccxotA,1
UCySYJU5kUh7X8gVt9la2ISA,UCfM3nrxtTQMY5jFx1v1J4Gg,1
UCySYJU5kUh7X8gVt9la2ISA,UCFhxtoeARHPnXXPcDrOU3Xg,1
UCySYJU5kUh7X8gVt9la2ISA,UCNBnKqWf4d-rS4HwJRQljmQ,1
UCySYJU5kUh7X8gVt9la2ISA,UC3XTwHxygNCgjndsg-UiCQA,1
UCySYJU5kUh7X8gVt9la2ISA,UC650pRT-OYzny3GwOH8Cgfw,1
UCySYJU5kUh7X8gVt9la2ISA,UC6PvO1_k5lHKGdAPo5_C6TA,1
UCySYJU5kUh7X8gVt9la2ISA,UCxff05WuyvwELNITi7bj7UA,1
UCySYJU5kUh7X8gVt9la2ISA,UC-pNP6RMFuLg_-x7Ah_0kEA,1
UCySYJU5kUh7X8gVt9la2ISA,UCGzXwyCzMzGmjmCbH3Hg01Q,1
UCySYJU5kUh7X8gVt9la2ISA,UCQtICyzWmhC5woCtbNgaSmg,1
UCySYJU5kUh7X8gVt9la2ISA,UCTD6q1nyIe3Y7HhqjaMj72w,1
UCySYJU5kUh7X8gVt9la2ISA,UCpsKOkt5iWTbenzeuq7dsmQ,1
UCySYJU5kUh7X8gVt9la2ISA,UCHTGCgY2l-DQJIvlA_cpa_Q,1
UCySYJU5kUh7X8gVt9la2ISA,UCi1b_TRQfgO1Z9O2gNGGWNA,1
UCySYJU5kUh7X8gVt9la2ISA,UCZLG9qH0tUjNhEGFIUt0CYw,1
UCySYJU5kUh7X8gVt9la2ISA,UCzoL2l5H5eVlorWGH8AZfAg,1
UCySYJU5kUh7X8gVt9la2ISA,UCKDR0f2fu2UzWL8mBv5-BHw,1
UCySYJU5kUh7X8gVt9la2ISA,UCjmPuazZJzscrwvk0QR9RVw,1
UCySYJU5kUh7X8gVt9la2ISA,UCwha8rxULYMVtNwZWeSkE1A,1
UCySYJU5kUh7X8gVt9la2ISA,UCQ_-LPP8JAbfkc-b1Q6NvWw,1
UCySYJU5kUh7X8gVt9la2ISA,UCHhHUjaMAZ8SiXdCUCj9DkQ,1
UCySYJU5kUh7X8gVt9la2ISA,UCRelkU8JiZBytTzebJxaa-w,1
UCySYJU5kUh7X8gVt9la2ISA,UC72gBAtyb_VXQlYDcFrh6oQ,1
UCySYJU5kUh7X8gVt9la2ISA,UC3MYTqpQqlWBuCB7Th0e0PA,1
UCySYJU5kUh7X8gVt9la2ISA,UCZ51R_9Q9C0c8I3pAWhtmjQ,1
UCySYJU5kUh7X8gVt9la2ISA,UCujPF2nBgsTD62nWE3lcpIg,1
UCySYJU5kUh7X8gVt9la2ISA,UC9xr9QvIcDvoZNUX5f-jaZw,1
UCySYJU5kUh7X8gVt9la2ISA,UCpl8rF8uv_8uui-QRvuJaRA,1
UCySYJU5kUh7X8gVt9la2ISA,UCYN4wSQ1Sx4_LurxLlW7MPg,1
UCySYJU5kUh7X8gVt9la2ISA,UC1vr9aaMI2crB0NvwFHUeoQ,1
UCySYJU5kUh7X8gVt9la2ISA,UCOh6DaZC_x9HASnlRylEMfw,1
UCySYJU5kUh7X8gVt9la2ISA,UCTP3O0rMnc8z8v8jaDQwL0w,1
UCySYJU5kUh7X8gVt9la2ISA,UChep9kVb5gQmpodEEl10Xlg,1
UCySYJU5kUh7X8gVt9la2ISA,UCFoIAE8k82D6AV-8gjjKaNg,1
UC95PSMouTx2N5CbSq0hIyrQ,UCDrmf9y9nLgFY5wnA2hTuGA,1
UC95PSMouTx2N5CbSq0hIyrQ,UCQqlPPUGqAfWjd-FSh_qn7Q,1
UC95PSMouTx2N5CbSq0hIyrQ,UCZeIIQrGAedW8tCbKWmGY-A,1
UC95PSMouTx2N5CbSq0hIyrQ,UClhMWQ7XKWywYvbRnuf8QsA,1
UC95PSMouTx2N5CbSq0hIyrQ,UC816IGbFCZinfYS1LRDaaHg,1
UC95PSMouTx2N5CbSq0hIyrQ,UCuXmOjxC-htcprLgeVXz6Tg,1
UC95PSMouTx2N5CbSq0hIyrQ,UC5hvEnRUzI4Kfvwnyi4QxqQ,1
UC95PSMouTx2N5CbSq0hIyrQ,UCgJNFj5dnxXpcMvmuhZDPxA,1
UC95PSMouTx2N5CbSq0hIyrQ,UCylqlpsh8ENNM1LqgQ1KbxA,1
UC95PSMouTx2N5CbSq0hIyrQ,UC-fiZBS5Gp1eCJd9ucgWnCg,1
UC95PSMouTx2N5CbSq0hIyrQ,UCe8JZoYkX5oKUZyivHYdXhw,1
UC95PSMouTx2N5CbSq0hIyrQ,UCkVtmkK07b2zaVVNssX4lOg,1
UC95PSMouTx2N5CbSq0hIyrQ,UCpe5jW3MIqkgTJ-PgkzvM6Q,1
UC95PSMouTx2N5CbSq0hIyrQ,UCdFlugHJJa4l3YqWuNRmvXw,1
UC95PSMouTx2N5CbSq0hIyrQ,UCpsKOkt5iWTbenzeuq7dsmQ,1
UC95PSMouTx2N5CbSq0hIyrQ,UCu8_3-Wg-YzNyvHYQDEscfw,1
UC95PSMouTx2N5CbSq0hIyrQ,UC_LYoGs5C3mbZKZuKuqYCvw,1
UC95PSMouTx2N5CbSq0hIyrQ,UCsGoJEvb-cFPZ2rWoJcXzEQ,1
UC95PSMouTx2N5CbSq0hIyrQ,UCAKuKvcbfnBD3kF5njNu-IA,1
UC95PSMouTx2N5CbSq0hIyrQ,UColMq7LmaoY3MT6aIDGrGvA,1
UC95PSMouTx2N5CbSq0hIyrQ,UCwgCc9Jd_gG-uLE_SY-FfPg,1
UC95PSMouTx2N5CbSq0hIyrQ,UCgQw_Sbq3ugruDUKsq1e0-A,1
UC95PSMouTx2N5CbSq0hIyrQ,UCV0lM03g5fg5pbPj97-sAtA,1
UC95PSMouTx2N5CbSq0hIyrQ,UC6Uj1FT5JjDSF8vudvDxPAA,1
UC95PSMouTx2N5CbSq0hIyrQ,UCRAquv8el-tQ30bN7MlmySQ,1
UC95PSMouTx2N5CbSq0hIyrQ,UC4Avya4kmR4Q0FrfFdBozSQ,1
UC95PSMouTx2N5CbSq0hIyrQ,UCkbsS_3D-pvg1iHOld9uvIg,1
UC95PSMouTx2N5CbSq0hIyrQ,UCUoYsrx1oZnCZ0usbBJn4fA,1
UC95PSMouTx2N5CbSq0hIyrQ,UCRvPToDkkumha7WJAfCDk1A,1
UC95PSMouTx2N5CbSq0hIyrQ,UC1DpqK6vaPEkBOMNvypsKYg,1
UC95PSMouTx2N5CbSq0hIyrQ,UC3UVO7pTbeYvZ3ILEyRDskQ,1
UC95PSMouTx2N5CbSq0hIyrQ,UCW80DaMjQlEUibC98Cot-Dg,1
UC95PSMouTx2N5CbSq0hIyrQ,UC32oozucwCF3q8d4m8fyOUg,1
UC95PSMouTx2N5CbSq0hIyrQ,UCqCrvuoJpC-aVb0f4logQRQ,1
UC95PSMouTx2N5CbSq0hIyrQ,UCCBYcToQ2dwkd6TJh0FSyDg,1
UC95PSMouTx2N5CbSq0hIyrQ,UCNpt5CQlTzNjlAKY6CJtClQ,1
UC95PSMouTx2N5CbSq0hIyrQ,UCGGHbtfbbe0o68etrOf0qxw,1
UC95PSMouTx2N5CbSq0hIyrQ,UCQyOePccUP-fIJYzchAgZYw,1
UC95PSMouTx2N5CbSq0hIyrQ,UCaKAjTW9MVub_clgr4DRYjQ,1
UC95PSMouTx2N5CbSq0hIyrQ,UClqA491Xa5fQcXcJJa-vTWw,1
UC95PSMouTx2N5CbSq0hIyrQ,UCWoAVGVqCn4xtINCMOTM4jg,1
UC95PSMouTx2N5CbSq0hIyrQ,UCiC-Jn7wdgyQV4_Urk0DkWQ,1
UC5H8ASmMC9WrURmzeB4ySog,UCSou6a2OuYGSvPjm5psquyA,1
UC5H8ASmMC9WrURmzeB4ySog,UC2weSE8rpqkGMOp6StYtVfg,1
UC5H8ASmMC9WrURmzeB4ySog,UCiGRBf2RNF0WRKhRVT7zFoA,1
UC5H8ASmMC9WrURmzeB4ySog,UCpIdtvoFHVLGASGB5ySqIEA,1
UC5H8ASmMC9WrURmzeB4ySog,UC8F2V63KZ4ZEay6opX2hAQw,1
UC5H8ASmMC9WrURmzeB4ySog,UC3E9mAgP7VoAE5mZoAexl5g,1
UC5H8ASmMC9WrURmzeB4ySog,UCErZPJpHmLCsXs8ZWkAUupQ,1
UC5H8ASmMC9WrURmzeB4ySog,UCut6b9S98nv84cVX89PmKzA,1
UC5H8ASmMC9WrURmzeB4ySog,UCXXh7yg5KUFIWylTiKVEFKQ,1
UC5H8ASmMC9WrURmzeB4ySog,UCDPWkUX3sNNaCx-m1dV4glA,1
UC5H8ASmMC9WrURmzeB4ySog,UCNkcuy42zEwddwEcOd_HpnA,1
UC5H8ASmMC9WrURmzeB4ySog,UCz3gu01bmjNv0DpRq-K3XYg,1
UC5H8ASmMC9WrURmzeB4ySog,UCp4iw5_5SmV9VGTFSNVGOmQ,1
UC5H8ASmMC9WrURmzeB4ySog,UCWIZUtKJ636y-4TYrNvok0g,1
UC5H8ASmMC9WrURmzeB4ySog,UCvApqeCbLod-wejtT4CcVuA,1
UC5H8ASmMC9WrURmzeB4ySog,UCgvw7xIdGFupzpt1Y_BFkEA,1
UC5H8ASmMC9WrURmzeB4ySog,UCtUR3_CAiE7fCoZHM6cMfyQ,1
UC5H8ASmMC9WrURmzeB4ySog,UCmvOgzmmXbjUthHy-WJ52hQ,1
UC5H8ASmMC9WrURmzeB4ySog,UCtNfIBnc5S5DbbQj_yxgJTw,1
UC5H8ASmMC9WrURmzeB4ySog,UCmjppp6ujz3SAnULvP3sZMw,1
UC5H8ASmMC9WrURmzeB4ySog,UCYwpX26TrCxq8TvbKGRYLXA,1
UC5H8ASmMC9WrURmzeB4ySog,UCL13XhnRzbGokEkCkEOb0-g,1
UC5H8ASmMC9WrURmzeB4ySog,UChZknRmJkeGeQk0-mQuhDOg,1
UC5H8ASmMC9WrURmzeB4ySog,UCThW2XNsAaBKme5PUt7n-Zg,1
UC5H8ASmMC9WrURmzeB4ySog,UC5bG9nc_JV3FsNP2KseQiYw,1
UC5H8ASmMC9WrURmzeB4ySog,UCL1MT278vSaQ83ZDkVWn1gw,1
UC5H8ASmMC9WrURmzeB4ySog,UCh5ESQvtzyHDhCA7XyekCFA,1
UC5H8ASmMC9WrURmzeB4ySog,UCDftMWXQoJ6nONfY7GVOVjg,1
UC5H8ASmMC9WrURmzeB4ySog,UC8r11yOugM2NuRfitQOxLLg,1
UC5H8ASmMC9WrURmzeB4ySog,UCzSfZlOVxBSs5ObD25ywxDQ,1
UC5H8ASmMC9WrURmzeB4ySog,UC8G5cJONY8L9voMyBW8Eoug,1
UC5H8ASmMC9WrURmzeB4ySog,UCsJJAvrVGupdmhOqgtDp8dg,1
UC5H8ASmMC9WrURmzeB4ySog,UCEgEQmRbtL5fwr9_DqAC--g,1
UC5H8ASmMC9WrURmzeB4ySog,UCQgYjVngJRfPHDLGB5X6ZjA,1
UC5H8ASmMC9WrURmzeB4ySog,UCAmtbUiIrUIhikru0ZoTFig,1
UC5H8ASmMC9WrURmzeB4ySog,UCB5p8a5gklc80jJItP6xTHg,1
UC5H8ASmMC9WrURmzeB4ySog,UC4cXueR2bKGFJV0Fk76gwmA,1
UC5H8ASmMC9WrURmzeB4ySog,UCiMythXHsw7eQEMykCdmMUA,1
UC5H8ASmMC9WrURmzeB4ySog,UCUIIIPTVDVHAXqhC_5V6lPA,1
UC5H8ASmMC9WrURmzeB4ySog,UCRlCV9zSn7avAWh-9_XFWqQ,1
UC5H8ASmMC9WrURmzeB4ySog,UCDQaQv0hr2SS_PO-CMEwVHg,1
UC5H8ASmMC9WrURmzeB4ySog,UCDlr1VadSucIZgZ171pRBjQ,1
UC5H8ASmMC9WrURmzeB4ySog,UC7VUuJr9cGh845CmTvf7TlQ,1
UC5H8ASmMC9WrURmzeB4ySog,UCA93ym2TXs_Ibyxb4Vcn-6Q,1
UC5H8ASmMC9WrURmzeB4ySog,UCXgr7vXlRrsaskPdo097kGA,1
UC5H8ASmMC9WrURmzeB4ySog,UCj-LL25XJnjxepPKCc3NGog,1
UC5H8ASmMC9WrURmzeB4ySog,UChgkn5Jt5tWKYMoEOuCjz3Q,1
UC5H8ASmMC9WrURmzeB4ySog,UCLggDc_a5HriXv7I1h02sOA,1
UC5H8ASmMC9WrURmzeB4ySog,UC3NMzdMYryaw82kPTnsaljg,1
UC5H8ASmMC9WrURmzeB4ySog,UCylqlpsh8ENNM1LqgQ1KbxA,1
UC5H8ASmMC9WrURmzeB4ySog,UCCaYwkkbQGcvFoUmothVdQQ,1
UC5H8ASmMC9WrURmzeB4ySog,UC9vMq1YF-e7C-VO0SHkbUTA,1
UC5H8ASmMC9WrURmzeB4ySog,UCr1emrogPKkKTs_WTtx71xg,1
UC5H8ASmMC9WrURmzeB4ySog,UCV0iizTBoOfdAFX_thfI9BA,1
UC5H8ASmMC9WrURmzeB4ySog,UCTylKrsqkrBKIqubMu_5N0Q,1
UC5H8ASmMC9WrURmzeB4ySog,UCDUffaruH6dyUnUGwsTKpgg,1
UC5H8ASmMC9WrURmzeB4ySog,UCl0ekS9Tt0jJGtOEM18S63w,1
UC5H8ASmMC9WrURmzeB4ySog,UCN6qbfPSzFtjhqUDZ3Cv3CQ,1
UC5H8ASmMC9WrURmzeB4ySog,UC2Y_EHWQKevubk4vOEBBFxw,1
UC5H8ASmMC9WrURmzeB4ySog,UCplrIQtaPj6au60_f2-mOYw,1
UC5H8ASmMC9WrURmzeB4ySog,UCLFdHr9BEbXHkoJopbEPLZw,1
UC5H8ASmMC9WrURmzeB4ySog,UCipetjeiWj4CZB6EbyYziZg,1
UC5H8ASmMC9WrURmzeB4ySog,UCXSkL3ejZ8qWYyF_M7s_QKA,1
UC5H8ASmMC9WrURmzeB4ySog,UCueV9cTyTDwgQSec1x2dYgA,1
UC5H8ASmMC9WrURmzeB4ySog,UC6YSZqL0vEcI-niPKIMUGfw,1
UC5H8ASmMC9WrURmzeB4ySog,UCFjudnPLoaSL1BaRuLahyHg,1
UC5H8ASmMC9WrURmzeB4ySog,UCFxE8GbokBrBsPEKM1xrOjQ,1
UC5H8ASmMC9WrURmzeB4ySog,UCDIMztpVm7G27qBuiWuT6oQ,1
UC5H8ASmMC9WrURmzeB4ySog,UC-jS_kA9w-OmpupXDx156Rg,1
UC5H8ASmMC9WrURmzeB4ySog,UCsjs5Hp_r86x1xbK6FAeqaA,1
UC5H8ASmMC9WrURmzeB4ySog,UCQqetiwzzmRNTM5OWuXarGQ,1
UC5H8ASmMC9WrURmzeB4ySog,UCQtSFINs1h6GHkpg9o5kMvg,1
UC5H8ASmMC9WrURmzeB4ySog,UCsUCN0Yq_UyTvKjOJLmNrnQ,1
UC5H8ASmMC9WrURmzeB4ySog,UCAlzM_N6xBlMYmM8EBzX86Q,1
UC5H8ASmMC9WrURmzeB4ySog,UCOS8ViEkccrTZx2w2ccxotA,1
UC5H8ASmMC9WrURmzeB4ySog,UCfM3nrxtTQMY5jFx1v1J4Gg,1
UC5H8ASmMC9WrURmzeB4ySog,UCFhxtoeARHPnXXPcDrOU3Xg,1
UC5H8ASmMC9WrURmzeB4ySog,UCNBnKqWf4d-rS4HwJRQljmQ,1
UC5H8ASmMC9WrURmzeB4ySog,UC3XTwHxygNCgjndsg-UiCQA,1
UC5H8ASmMC9WrURmzeB4ySog,UC650pRT-OYzny3GwOH8Cgfw,1
UC5H8ASmMC9WrURmzeB4ySog,UC6PvO1_k5lHKGdAPo5_C6TA,1
UC5H8ASmMC9WrURmzeB4ySog,UCxff05WuyvwELNITi7bj7UA,1
UC5H8ASmMC9WrURmzeB4ySog,UC-pNP6RMFuLg_-x7Ah_0kEA,1
UC5H8ASmMC9WrURmzeB4ySog,UCGzXwyCzMzGmjmCbH3Hg01Q,1
UC5H8ASmMC9WrURmzeB4ySog,UCQtICyzWmhC5woCtbNgaSmg,1
UC5H8ASmMC9WrURmzeB4ySog,UCTD6q1nyIe3Y7HhqjaMj72w,1
UC5H8ASmMC9WrURmzeB4ySog,UCpsKOkt5iWTbenzeuq7dsmQ,1
UC5H8ASmMC9WrURmzeB4ySog,UCHTGCgY2l-DQJIvlA_cpa_Q,1
UC5H8ASmMC9WrURmzeB4ySog,UCi1b_TRQfgO1Z9O2gNGGWNA,1
UC5H8ASmMC9WrURmzeB4ySog,UCZLG9qH0tUjNhEGFIUt0CYw,1
UC5H8ASmMC9WrURmzeB4ySog,UCzoL2l5H5eVlorWGH8AZfAg,1
UC5H8ASmMC9WrURmzeB4ySog,UCKDR0f2fu2UzWL8mBv5-BHw,1
UC5H8ASmMC9WrURmzeB4ySog,UCjmPuazZJzscrwvk0QR9RVw,1
UC5H8ASmMC9WrURmzeB4ySog,UCwha8rxULYMVtNwZWeSkE1A,1
UC5H8ASmMC9WrURmzeB4ySog,UCQ_-LPP8JAbfkc-b1Q6NvWw,1
UC5H8ASmMC9WrURmzeB4ySog,UCHhHUjaMAZ8SiXdCUCj9DkQ,1
UC5H8ASmMC9WrURmzeB4ySog,UCRelkU8JiZBytTzebJxaa-w,1
UC5H8ASmMC9WrURmzeB4ySog,UC72gBAtyb_VXQlYDcFrh6oQ,1
UC5H8ASmMC9WrURmzeB4ySog,UC3MYTqpQqlWBuCB7Th0e0PA,1
UC5H8ASmMC9WrURmzeB4ySog,UCZ51R_9Q9C0c8I3pAWhtmjQ,1
UC5H8ASmMC9WrURmzeB4ySog,UCujPF2nBgsTD62nWE3lcpIg,1
UC5H8ASmMC9WrURmzeB4ySog,UC9xr9QvIcDvoZNUX5f-jaZw,1
UC5H8ASmMC9WrURmzeB4ySog,UCpl8rF8uv_8uui-QRvuJaRA,1
UC5H8ASmMC9WrURmzeB4ySog,UCYN4wSQ1Sx4_LurxLlW7MPg,1
UC5H8ASmMC9WrURmzeB4ySog,UC1vr9aaMI2crB0NvwFHUeoQ,1
UC5H8ASmMC9WrURmzeB4ySog,UCOh6DaZC_x9HASnlRylEMfw,1
UC5H8ASmMC9WrURmzeB4ySog,UCTP3O0rMnc8z8v8jaDQwL0w,1
UC5H8ASmMC9WrURmzeB4ySog,UChep9kVb5gQmpodEEl10Xlg,1
UC5H8ASmMC9WrURmzeB4ySog,UCFoIAE8k82D6AV-8gjjKaNg,1
UCl0ekS9Tt0jJGtOEM18S63w,UCSou6a2OuYGSvPjm5psquyA,1
UCl0ekS9Tt0jJGtOEM18S63w,UC2weSE8rpqkGMOp6StYtVfg,1
UCl0ekS9Tt0jJGtOEM18S63w,UCiGRBf2RNF0WRKhRVT7zFoA,1
UCl0ekS9Tt0jJGtOEM18S63w,UCpIdtvoFHVLGASGB5ySqIEA,1
UCl0ekS9Tt0jJGtOEM18S63w,UC8F2V63KZ4ZEay6opX2hAQw,1
UCl0ekS9Tt0jJGtOEM18S63w,UC3E9mAgP7VoAE5mZoAexl5g,1
UCl0ekS9Tt0jJGtOEM18S63w,UCErZPJpHmLCsXs8ZWkAUupQ,1
UCl0ekS9Tt0jJGtOEM18S63w,UCut6b9S98nv84cVX89PmKzA,1
UCl0ekS9Tt0jJGtOEM18S63w,UCXXh7yg5KUFIWylTiKVEFKQ,1
UCl0ekS9Tt0jJGtOEM18S63w,UCDPWkUX3sNNaCx-m1dV4glA,1
UCl0ekS9Tt0jJGtOEM18S63w,UCNkcuy42zEwddwEcOd_HpnA,1
UCl0ekS9Tt0jJGtOEM18S63w,UCz3gu01bmjNv0DpRq-K3XYg,1
UCl0ekS9Tt0jJGtOEM18S63w,UCp4iw5_5SmV9VGTFSNVGOmQ,1
UCl0ekS9Tt0jJGtOEM18S63w,UCWIZUtKJ636y-4TYrNvok0g,1
UCl0ekS9Tt0jJGtOEM18S63w,UCvApqeCbLod-wejtT4CcVuA,1
UCl0ekS9Tt0jJGtOEM18S63w,UCgvw7xIdGFupzpt1Y_BFkEA,1
UCl0ekS9Tt0jJGtOEM18S63w,UCtUR3_CAiE7fCoZHM6cMfyQ,1
UCl0ekS9Tt0jJGtOEM18S63w,UCmvOgzmmXbjUthHy-WJ52hQ,1
UCl0ekS9Tt0jJGtOEM18S63w,UCtNfIBnc5S5DbbQj_yxgJTw,1
UCl0ekS9Tt0jJGtOEM18S63w,UCmjppp6ujz3SAnULvP3sZMw,1
UCl0ekS9Tt0jJGtOEM18S63w,UCYwpX26TrCxq8TvbKGRYLXA,1
UCl0ekS9Tt0jJGtOEM18S63w,UCL13XhnRzbGokEkCkEOb0-g,1
UCl0ekS9Tt0jJGtOEM18S63w,UChZknRmJkeGeQk0-mQuhDOg,1
UCl0ekS9Tt0jJGtOEM18S63w,UCThW2XNsAaBKme5PUt7n-Zg,1
UCl0ekS9Tt0jJGtOEM18S63w,UC5bG9nc_JV3FsNP2KseQiYw,1
UCl0ekS9Tt0jJGtOEM18S63w,UCL1MT278vSaQ83ZDkVWn1gw,1
UCl0ekS9Tt0jJGtOEM18S63w,UCh5ESQvtzyHDhCA7XyekCFA,1
UCl0ekS9Tt0jJGtOEM18S63w,UCDftMWXQoJ6nONfY7GVOVjg,1
UCl0ekS9Tt0jJGtOEM18S63w,UC8r11yOugM2NuRfitQOxLLg,1
UCl0ekS9Tt0jJGtOEM18S63w,UCzSfZlOVxBSs5ObD25ywxDQ,1
UCl0ekS9Tt0jJGtOEM18S63w,UC8G5cJONY8L9voMyBW8Eoug,1
UCl0ekS9Tt0jJGtOEM18S63w,UCsJJAvrVGupdmhOqgtDp8dg,1
UCl0ekS9Tt0jJGtOEM18S63w,UCEgEQmRbtL5fwr9_DqAC--g,1
UCl0ekS9Tt0jJGtOEM18S63w,UCQgYjVngJRfPHDLGB5X6ZjA,1
UCl0ekS9Tt0jJGtOEM18S63w,UCAmtbUiIrUIhikru0ZoTFig,1
UCl0ekS9Tt0jJGtOEM18S63w,UCB5p8a5gklc80jJItP6xTHg,1
UCl0ekS9Tt0jJGtOEM18S63w,UC4cXueR2bKGFJV0Fk76gwmA,1
UCl0ekS9Tt0jJGtOEM18S63w,UCiMythXHsw7eQEMykCdmMUA,1
UCl0ekS9Tt0jJGtOEM18S63w,UCUIIIPTVDVHAXqhC_5V6lPA,1
UCl0ekS9Tt0jJGtOEM18S63w,UCRlCV9zSn7avAWh-9_XFWqQ,1
UCl0ekS9Tt0jJGtOEM18S63w,UCDQaQv0hr2SS_PO-CMEwVHg,1
UCl0ekS9Tt0jJGtOEM18S63w,UCDlr1VadSucIZgZ171pRBjQ,1
UCl0ekS9Tt0jJGtOEM18S63w,UC7VUuJr9cGh845CmTvf7TlQ,1
UCl0ekS9Tt0jJGtOEM18S63w,UCA93ym2TXs_Ibyxb4Vcn-6Q,1
UCl0ekS9Tt0jJGtOEM18S63w,UCXgr7vXlRrsaskPdo097kGA,1
UCl0ekS9Tt0jJGtOEM18S63w,UCj-LL25XJnjxepPKCc3NGog,1
UCl0ekS9Tt0jJGtOEM18S63w,UChgkn5Jt5tWKYMoEOuCjz3Q,1
UCl0ekS9Tt0jJGtOEM18S63w,UCLggDc_a5HriXv7I1h02sOA,1
UCl0ekS9Tt0jJGtOEM18S63w,UC3NMzdMYryaw82kPTnsaljg,1
UCl0ekS9Tt0jJGtOEM18S63w,UCylqlpsh8ENNM1LqgQ1KbxA,1
UCl0ekS9Tt0jJGtOEM18S63w,UCCaYwkkbQGcvFoUmothVdQQ,1
UCl0ekS9Tt0jJGtOEM18S63w,UC9vMq1YF-e7C-VO0SHkbUTA,1
UCl0ekS9Tt0jJGtOEM18S63w,UCr1emrogPKkKTs_WTtx71xg,1
UCl0ekS9Tt0jJGtOEM18S63w,UCV0iizTBoOfdAFX_thfI9BA,1
UCl0ekS9Tt0jJGtOEM18S63w,UCTylKrsqkrBKIqubMu_5N0Q,1
UCl0ekS9Tt0jJGtOEM18S63w,UCDUffaruH6dyUnUGwsTKpgg,1
UCl0ekS9Tt0jJGtOEM18S63w,UCN6qbfPSzFtjhqUDZ3Cv3CQ,1
UCl0ekS9Tt0jJGtOEM18S63w,UC2Y_EHWQKevubk4vOEBBFxw,1
UCl0ekS9Tt0jJGtOEM18S63w,UCplrIQtaPj6au60_f2-mOYw,1
UCl0ekS9Tt0jJGtOEM18S63w,UCLFdHr9BEbXHkoJopbEPLZw,1
UCl0ekS9Tt0jJGtOEM18S63w,UCipetjeiWj4CZB6EbyYziZg,1
UCl0ekS9Tt0jJGtOEM18S63w,UCXSkL3ejZ8qWYyF_M7s_QKA,1
UCl0ekS9Tt0jJGtOEM18S63w,UCueV9cTyTDwgQSec1x2dYgA,1
UCl0ekS9Tt0jJGtOEM18S63w,UC6YSZqL0vEcI-niPKIMUGfw,1
UCl0ekS9Tt0jJGtOEM18S63w,UCFjudnPLoaSL1BaRuLahyHg,1
UCl0ekS9Tt0jJGtOEM18S63w,UCFxE8GbokBrBsPEKM1xrOjQ,1
UCl0ekS9Tt0jJGtOEM18S63w,UCDIMztpVm7G27qBuiWuT6oQ,1
UCl0ekS9Tt0jJGtOEM18S63w,UC-jS_kA9w-OmpupXDx156Rg,1
UCl0ekS9Tt0jJGtOEM18S63w,UCsjs5Hp_r86x1xbK6FAeqaA,1
UCl0ekS9Tt0jJGtOEM18S63w,UCQqetiwzzmRNTM5OWuXarGQ,1
UCl0ekS9Tt0jJGtOEM18S63w,UCQtSFINs1h6GHkpg9o5kMvg,1
UCl0ekS9Tt0jJGtOEM18S63w,UCsUCN0Yq_UyTvKjOJLmNrnQ,1
UCl0ekS9Tt0jJGtOEM18S63w,UCAlzM_N6xBlMYmM8EBzX86Q,1
UCl0ekS9Tt0jJGtOEM18S63w,UCOS8ViEkccrTZx2w2ccxotA,1
UCl0ekS9Tt0jJGtOEM18S63w,UCfM3nrxtTQMY5jFx1v1J4Gg,1
UCl0ekS9Tt0jJGtOEM18S63w,UCFhxtoeARHPnXXPcDrOU3Xg,1
UCl0ekS9Tt0jJGtOEM18S63w,UCNBnKqWf4d-rS4HwJRQljmQ,1
UCl0ekS9Tt0jJGtOEM18S63w,UC3XTwHxygNCgjndsg-UiCQA,1
UCl0ekS9Tt0jJGtOEM18S63w,UC650pRT-OYzny3GwOH8Cgfw,1
UCl0ekS9Tt0jJGtOEM18S63w,UC6PvO1_k5lHKGdAPo5_C6TA,1
UCl0ekS9Tt0jJGtOEM18S63w,UCxff05WuyvwELNITi7bj7UA,1
UCl0ekS9Tt0jJGtOEM18S63w,UC-pNP6RMFuLg_-x7Ah_0kEA,1
UCl0ekS9Tt0jJGtOEM18S63w,UCGzXwyCzMzGmjmCbH3Hg01Q,1
UCl0ekS9Tt0jJGtOEM18S63w,UCQtICyzWmhC5woCtbNgaSmg,1
UCl0ekS9Tt0jJGtOEM18S63w,UCTD6q1nyIe3Y7HhqjaMj72w,1
UCl0ekS9Tt0jJGtOEM18S63w,UCpsKOkt5iWTbenzeuq7dsmQ,1
UCl0ekS9Tt0jJGtOEM18S63w,UCHTGCgY2l-DQJIvlA_cpa_Q,1
UCl0ekS9Tt0jJGtOEM18S63w,UCi1b_TRQfgO1Z9O2gNGGWNA,1
UCl0ekS9Tt0jJGtOEM18S63w,UCZLG9qH0tUjNhEGFIUt0CYw,1
UCl0ekS9Tt0jJGtOEM18S63w,UCzoL2l5H5eVlorWGH8AZfAg,1
UCl0ekS9Tt0jJGtOEM18S63w,UCKDR0f2fu2UzWL8mBv5-BHw,1
UCl0ekS9Tt0jJGtOEM18S63w,UCjmPuazZJzscrwvk0QR9RVw,1
UCl0ekS9Tt0jJGtOEM18S63w,UCwha8rxULYMVtNwZWeSkE1A,1
UCl0ekS9Tt0jJGtOEM18S63w,UCQ_-LPP8JAbfkc-b1Q6NvWw,1
UCl0ekS9Tt0jJGtOEM18S63w,UCHhHUjaMAZ8SiXdCUCj9DkQ,1
UCl0ekS9Tt0jJGtOEM18S63w,UCRelkU8JiZBytTzebJxaa-w,1
UCl0ekS9Tt0jJGtOEM18S63w,UC72gBAtyb_VXQlYDcFrh6oQ,1
UCl0ekS9Tt0jJGtOEM18S63w,UC3MYTqpQqlWBuCB7Th0e0PA,1
UCl0ekS9Tt0jJGtOEM18S63w,UCZ51R_9Q9C0c8I3pAWhtmjQ,1
UCl0ekS9Tt0jJGtOEM18S63w,UCujPF2nBgsTD62nWE3lcpIg,1
UCl0ekS9Tt0jJGtOEM18S63w,UC9xr9QvIcDvoZNUX5f-jaZw,1
UCl0ekS9Tt0jJGtOEM18S63w,UCpl8rF8uv_8uui-QRvuJaRA,1
UCl0ekS9Tt0jJGtOEM18S63w,UCYN4wSQ1Sx4_LurxLlW7MPg,1
UCl0ekS9Tt0jJGtOEM18S63w,UC1vr9aaMI2crB0NvwFHUeoQ,1
UCl0ekS9Tt0jJGtOEM18S63w,UCOh6DaZC_x9HASnlRylEMfw,1
UCl0ekS9Tt0jJGtOEM18S63w,UCTP3O0rMnc8z8v8jaDQwL0w,1
UCl0ekS9Tt0jJGtOEM18S63w,UChep9kVb5gQmpodEEl10Xlg,1
UCl0ekS9Tt0jJGtOEM18S63w,UCFoIAE8k82D6AV-8gjjKaNg,1
UCiOZX__1gahg1ypIj0_XG_w,UCql1n3Ey6ULMSOACjMe-fxQ,1
UCiOZX__1gahg1ypIj0_XG_w,UCtsxPYw8VUsH_FfnKg-0lmw,1
UCiOZX__1gahg1ypIj0_XG_w,UCgGqw4aqMdMVSGkKiMgrJRQ,1
UCiOZX__1gahg1ypIj0_XG_w,UCvDwJBBY1mHK70aTEYl6rsA,1
UCiOZX__1gahg1ypIj0_XG_w,UC-Iul5tDYH_oiAMXQH-KaaQ,1
UCiOZX__1gahg1ypIj0_XG_w,UCzZ6dDCEsLMXbc5pCFXIprw,1
UCiOZX__1gahg1ypIj0_XG_w,UCyJhqmMbsvjpoarBBStA2kg,1
UCiOZX__1gahg1ypIj0_XG_w,UCV3fr-YOixFKCZBbJP1-X4w,1
UCiOZX__1gahg1ypIj0_XG_w,UCWvntqPQx99k_Z_skWKqNSA,1
UCiOZX__1gahg1ypIj0_XG_w,UCEHXl4VvvVpq-_4xC5tsbhg,1
UCiOZX__1gahg1ypIj0_XG_w,UC63tFvbQ_hJhGDi2nbjssjw,1
UCiOZX__1gahg1ypIj0_XG_w,UCp29O_C7cchZV8IxV7Crdag,1
UCiOZX__1gahg1ypIj0_XG_w,UC-HeUTT6_g-VoiWds2a4H-w,1
UCiOZX__1gahg1ypIj0_XG_w,UC1NiEdJ7gk6FlDexIalWnGg,1
UCiOZX__1gahg1ypIj0_XG_w,UCaT4saRcyqCLE657Rq2hhZQ,1
UCiOZX__1gahg1ypIj0_XG_w,UCjZgFEowMBrsjodqfovzdKw,1
UCiOZX__1gahg1ypIj0_XG_w,UCFybmWapGvBKcQod7cPPH9w,1
UCiOZX__1gahg1ypIj0_XG_w,UC0HvfEWozTHbwl_iEmJNvVA,1
UCiOZX__1gahg1ypIj0_XG_w,UCeQk-WfEA-cJRq4EKeE7TOw,1
UCiOZX__1gahg1ypIj0_XG_w,UCfo_yUPzy1f1POwwZxhZ06Q,1
UCiOZX__1gahg1ypIj0_XG_w,UCheEJ5GZuIvV0fj-nXyVwXw,1
UCiOZX__1gahg1ypIj0_XG_w,UChyps3dqY-VY1_wLeq-2lhw,1
UCiOZX__1gahg1ypIj0_XG_w,UCtCtts20bW6F9CSohau51Iw,1
UCiOZX__1gahg1ypIj0_XG_w,UC14qlobYKqD-DO0j6b75lcA,1
UCiOZX__1gahg1ypIj0_XG_w,UC3YpzAr7pcdKC7BVFEpYzog,1
UCiOZX__1gahg1ypIj0_XG_w,UCwxoKK59nGCeBqB2sXfDBIw,1
UC2Y_EHWQKevubk4vOEBBFxw,UCSou6a2OuYGSvPjm5psquyA,1
UC2Y_EHWQKevubk4vOEBBFxw,UC2weSE8rpqkGMOp6StYtVfg,1
UC2Y_EHWQKevubk4vOEBBFxw,UCiGRBf2RNF0WRKhRVT7zFoA,1
UC2Y_EHWQKevubk4vOEBBFxw,UCpIdtvoFHVLGASGB5ySqIEA,1
UC2Y_EHWQKevubk4vOEBBFxw,UC8F2V63KZ4ZEay6opX2hAQw,1
UC2Y_EHWQKevubk4vOEBBFxw,UC3E9mAgP7VoAE5mZoAexl5g,1
UC2Y_EHWQKevubk4vOEBBFxw,UCErZPJpHmLCsXs8ZWkAUupQ,1
UC2Y_EHWQKevubk4vOEBBFxw,UCut6b9S98nv84cVX89PmKzA,1
UC2Y_EHWQKevubk4vOEBBFxw,UCXXh7yg5KUFIWylTiKVEFKQ,1
UC2Y_EHWQKevubk4vOEBBFxw,UCDPWkUX3sNNaCx-m1dV4glA,1
UC2Y_EHWQKevubk4vOEBBFxw,UCNkcuy42zEwddwEcOd_HpnA,1
UC2Y_EHWQKevubk4vOEBBFxw,UCz3gu01bmjNv0DpRq-K3XYg,1
UC2Y_EHWQKevubk4vOEBBFxw,UCp4iw5_5SmV9VGTFSNVGOmQ,1
UC2Y_EHWQKevubk4vOEBBFxw,UCWIZUtKJ636y-4TYrNvok0g,1
UC2Y_EHWQKevubk4vOEBBFxw,UCvApqeCbLod-wejtT4CcVuA,1
UC2Y_EHWQKevubk4vOEBBFxw,UCgvw7xIdGFupzpt1Y_BFkEA,1
UC2Y_EHWQKevubk4vOEBBFxw,UCtUR3_CAiE7fCoZHM6cMfyQ,1
UC2Y_EHWQKevubk4vOEBBFxw,UCmvOgzmmXbjUthHy-WJ52hQ,1
UC2Y_EHWQKevubk4vOEBBFxw,UCtNfIBnc5S5DbbQj_yxgJTw,1
UC2Y_EHWQKevubk4vOEBBFxw,UCmjppp6ujz3SAnULvP3sZMw,1
UC2Y_EHWQKevubk4vOEBBFxw,UCYwpX26TrCxq8TvbKGRYLXA,1
UC2Y_EHWQKevubk4vOEBBFxw,UCL13XhnRzbGokEkCkEOb0-g,1
UC2Y_EHWQKevubk4vOEBBFxw,UChZknRmJkeGeQk0-mQuhDOg,1
UC2Y_EHWQKevubk4vOEBBFxw,UCThW2XNsAaBKme5PUt7n-Zg,1
UC2Y_EHWQKevubk4vOEBBFxw,UC5bG9nc_JV3FsNP2KseQiYw,1
UC2Y_EHWQKevubk4vOEBBFxw,UCL1MT278vSaQ83ZDkVWn1gw,1
UC2Y_EHWQKevubk4vOEBBFxw,UCh5ESQvtzyHDhCA7XyekCFA,1
UC2Y_EHWQKevubk4vOEBBFxw,UCDftMWXQoJ6nONfY7GVOVjg,1
UC2Y_EHWQKevubk4vOEBBFxw,UC8r11yOugM2NuRfitQOxLLg,1
UC2Y_EHWQKevubk4vOEBBFxw,UCzSfZlOVxBSs5ObD25ywxDQ,1
UC2Y_EHWQKevubk4vOEBBFxw,UC8G5cJONY8L9voMyBW8Eoug,1
UC2Y_EHWQKevubk4vOEBBFxw,UCsJJAvrVGupdmhOqgtDp8dg,1
UC2Y_EHWQKevubk4vOEBBFxw,UCEgEQmRbtL5fwr9_DqAC--g,1
UC2Y_EHWQKevubk4vOEBBFxw,UCQgYjVngJRfPHDLGB5X6ZjA,1
UC2Y_EHWQKevubk4vOEBBFxw,UCAmtbUiIrUIhikru0ZoTFig,1
UC2Y_EHWQKevubk4vOEBBFxw,UCB5p8a5gklc80jJItP6xTHg,1
UC2Y_EHWQKevubk4vOEBBFxw,UC4cXueR2bKGFJV0Fk76gwmA,1
UC2Y_EHWQKevubk4vOEBBFxw,UCiMythXHsw7eQEMykCdmMUA,1
UC2Y_EHWQKevubk4vOEBBFxw,UCUIIIPTVDVHAXqhC_5V6lPA,1
UC2Y_EHWQKevubk4vOEBBFxw,UCRlCV9zSn7avAWh-9_XFWqQ,1
UC2Y_EHWQKevubk4vOEBBFxw,UCDQaQv0hr2SS_PO-CMEwVHg,1
UC2Y_EHWQKevubk4vOEBBFxw,UCDlr1VadSucIZgZ171pRBjQ,1
UC2Y_EHWQKevubk4vOEBBFxw,UC7VUuJr9cGh845CmTvf7TlQ,1
UC2Y_EHWQKevubk4vOEBBFxw,UCA93ym2TXs_Ibyxb4Vcn-6Q,1
UC2Y_EHWQKevubk4vOEBBFxw,UCXgr7vXlRrsaskPdo097kGA,1
UC2Y_EHWQKevubk4vOEBBFxw,UCj-LL25XJnjxepPKCc3NGog,1
UC2Y_EHWQKevubk4vOEBBFxw,UChgkn5Jt5tWKYMoEOuCjz3Q,1
UC2Y_EHWQKevubk4vOEBBFxw,UCLggDc_a5HriXv7I1h02sOA,1
UC2Y_EHWQKevubk4vOEBBFxw,UC3NMzdMYryaw82kPTnsaljg,1
UC2Y_EHWQKevubk4vOEBBFxw,UCylqlpsh8ENNM1LqgQ1KbxA,1
UC2Y_EHWQKevubk4vOEBBFxw,UCCaYwkkbQGcvFoUmothVdQQ,1
UC2Y_EHWQKevubk4vOEBBFxw,UC9vMq1YF-e7C-VO0SHkbUTA,1
UC2Y_EHWQKevubk4vOEBBFxw,UCr1emrogPKkKTs_WTtx71xg,1
UC2Y_EHWQKevubk4vOEBBFxw,UCV0iizTBoOfdAFX_thfI9BA,1
UC2Y_EHWQKevubk4vOEBBFxw,UCTylKrsqkrBKIqubMu_5N0Q,1
UC2Y_EHWQKevubk4vOEBBFxw,UCDUffaruH6dyUnUGwsTKpgg,1
UC2Y_EHWQKevubk4vOEBBFxw,UCN6qbfPSzFtjhqUDZ3Cv3CQ,1
UC2Y_EHWQKevubk4vOEBBFxw,UCplrIQtaPj6au60_f2-mOYw,1
UC2Y_EHWQKevubk4vOEBBFxw,UCLFdHr9BEbXHkoJopbEPLZw,1
UC2Y_EHWQKevubk4vOEBBFxw,UCipetjeiWj4CZB6EbyYziZg,1
UC2Y_EHWQKevubk4vOEBBFxw,UCXSkL3ejZ8qWYyF_M7s_QKA,1
UC2Y_EHWQKevubk4vOEBBFxw,UCueV9cTyTDwgQSec1x2dYgA,1
UC2Y_EHWQKevubk4vOEBBFxw,UC6YSZqL0vEcI-niPKIMUGfw,1
UC2Y_EHWQKevubk4vOEBBFxw,UCFjudnPLoaSL1BaRuLahyHg,1
UC2Y_EHWQKevubk4vOEBBFxw,UCFxE8GbokBrBsPEKM1xrOjQ,1
UC2Y_EHWQKevubk4vOEBBFxw,UCDIMztpVm7G27qBuiWuT6oQ,1
UC2Y_EHWQKevubk4vOEBBFxw,UC-jS_kA9w-OmpupXDx156Rg,1
UC2Y_EHWQKevubk4vOEBBFxw,UCsjs5Hp_r86x1xbK6FAeqaA,1
UC2Y_EHWQKevubk4vOEBBFxw,UCQqetiwzzmRNTM5OWuXarGQ,1
UC2Y_EHWQKevubk4vOEBBFxw,UCQtSFINs1h6GHkpg9o5kMvg,1
UC2Y_EHWQKevubk4vOEBBFxw,UCsUCN0Yq_UyTvKjOJLmNrnQ,1
UC2Y_EHWQKevubk4vOEBBFxw,UCAlzM_N6xBlMYmM8EBzX86Q,1
UC2Y_EHWQKevubk4vOEBBFxw,UCOS8ViEkccrTZx2w2ccxotA,1
UC2Y_EHWQKevubk4vOEBBFxw,UCfM3nrxtTQMY5jFx1v1J4Gg,1
UC2Y_EHWQKevubk4vOEBBFxw,UCFhxtoeARHPnXXPcDrOU3Xg,1
UC2Y_EHWQKevubk4vOEBBFxw,UCNBnKqWf4d-rS4HwJRQljmQ,1
UC2Y_EHWQKevubk4vOEBBFxw,UC3XTwHxygNCgjndsg-UiCQA,1
UC2Y_EHWQKevubk4vOEBBFxw,UC650pRT-OYzny3GwOH8Cgfw,1
UC2Y_EHWQKevubk4vOEBBFxw,UC6PvO1_k5lHKGdAPo5_C6TA,1
UC2Y_EHWQKevubk4vOEBBFxw,UCxff05WuyvwELNITi7bj7UA,1
UC2Y_EHWQKevubk4vOEBBFxw,UC-pNP6RMFuLg_-x7Ah_0kEA,1
UC2Y_EHWQKevubk4vOEBBFxw,UCGzXwyCzMzGmjmCbH3Hg01Q,1
UC2Y_EHWQKevubk4vOEBBFxw,UCQtICyzWmhC5woCtbNgaSmg,1
UC2Y_EHWQKevubk4vOEBBFxw,UCTD6q1nyIe3Y7HhqjaMj72w,1
UC2Y_EHWQKevubk4vOEBBFxw,UCpsKOkt5iWTbenzeuq7dsmQ,1
UC2Y_EHWQKevubk4vOEBBFxw,UCHTGCgY2l-DQJIvlA_cpa_Q,1
UC2Y_EHWQKevubk4vOEBBFxw,UCi1b_TRQfgO1Z9O2gNGGWNA,1
UC2Y_EHWQKevubk4vOEBBFxw,UCZLG9qH0tUjNhEGFIUt0CYw,1
UC2Y_EHWQKevubk4vOEBBFxw,UCzoL2l5H5eVlorWGH8AZfAg,1
UC2Y_EHWQKevubk4vOEBBFxw,UCKDR0f2fu2UzWL8mBv5-BHw,1
UC2Y_EHWQKevubk4vOEBBFxw,UCjmPuazZJzscrwvk0QR9RVw,1
UC2Y_EHWQKevubk4vOEBBFxw,UCwha8rxULYMVtNwZWeSkE1A,1
UC2Y_EHWQKevubk4vOEBBFxw,UCQ_-LPP8JAbfkc-b1Q6NvWw,1
UC2Y_EHWQKevubk4vOEBBFxw,UCHhHUjaMAZ8SiXdCUCj9DkQ,1
UC2Y_EHWQKevubk4vOEBBFxw,UCRelkU8JiZBytTzebJxaa-w,1
UC2Y_EHWQKevubk4vOEBBFxw,UC72gBAtyb_VXQlYDcFrh6oQ,1
UC2Y_EHWQKevubk4vOEBBFxw,UC3MYTqpQqlWBuCB7Th0e0PA,1
UC2Y_EHWQKevubk4vOEBBFxw,UCZ51R_9Q9C0c8I3pAWhtmjQ,1
UC2Y_EHWQKevubk4vOEBBFxw,UCujPF2nBgsTD62nWE3lcpIg,1
UC2Y_EHWQKevubk4vOEBBFxw,UC9xr9QvIcDvoZNUX5f-jaZw,1
UC2Y_EHWQKevubk4vOEBBFxw,UCpl8rF8uv_8uui-QRvuJaRA,1
UC2Y_EHWQKevubk4vOEBBFxw,UCYN4wSQ1Sx4_LurxLlW7MPg,1
UC2Y_EHWQKevubk4vOEBBFxw,UC1vr9aaMI2crB0NvwFHUeoQ,1
UC2Y_EHWQKevubk4vOEBBFxw,UCOh6DaZC_x9HASnlRylEMfw,1
UC2Y_EHWQKevubk4vOEBBFxw,UCTP3O0rMnc8z8v8jaDQwL0w,1
UC2Y_EHWQKevubk4vOEBBFxw,UChep9kVb5gQmpodEEl10Xlg,1
UC2Y_EHWQKevubk4vOEBBFxw,UCFoIAE8k82D6AV-8gjjKaNg,1
UCi-vPdnpQreC7BkFs40mJGA,UC0aEyakBPqcBkVJiErfSupQ,1
UCi-vPdnpQreC7BkFs40mJGA,UCwUAv3_LpWVtTIi7lkmTL7A,1
UCi-vPdnpQreC7BkFs40mJGA,UC5fvhAfm89JH8eDFdvc0xYw,1
UCi-vPdnpQreC7BkFs40mJGA,UC_ljZ1hZXR9pzexFz87P5ZA,1
UCi-vPdnpQreC7BkFs40mJGA,UCRcSR3Lvn9DZAmJpVPANfZQ,1
UCi-vPdnpQreC7BkFs40mJGA,UCY7Hq7F9Lnucf-Yr6JkHZNw,1
UCi-vPdnpQreC7BkFs40mJGA,UCIUhbSCy3-SGRe5UtqM4fzQ,1
UCi-vPdnpQreC7BkFs40mJGA,UCSTAUWVc1_82DHYeqOsqEFA,1
UCi-vPdnpQreC7BkFs40mJGA,UCGqKxQS-z3NZzZF-2w338AA,1
UCi-vPdnpQreC7BkFs40mJGA,UCtMBF_1O2jY2INlb_luuB_A,1
UCi-vPdnpQreC7BkFs40mJGA,UCIp19h9igblA2YKfSLPDAug,1
UCi-vPdnpQreC7BkFs40mJGA,UCs_5qeqdku9tGAq22y3OcuQ,1
UCi-vPdnpQreC7BkFs40mJGA,UCXmrpc6Li0spcKxtS0Q_ptg,1
UCi-vPdnpQreC7BkFs40mJGA,UCHMQ_lDhibZ-XZ_3fo6oxwg,1
UCi-vPdnpQreC7BkFs40mJGA,UCxKR3RA8T-kxMgq_2WWhRcQ,1
UCi-vPdnpQreC7BkFs40mJGA,UCgLrWFdYitoP-b7-PxtUr-w,1
UCi-vPdnpQreC7BkFs40mJGA,UCqilIa8r7iek5sGYg_q6ofA,1
UCi-vPdnpQreC7BkFs40mJGA,UCFOxCyF926Y9eHhMeVoWLzw,1
UCi-vPdnpQreC7BkFs40mJGA,UCRznz9-N3Qc1w-qNdLSIY2Q,1
UC9Wp6vL5oCU37qC3Aj94WZA,UCGm3gRBEHGRJYmtCryZLtDw,1
UC9Wp6vL5oCU37qC3Aj94WZA,UCsUCN0Yq_UyTvKjOJLmNrnQ,1
UC9Wp6vL5oCU37qC3Aj94WZA,UC3iIU62XKUOWuqL8BqBzj9A,1
UC9Wp6vL5oCU37qC3Aj94WZA,UCHu8x4MVkayU6VgwVKd--MQ,1
UC9Wp6vL5oCU37qC3Aj94WZA,UC5PrBbmUlQolwqmiru7yZhw,1
UC9Wp6vL5oCU37qC3Aj94WZA,UC094EFEmMSdwVa8NQjjYBXg,1
UC6YSZqL0vEcI-niPKIMUGfw,UCSou6a2OuYGSvPjm5psquyA,1
UC6YSZqL0vEcI-niPKIMUGfw,UC2weSE8rpqkGMOp6StYtVfg,1
UC6YSZqL0vEcI-niPKIMUGfw,UCiGRBf2RNF0WRKhRVT7zFoA,1
UC6YSZqL0vEcI-niPKIMUGfw,UCpIdtvoFHVLGASGB5ySqIEA,1
UC6YSZqL0vEcI-niPKIMUGfw,UC8F2V63KZ4ZEay6opX2hAQw,1
UC6YSZqL0vEcI-niPKIMUGfw,UC3E9mAgP7VoAE5mZoAexl5g,1
UC6YSZqL0vEcI-niPKIMUGfw,UCErZPJpHmLCsXs8ZWkAUupQ,1
UC6YSZqL0vEcI-niPKIMUGfw,UCut6b9S98nv84cVX89PmKzA,1
UC6YSZqL0vEcI-niPKIMUGfw,UCXXh7yg5KUFIWylTiKVEFKQ,1
UC6YSZqL0vEcI-niPKIMUGfw,UCDPWkUX3sNNaCx-m1dV4glA,1
UC6YSZqL0vEcI-niPKIMUGfw,UCNkcuy42zEwddwEcOd_HpnA,1
UC6YSZqL0vEcI-niPKIMUGfw,UCz3gu01bmjNv0DpRq-K3XYg,1
UC6YSZqL0vEcI-niPKIMUGfw,UCp4iw5_5SmV9VGTFSNVGOmQ,1
UC6YSZqL0vEcI-niPKIMUGfw,UCWIZUtKJ636y-4TYrNvok0g,1
UC6YSZqL0vEcI-niPKIMUGfw,UCvApqeCbLod-wejtT4CcVuA,1
UC6YSZqL0vEcI-niPKIMUGfw,UCgvw7xIdGFupzpt1Y_BFkEA,1
UC6YSZqL0vEcI-niPKIMUGfw,UCtUR3_CAiE7fCoZHM6cMfyQ,1
UC6YSZqL0vEcI-niPKIMUGfw,UCmvOgzmmXbjUthHy-WJ52hQ,1
UC6YSZqL0vEcI-niPKIMUGfw,UCtNfIBnc5S5DbbQj_yxgJTw,1
UC6YSZqL0vEcI-niPKIMUGfw,UCmjppp6ujz3SAnULvP3sZMw,1
UC6YSZqL0vEcI-niPKIMUGfw,UCYwpX26TrCxq8TvbKGRYLXA,1
UC6YSZqL0vEcI-niPKIMUGfw,UCL13XhnRzbGokEkCkEOb0-g,1
UC6YSZqL0vEcI-niPKIMUGfw,UChZknRmJkeGeQk0-mQuhDOg,1
UC6YSZqL0vEcI-niPKIMUGfw,UCThW2XNsAaBKme5PUt7n-Zg,1
UC6YSZqL0vEcI-niPKIMUGfw,UC5bG9nc_JV3FsNP2KseQiYw,1
UC6YSZqL0vEcI-niPKIMUGfw,UCL1MT278vSaQ83ZDkVWn1gw,1
UC6YSZqL0vEcI-niPKIMUGfw,UCh5ESQvtzyHDhCA7XyekCFA,1
UC6YSZqL0vEcI-niPKIMUGfw,UCDftMWXQoJ6nONfY7GVOVjg,1
UC6YSZqL0vEcI-niPKIMUGfw,UC8r11yOugM2NuRfitQOxLLg,1
UC6YSZqL0vEcI-niPKIMUGfw,UCzSfZlOVxBSs5ObD25ywxDQ,1
UC6YSZqL0vEcI-niPKIMUGfw,UC8G5cJONY8L9voMyBW8Eoug,1
UC6YSZqL0vEcI-niPKIMUGfw,UCsJJAvrVGupdmhOqgtDp8dg,1
UC6YSZqL0vEcI-niPKIMUGfw,UCEgEQmRbtL5fwr9_DqAC--g,1
UC6YSZqL0vEcI-niPKIMUGfw,UCQgYjVngJRfPHDLGB5X6ZjA,1
UC6YSZqL0vEcI-niPKIMUGfw,UCAmtbUiIrUIhikru0ZoTFig,1
UC6YSZqL0vEcI-niPKIMUGfw,UCB5p8a5gklc80jJItP6xTHg,1
UC6YSZqL0vEcI-niPKIMUGfw,UC4cXueR2bKGFJV0Fk76gwmA,1
UC6YSZqL0vEcI-niPKIMUGfw,UCiMythXHsw7eQEMykCdmMUA,1
UC6YSZqL0vEcI-niPKIMUGfw,UCUIIIPTVDVHAXqhC_5V6lPA,1
UC6YSZqL0vEcI-niPKIMUGfw,UCRlCV9zSn7avAWh-9_XFWqQ,1
UC6YSZqL0vEcI-niPKIMUGfw,UCDQaQv0hr2SS_PO-CMEwVHg,1
UC6YSZqL0vEcI-niPKIMUGfw,UCDlr1VadSucIZgZ171pRBjQ,1
UC6YSZqL0vEcI-niPKIMUGfw,UC7VUuJr9cGh845CmTvf7TlQ,1
UC6YSZqL0vEcI-niPKIMUGfw,UCA93ym2TXs_Ibyxb4Vcn-6Q,1
UC6YSZqL0vEcI-niPKIMUGfw,UCXgr7vXlRrsaskPdo097kGA,1
UC6YSZqL0vEcI-niPKIMUGfw,UCj-LL25XJnjxepPKCc3NGog,1
UC6YSZqL0vEcI-niPKIMUGfw,UChgkn5Jt5tWKYMoEOuCjz3Q,1
UC6YSZqL0vEcI-niPKIMUGfw,UCLggDc_a5HriXv7I1h02sOA,1
UC6YSZqL0vEcI-niPKIMUGfw,UC3NMzdMYryaw82kPTnsaljg,1
UC6YSZqL0vEcI-niPKIMUGfw,UCylqlpsh8ENNM1LqgQ1KbxA,1
UC6YSZqL0vEcI-niPKIMUGfw,UCCaYwkkbQGcvFoUmothVdQQ,1
UC6YSZqL0vEcI-niPKIMUGfw,UC9vMq1YF-e7C-VO0SHkbUTA,1
UC6YSZqL0vEcI-niPKIMUGfw,UCr1emrogPKkKTs_WTtx71xg,1
UC6YSZqL0vEcI-niPKIMUGfw,UCV0iizTBoOfdAFX_thfI9BA,1
UC6YSZqL0vEcI-niPKIMUGfw,UCTylKrsqkrBKIqubMu_5N0Q,1
UC6YSZqL0vEcI-niPKIMUGfw,UCDUffaruH6dyUnUGwsTKpgg,1
UC6YSZqL0vEcI-niPKIMUGfw,UCN6qbfPSzFtjhqUDZ3Cv3CQ,1
UC6YSZqL0vEcI-niPKIMUGfw,UCplrIQtaPj6au60_f2-mOYw,1
UC6YSZqL0vEcI-niPKIMUGfw,UCLFdHr9BEbXHkoJopbEPLZw,1
UC6YSZqL0vEcI-niPKIMUGfw,UCipetjeiWj4CZB6EbyYziZg,1
UC6YSZqL0vEcI-niPKIMUGfw,UCXSkL3ejZ8qWYyF_M7s_QKA,1
UC6YSZqL0vEcI-niPKIMUGfw,UCueV9cTyTDwgQSec1x2dYgA,1
UC6YSZqL0vEcI-niPKIMUGfw,UCFjudnPLoaSL1BaRuLahyHg,1
UC6YSZqL0vEcI-niPKIMUGfw,UCFxE8GbokBrBsPEKM1xrOjQ,1
UC6YSZqL0vEcI-niPKIMUGfw,UCDIMztpVm7G27qBuiWuT6oQ,1
UC6YSZqL0vEcI-niPKIMUGfw,UC-jS_kA9w-OmpupXDx156Rg,1
UC6YSZqL0vEcI-niPKIMUGfw,UCsjs5Hp_r86x1xbK6FAeqaA,1
UC6YSZqL0vEcI-niPKIMUGfw,UCQqetiwzzmRNTM5OWuXarGQ,1
UC6YSZqL0vEcI-niPKIMUGfw,UCQtSFINs1h6GHkpg9o5kMvg,1
UC6YSZqL0vEcI-niPKIMUGfw,UCsUCN0Yq_UyTvKjOJLmNrnQ,1
UC6YSZqL0vEcI-niPKIMUGfw,UCAlzM_N6xBlMYmM8EBzX86Q,1
UC6YSZqL0vEcI-niPKIMUGfw,UCOS8ViEkccrTZx2w2ccxotA,1
UC6YSZqL0vEcI-niPKIMUGfw,UCfM3nrxtTQMY5jFx1v1J4Gg,1
UC6YSZqL0vEcI-niPKIMUGfw,UCFhxtoeARHPnXXPcDrOU3Xg,1
UC6YSZqL0vEcI-niPKIMUGfw,UCNBnKqWf4d-rS4HwJRQljmQ,1
UC6YSZqL0vEcI-niPKIMUGfw,UC3XTwHxygNCgjndsg-UiCQA,1
UC6YSZqL0vEcI-niPKIMUGfw,UC650pRT-OYzny3GwOH8Cgfw,1
UC6YSZqL0vEcI-niPKIMUGfw,UC6PvO1_k5lHKGdAPo5_C6TA,1
UC6YSZqL0vEcI-niPKIMUGfw,UCxff05WuyvwELNITi7bj7UA,1
UC6YSZqL0vEcI-niPKIMUGfw,UC-pNP6RMFuLg_-x7Ah_0kEA,1
UC6YSZqL0vEcI-niPKIMUGfw,UCGzXwyCzMzGmjmCbH3Hg01Q,1
UC6YSZqL0vEcI-niPKIMUGfw,UCQtICyzWmhC5woCtbNgaSmg,1
UC6YSZqL0vEcI-niPKIMUGfw,UCTD6q1nyIe3Y7HhqjaMj72w,1
UC6YSZqL0vEcI-niPKIMUGfw,UCpsKOkt5iWTbenzeuq7dsmQ,1
UC6YSZqL0vEcI-niPKIMUGfw,UCHTGCgY2l-DQJIvlA_cpa_Q,1
UC6YSZqL0vEcI-niPKIMUGfw,UCi1b_TRQfgO1Z9O2gNGGWNA,1
UC6YSZqL0vEcI-niPKIMUGfw,UCZLG9qH0tUjNhEGFIUt0CYw,1
UC6YSZqL0vEcI-niPKIMUGfw,UCzoL2l5H5eVlorWGH8AZfAg,1
UC6YSZqL0vEcI-niPKIMUGfw,UCKDR0f2fu2UzWL8mBv5-BHw,1
UC6YSZqL0vEcI-niPKIMUGfw,UCjmPuazZJzscrwvk0QR9RVw,1
UC6YSZqL0vEcI-niPKIMUGfw,UCwha8rxULYMVtNwZWeSkE1A,1
UC6YSZqL0vEcI-niPKIMUGfw,UCQ_-LPP8JAbfkc-b1Q6NvWw,1
UC6YSZqL0vEcI-niPKIMUGfw,UCHhHUjaMAZ8SiXdCUCj9DkQ,1
UC6YSZqL0vEcI-niPKIMUGfw,UCRelkU8JiZBytTzebJxaa-w,1
UC6YSZqL0vEcI-niPKIMUGfw,UC72gBAtyb_VXQlYDcFrh6oQ,1
UC6YSZqL0vEcI-niPKIMUGfw,UC3MYTqpQqlWBuCB7Th0e0PA,1
UC6YSZqL0vEcI-niPKIMUGfw,UCZ51R_9Q9C0c8I3pAWhtmjQ,1
UC6YSZqL0vEcI-niPKIMUGfw,UCujPF2nBgsTD62nWE3lcpIg,1
UC6YSZqL0vEcI-niPKIMUGfw,UC9xr9QvIcDvoZNUX5f-jaZw,1
UC6YSZqL0vEcI-niPKIMUGfw,UCpl8rF8uv_8uui-QRvuJaRA,1
UC6YSZqL0vEcI-niPKIMUGfw,UCYN4wSQ1Sx4_LurxLlW7MPg,1
UC6YSZqL0vEcI-niPKIMUGfw,UC1vr9aaMI2crB0NvwFHUeoQ,1
UC6YSZqL0vEcI-niPKIMUGfw,UCOh6DaZC_x9HASnlRylEMfw,1
UC6YSZqL0vEcI-niPKIMUGfw,UCTP3O0rMnc8z8v8jaDQwL0w,1
UC6YSZqL0vEcI-niPKIMUGfw,UChep9kVb5gQmpodEEl10Xlg,1
UC6YSZqL0vEcI-niPKIMUGfw,UCFoIAE8k82D6AV-8gjjKaNg,1
UCUoYsrx1oZnCZ0usbBJn4fA,UCDrmf9y9nLgFY5wnA2hTuGA,1
UCUoYsrx1oZnCZ0usbBJn4fA,UCQqlPPUGqAfWjd-FSh_qn7Q,1
UCUoYsrx1oZnCZ0usbBJn4fA,UCZeIIQrGAedW8tCbKWmGY-A,1
UCUoYsrx1oZnCZ0usbBJn4fA,UClhMWQ7XKWywYvbRnuf8QsA,1
UCUoYsrx1oZnCZ0usbBJn4fA,UC816IGbFCZinfYS1LRDaaHg,1
UCUoYsrx1oZnCZ0usbBJn4fA,UCuXmOjxC-htcprLgeVXz6Tg,1
UCUoYsrx1oZnCZ0usbBJn4fA,UC5hvEnRUzI4Kfvwnyi4QxqQ,1
UCUoYsrx1oZnCZ0usbBJn4fA,UCgJNFj5dnxXpcMvmuhZDPxA,1
UCUoYsrx1oZnCZ0usbBJn4fA,UCylqlpsh8ENNM1LqgQ1KbxA,1
UCUoYsrx1oZnCZ0usbBJn4fA,UC-fiZBS5Gp1eCJd9ucgWnCg,1
UCUoYsrx1oZnCZ0usbBJn4fA,UCe8JZoYkX5oKUZyivHYdXhw,1
UCUoYsrx1oZnCZ0usbBJn4fA,UCkVtmkK07b2zaVVNssX4lOg,1
UCUoYsrx1oZnCZ0usbBJn4fA,UCpe5jW3MIqkgTJ-PgkzvM6Q,1
UCUoYsrx1oZnCZ0usbBJn4fA,UCdFlugHJJa4l3YqWuNRmvXw,1
UCUoYsrx1oZnCZ0usbBJn4fA,UCpsKOkt5iWTbenzeuq7dsmQ,1
UCUoYsrx1oZnCZ0usbBJn4fA,UCu8_3-Wg-YzNyvHYQDEscfw,1
UCUoYsrx1oZnCZ0usbBJn4fA,UC_LYoGs5C3mbZKZuKuqYCvw,1
UCUoYsrx1oZnCZ0usbBJn4fA,UCsGoJEvb-cFPZ2rWoJcXzEQ,1
UCUoYsrx1oZnCZ0usbBJn4fA,UCAKuKvcbfnBD3kF5njNu-IA,1
UCUoYsrx1oZnCZ0usbBJn4fA,UColMq7LmaoY3MT6aIDGrGvA,1
UCUoYsrx1oZnCZ0usbBJn4fA,UCwgCc9Jd_gG-uLE_SY-FfPg,1
UCUoYsrx1oZnCZ0usbBJn4fA,UCgQw_Sbq3ugruDUKsq1e0-A,1
UCUoYsrx1oZnCZ0usbBJn4fA,UCV0lM03g5fg5pbPj97-sAtA,1
UCUoYsrx1oZnCZ0usbBJn4fA,UC6Uj1FT5JjDSF8vudvDxPAA,1
UCUoYsrx1oZnCZ0usbBJn4fA,UCRAquv8el-tQ30bN7MlmySQ,1
UCUoYsrx1oZnCZ0usbBJn4fA,UC4Avya4kmR4Q0FrfFdBozSQ,1
UCUoYsrx1oZnCZ0usbBJn4fA,UCkbsS_3D-pvg1iHOld9uvIg,1
UCUoYsrx1oZnCZ0usbBJn4fA,UCRvPToDkkumha7WJAfCDk1A,1
UCUoYsrx1oZnCZ0usbBJn4fA,UC1DpqK6vaPEkBOMNvypsKYg,1
UCUoYsrx1oZnCZ0usbBJn4fA,UC3UVO7pTbeYvZ3ILEyRDskQ,1
UCUoYsrx1oZnCZ0usbBJn4fA,UCW80DaMjQlEUibC98Cot-Dg,1
UCUoYsrx1oZnCZ0usbBJn4fA,UC32oozucwCF3q8d4m8fyOUg,1
UCUoYsrx1oZnCZ0usbBJn4fA,UCqCrvuoJpC-aVb0f4logQRQ,1
UCUoYsrx1oZnCZ0usbBJn4fA,UCCBYcToQ2dwkd6TJh0FSyDg,1
UCUoYsrx1oZnCZ0usbBJn4fA,UCNpt5CQlTzNjlAKY6CJtClQ,1
UCUoYsrx1oZnCZ0usbBJn4fA,UCGGHbtfbbe0o68etrOf0qxw,1
UCUoYsrx1oZnCZ0usbBJn4fA,UCQyOePccUP-fIJYzchAgZYw,1
UCUoYsrx1oZnCZ0usbBJn4fA,UCaKAjTW9MVub_clgr4DRYjQ,1
UCUoYsrx1oZnCZ0usbBJn4fA,UClqA491Xa5fQcXcJJa-vTWw,1
UCUoYsrx1oZnCZ0usbBJn4fA,UCWoAVGVqCn4xtINCMOTM4jg,1
UCUoYsrx1oZnCZ0usbBJn4fA,UCiC-Jn7wdgyQV4_Urk0DkWQ,1
UC3iIU62XKUOWuqL8BqBzj9A,UCGm3gRBEHGRJYmtCryZLtDw,1
UC3iIU62XKUOWuqL8BqBzj9A,UCsUCN0Yq_UyTvKjOJLmNrnQ,1
UC3iIU62XKUOWuqL8BqBzj9A,UCHu8x4MVkayU6VgwVKd--MQ,1
UC3iIU62XKUOWuqL8BqBzj9A,UC5PrBbmUlQolwqmiru7yZhw,1
UC3iIU62XKUOWuqL8BqBzj9A,UC094EFEmMSdwVa8NQjjYBXg,1
UCN2N_wYOw6fMwCeSzdXLPIw,UC7IMsCxfZyWN7YQo8-JYa6Q,1
UCN2N_wYOw6fMwCeSzdXLPIw,UCNIeXbV_mEwpa412h1aqUWw,1
UCN2N_wYOw6fMwCeSzdXLPIw,UCzZ6dDCEsLMXbc5pCFXIprw,1
UCN2N_wYOw6fMwCeSzdXLPIw,UCVQf0tzL7xRzFJsABVVULpg,1
UCN2N_wYOw6fMwCeSzdXLPIw,UClsrFGJKWPxxw7MiaEdKLXw,1
UCN2N_wYOw6fMwCeSzdXLPIw,UCPZueDLrCS4BmTBRMA4q0fA,1
UCN2N_wYOw6fMwCeSzdXLPIw,UCGX_UbAQOXGZknv5iqklwTA,1
UCN2N_wYOw6fMwCeSzdXLPIw,UCusjriFsDHEc2AOjqk-p5ig,1
UCN2N_wYOw6fMwCeSzdXLPIw,UCHTGCgY2l-DQJIvlA_cpa_Q,1
UCN2N_wYOw6fMwCeSzdXLPIw,UCAV7QIjYhbDJaycQycM_0eQ,1
UCN2N_wYOw6fMwCeSzdXLPIw,UCf5lnNZF7Qrtli9v4N_23WQ,1
UCN2N_wYOw6fMwCeSzdXLPIw,UCtNyHmRZtvGF2hSvI2dUBWw,1
UCN2N_wYOw6fMwCeSzdXLPIw,UCgQJgI9vu1FI2dnC9mrFthw,1
UCN2N_wYOw6fMwCeSzdXLPIw,UC8xlJWNHz1V_W6q3fbuQH8g,1
UCN2N_wYOw6fMwCeSzdXLPIw,UC1Y7x3h0c95Z8kUhi-Tzaeg,1
UCN2N_wYOw6fMwCeSzdXLPIw,UCg3eIfd7BrsLEqS0BLkftHA,1
UC3UVO7pTbeYvZ3ILEyRDskQ,UCDrmf9y9nLgFY5wnA2hTuGA,1
UC3UVO7pTbeYvZ3ILEyRDskQ,UCQqlPPUGqAfWjd-FSh_qn7Q,1
UC3UVO7pTbeYvZ3ILEyRDskQ,UCZeIIQrGAedW8tCbKWmGY-A,1
UC3UVO7pTbeYvZ3ILEyRDskQ,UClhMWQ7XKWywYvbRnuf8QsA,1
UC3UVO7pTbeYvZ3ILEyRDskQ,UC816IGbFCZinfYS1LRDaaHg,1
UC3UVO7pTbeYvZ3ILEyRDskQ,UCuXmOjxC-htcprLgeVXz6Tg,1
UC3UVO7pTbeYvZ3ILEyRDskQ,UC5hvEnRUzI4Kfvwnyi4QxqQ,1
UC3UVO7pTbeYvZ3ILEyRDskQ,UCgJNFj5dnxXpcMvmuhZDPxA,1
UC3UVO7pTbeYvZ3ILEyRDskQ,UCylqlpsh8ENNM1LqgQ1KbxA,1
UC3UVO7pTbeYvZ3ILEyRDskQ,UC-fiZBS5Gp1eCJd9ucgWnCg,1
UC3UVO7pTbeYvZ3ILEyRDskQ,UCe8JZoYkX5oKUZyivHYdXhw,1
UC3UVO7pTbeYvZ3ILEyRDskQ,UCkVtmkK07b2zaVVNssX4lOg,1
UC3UVO7pTbeYvZ3ILEyRDskQ,UCpe5jW3MIqkgTJ-PgkzvM6Q,1
UC3UVO7pTbeYvZ3ILEyRDskQ,UCdFlugHJJa4l3YqWuNRmvXw,1
UC3UVO7pTbeYvZ3ILEyRDskQ,UCpsKOkt5iWTbenzeuq7dsmQ,1
UC3UVO7pTbeYvZ3ILEyRDskQ,UCu8_3-Wg-YzNyvHYQDEscfw,1
UC3UVO7pTbeYvZ3ILEyRDskQ,UC_LYoGs5C3mbZKZuKuqYCvw,1
UC3UVO7pTbeYvZ3ILEyRDskQ,UCsGoJEvb-cFPZ2rWoJcXzEQ,1
UC3UVO7pTbeYvZ3ILEyRDskQ,UCAKuKvcbfnBD3kF5njNu-IA,1
UC3UVO7pTbeYvZ3ILEyRDskQ,UColMq7LmaoY3MT6aIDGrGvA,1
UC3UVO7pTbeYvZ3ILEyRDskQ,UCwgCc9Jd_gG-uLE_SY-FfPg,1
UC3UVO7pTbeYvZ3ILEyRDskQ,UCgQw_Sbq3ugruDUKsq1e0-A,1
UC3UVO7pTbeYvZ3ILEyRDskQ,UCV0lM03g5fg5pbPj97-sAtA,1
UC3UVO7pTbeYvZ3ILEyRDskQ,UC6Uj1FT5JjDSF8vudvDxPAA,1
UC3UVO7pTbeYvZ3ILEyRDskQ,UCRAquv8el-tQ30bN7MlmySQ,1
UC3UVO7pTbeYvZ3ILEyRDskQ,UC4Avya4kmR4Q0FrfFdBozSQ,1
UC3UVO7pTbeYvZ3ILEyRDskQ,UCkbsS_3D-pvg1iHOld9uvIg,1
UC3UVO7pTbeYvZ3ILEyRDskQ,UCRvPToDkkumha7WJAfCDk1A,1
UC3UVO7pTbeYvZ3ILEyRDskQ,UC1DpqK6vaPEkBOMNvypsKYg,1
UC3UVO7pTbeYvZ3ILEyRDskQ,UCW80DaMjQlEUibC98Cot-Dg,1
UC3UVO7pTbeYvZ3ILEyRDskQ,UC32oozucwCF3q8d4m8fyOUg,1
UC3UVO7pTbeYvZ3ILEyRDskQ,UCqCrvuoJpC-aVb0f4logQRQ,1
UC3UVO7pTbeYvZ3ILEyRDskQ,UCCBYcToQ2dwkd6TJh0FSyDg,1
UC3UVO7pTbeYvZ3ILEyRDskQ,UCNpt5CQlTzNjlAKY6CJtClQ,1
UC3UVO7pTbeYvZ3ILEyRDskQ,UCGGHbtfbbe0o68etrOf0qxw,1
UC3UVO7pTbeYvZ3ILEyRDskQ,UCQyOePccUP-fIJYzchAgZYw,1
UC3UVO7pTbeYvZ3ILEyRDskQ,UCaKAjTW9MVub_clgr4DRYjQ,1
UC3UVO7pTbeYvZ3ILEyRDskQ,UClqA491Xa5fQcXcJJa-vTWw,1
UC3UVO7pTbeYvZ3ILEyRDskQ,UCWoAVGVqCn4xtINCMOTM4jg,1
UC3UVO7pTbeYvZ3ILEyRDskQ,UCiC-Jn7wdgyQV4_Urk0DkWQ,1
UC32oozucwCF3q8d4m8fyOUg,UCDrmf9y9nLgFY5wnA2hTuGA,1
UC32oozucwCF3q8d4m8fyOUg,UCQqlPPUGqAfWjd-FSh_qn7Q,1
UC32oozucwCF3q8d4m8fyOUg,UCZeIIQrGAedW8tCbKWmGY-A,1
UC32oozucwCF3q8d4m8fyOUg,UClhMWQ7XKWywYvbRnuf8QsA,1
UC32oozucwCF3q8d4m8fyOUg,UC816IGbFCZinfYS1LRDaaHg,1
UC32oozucwCF3q8d4m8fyOUg,UCuXmOjxC-htcprLgeVXz6Tg,1
UC32oozucwCF3q8d4m8fyOUg,UC5hvEnRUzI4Kfvwnyi4QxqQ,1
UC32oozucwCF3q8d4m8fyOUg,UCgJNFj5dnxXpcMvmuhZDPxA,1
UC32oozucwCF3q8d4m8fyOUg,UCylqlpsh8ENNM1LqgQ1KbxA,1
UC32oozucwCF3q8d4m8fyOUg,UC-fiZBS5Gp1eCJd9ucgWnCg,1
UC32oozucwCF3q8d4m8fyOUg,UCe8JZoYkX5oKUZyivHYdXhw,1
UC32oozucwCF3q8d4m8fyOUg,UCkVtmkK07b2zaVVNssX4lOg,1
UC32oozucwCF3q8d4m8fyOUg,UCpe5jW3MIqkgTJ-PgkzvM6Q,1
UC32oozucwCF3q8d4m8fyOUg,UCdFlugHJJa4l3YqWuNRmvXw,1
UC32oozucwCF3q8d4m8fyOUg,UCpsKOkt5iWTbenzeuq7dsmQ,1
UC32oozucwCF3q8d4m8fyOUg,UCu8_3-Wg-YzNyvHYQDEscfw,1
UC32oozucwCF3q8d4m8fyOUg,UC_LYoGs5C3mbZKZuKuqYCvw,1
UC32oozucwCF3q8d4m8fyOUg,UCsGoJEvb-cFPZ2rWoJcXzEQ,1
UC32oozucwCF3q8d4m8fyOUg,UCAKuKvcbfnBD3kF5njNu-IA,1
UC32oozucwCF3q8d4m8fyOUg,UColMq7LmaoY3MT6aIDGrGvA,1
UC32oozucwCF3q8d4m8fyOUg,UCwgCc9Jd_gG-uLE_SY-FfPg,1
UC32oozucwCF3q8d4m8fyOUg,UCgQw_Sbq3ugruDUKsq1e0-A,1
UC32oozucwCF3q8d4m8fyOUg,UCV0lM03g5fg5pbPj97-sAtA,1
UC32oozucwCF3q8d4m8fyOUg,UC6Uj1FT5JjDSF8vudvDxPAA,1
UC32oozucwCF3q8d4m8fyOUg,UCRAquv8el-tQ30bN7MlmySQ,1
UC32oozucwCF3q8d4m8fyOUg,UC4Avya4kmR4Q0FrfFdBozSQ,1
UC32oozucwCF3q8d4m8fyOUg,UCkbsS_3D-pvg1iHOld9uvIg,1
UC32oozucwCF3q8d4m8fyOUg,UCRvPToDkkumha7WJAfCDk1A,1
UC32oozucwCF3q8d4m8fyOUg,UC1DpqK6vaPEkBOMNvypsKYg,1
UC32oozucwCF3q8d4m8fyOUg,UCW80DaMjQlEUibC98Cot-Dg,1
UC32oozucwCF3q8d4m8fyOUg,UCqCrvuoJpC-aVb0f4logQRQ,1
UC32oozucwCF3q8d4m8fyOUg,UCCBYcToQ2dwkd6TJh0FSyDg,1
UC32oozucwCF3q8d4m8fyOUg,UCNpt5CQlTzNjlAKY6CJtClQ,1
UC32oozucwCF3q8d4m8fyOUg,UCGGHbtfbbe0o68etrOf0qxw,1
UC32oozucwCF3q8d4m8fyOUg,UCQyOePccUP-fIJYzchAgZYw,1
UC32oozucwCF3q8d4m8fyOUg,UCaKAjTW9MVub_clgr4DRYjQ,1
UC32oozucwCF3q8d4m8fyOUg,UClqA491Xa5fQcXcJJa-vTWw,1
UC32oozucwCF3q8d4m8fyOUg,UCWoAVGVqCn4xtINCMOTM4jg,1
UC32oozucwCF3q8d4m8fyOUg,UCiC-Jn7wdgyQV4_Urk0DkWQ,1
UCfo_yUPzy1f1POwwZxhZ06Q,UCql1n3Ey6ULMSOACjMe-fxQ,1
UCfo_yUPzy1f1POwwZxhZ06Q,UCtsxPYw8VUsH_FfnKg-0lmw,1
UCfo_yUPzy1f1POwwZxhZ06Q,UCgGqw4aqMdMVSGkKiMgrJRQ,1
UCfo_yUPzy1f1POwwZxhZ06Q,UCvDwJBBY1mHK70aTEYl6rsA,1
UCfo_yUPzy1f1POwwZxhZ06Q,UC-Iul5tDYH_oiAMXQH-KaaQ,1
UCfo_yUPzy1f1POwwZxhZ06Q,UCzZ6dDCEsLMXbc5pCFXIprw,1
UCfo_yUPzy1f1POwwZxhZ06Q,UCyJhqmMbsvjpoarBBStA2kg,1
UCfo_yUPzy1f1POwwZxhZ06Q,UCV3fr-YOixFKCZBbJP1-X4w,1
UCfo_yUPzy1f1POwwZxhZ06Q,UCWvntqPQx99k_Z_skWKqNSA,1
UCfo_yUPzy1f1POwwZxhZ06Q,UCEHXl4VvvVpq-_4xC5tsbhg,1
UCfo_yUPzy1f1POwwZxhZ06Q,UC63tFvbQ_hJhGDi2nbjssjw,1
UCfo_yUPzy1f1POwwZxhZ06Q,UCp29O_C7cchZV8IxV7Crdag,1
UCfo_yUPzy1f1POwwZxhZ06Q,UC-HeUTT6_g-VoiWds2a4H-w,1
UCfo_yUPzy1f1POwwZxhZ06Q,UC1NiEdJ7gk6FlDexIalWnGg,1
UCfo_yUPzy1f1POwwZxhZ06Q,UCaT4saRcyqCLE657Rq2hhZQ,1
UCfo_yUPzy1f1POwwZxhZ06Q,UCjZgFEowMBrsjodqfovzdKw,1
UCfo_yUPzy1f1POwwZxhZ06Q,UCFybmWapGvBKcQod7cPPH9w,1
UCfo_yUPzy1f1POwwZxhZ06Q,UC0HvfEWozTHbwl_iEmJNvVA,1
UCfo_yUPzy1f1POwwZxhZ06Q,UCeQk-WfEA-cJRq4EKeE7TOw,1
UCfo_yUPzy1f1POwwZxhZ06Q,UCheEJ5GZuIvV0fj-nXyVwXw,1
UCfo_yUPzy1f1POwwZxhZ06Q,UChyps3dqY-VY1_wLeq-2lhw,1
UCfo_yUPzy1f1POwwZxhZ06Q,UCtCtts20bW6F9CSohau51Iw,1
UCfo_yUPzy1f1POwwZxhZ06Q,UC14qlobYKqD-DO0j6b75lcA,1
UCfo_yUPzy1f1POwwZxhZ06Q,UC3YpzAr7pcdKC7BVFEpYzog,1
UCfo_yUPzy1f1POwwZxhZ06Q,UCwxoKK59nGCeBqB2sXfDBIw,1
UCOS8ViEkccrTZx2w2ccxotA,UCSou6a2OuYGSvPjm5psquyA,1
UCOS8ViEkccrTZx2w2ccxotA,UC2weSE8rpqkGMOp6StYtVfg,1
UCOS8ViEkccrTZx2w2ccxotA,UCiGRBf2RNF0WRKhRVT7zFoA,1
UCOS8ViEkccrTZx2w2ccxotA,UCpIdtvoFHVLGASGB5ySqIEA,1
UCOS8ViEkccrTZx2w2ccxotA,UC8F2V63KZ4ZEay6opX2hAQw,1
UCOS8ViEkccrTZx2w2ccxotA,UC3E9mAgP7VoAE5mZoAexl5g,1
UCOS8ViEkccrTZx2w2ccxotA,UCErZPJpHmLCsXs8ZWkAUupQ,1
UCOS8ViEkccrTZx2w2ccxotA,UCut6b9S98nv84cVX89PmKzA,1
UCOS8ViEkccrTZx2w2ccxotA,UCXXh7yg5KUFIWylTiKVEFKQ,1
UCOS8ViEkccrTZx2w2ccxotA,UCDPWkUX3sNNaCx-m1dV4glA,1
UCOS8ViEkccrTZx2w2ccxotA,UCNkcuy42zEwddwEcOd_HpnA,1
UCOS8ViEkccrTZx2w2ccxotA,UCz3gu01bmjNv0DpRq-K3XYg,1
UCOS8ViEkccrTZx2w2ccxotA,UCp4iw5_5SmV9VGTFSNVGOmQ,1
UCOS8ViEkccrTZx2w2ccxotA,UCWIZUtKJ636y-4TYrNvok0g,1
UCOS8ViEkccrTZx2w2ccxotA,UCvApqeCbLod-wejtT4CcVuA,1
UCOS8ViEkccrTZx2w2ccxotA,UCgvw7xIdGFupzpt1Y_BFkEA,1
UCOS8ViEkccrTZx2w2ccxotA,UCtUR3_CAiE7fCoZHM6cMfyQ,1
UCOS8ViEkccrTZx2w2ccxotA,UCmvOgzmmXbjUthHy-WJ52hQ,1
UCOS8ViEkccrTZx2w2ccxotA,UCtNfIBnc5S5DbbQj_yxgJTw,1
UCOS8ViEkccrTZx2w2ccxotA,UCmjppp6ujz3SAnULvP3sZMw,1
UCOS8ViEkccrTZx2w2ccxotA,UCYwpX26TrCxq8TvbKGRYLXA,1
UCOS8ViEkccrTZx2w2ccxotA,UCL13XhnRzbGokEkCkEOb0-g,1
UCOS8ViEkccrTZx2w2ccxotA,UChZknRmJkeGeQk0-mQuhDOg,1
UCOS8ViEkccrTZx2w2ccxotA,UCThW2XNsAaBKme5PUt7n-Zg,1
UCOS8ViEkccrTZx2w2ccxotA,UC5bG9nc_JV3FsNP2KseQiYw,1
UCOS8ViEkccrTZx2w2ccxotA,UCL1MT278vSaQ83ZDkVWn1gw,1
UCOS8ViEkccrTZx2w2ccxotA,UCh5ESQvtzyHDhCA7XyekCFA,1
UCOS8ViEkccrTZx2w2ccxotA,UCDftMWXQoJ6nONfY7GVOVjg,1
UCOS8ViEkccrTZx2w2ccxotA,UC8r11yOugM2NuRfitQOxLLg,1
UCOS8ViEkccrTZx2w2ccxotA,UCzSfZlOVxBSs5ObD25ywxDQ,1
UCOS8ViEkccrTZx2w2ccxotA,UC8G5cJONY8L9voMyBW8Eoug,1
UCOS8ViEkccrTZx2w2ccxotA,UCsJJAvrVGupdmhOqgtDp8dg,1
UCOS8ViEkccrTZx2w2ccxotA,UCEgEQmRbtL5fwr9_DqAC--g,1
UCOS8ViEkccrTZx2w2ccxotA,UCQgYjVngJRfPHDLGB5X6ZjA,1
UCOS8ViEkccrTZx2w2ccxotA,UCAmtbUiIrUIhikru0ZoTFig,1
UCOS8ViEkccrTZx2w2ccxotA,UCB5p8a5gklc80jJItP6xTHg,1
UCOS8ViEkccrTZx2w2ccxotA,UC4cXueR2bKGFJV0Fk76gwmA,1
UCOS8ViEkccrTZx2w2ccxotA,UCiMythXHsw7eQEMykCdmMUA,1
UCOS8ViEkccrTZx2w2ccxotA,UCUIIIPTVDVHAXqhC_5V6lPA,1
UCOS8ViEkccrTZx2w2ccxotA,UCRlCV9zSn7avAWh-9_XFWqQ,1
UCOS8ViEkccrTZx2w2ccxotA,UCDQaQv0hr2SS_PO-CMEwVHg,1
UCOS8ViEkccrTZx2w2ccxotA,UCDlr1VadSucIZgZ171pRBjQ,1
UCOS8ViEkccrTZx2w2ccxotA,UC7VUuJr9cGh845CmTvf7TlQ,1
UCOS8ViEkccrTZx2w2ccxotA,UCA93ym2TXs_Ibyxb4Vcn-6Q,1
UCOS8ViEkccrTZx2w2ccxotA,UCXgr7vXlRrsaskPdo097kGA,1
UCOS8ViEkccrTZx2w2ccxotA,UCj-LL25XJnjxepPKCc3NGog,1
UCOS8ViEkccrTZx2w2ccxotA,UChgkn5Jt5tWKYMoEOuCjz3Q,1
UCOS8ViEkccrTZx2w2ccxotA,UCLggDc_a5HriXv7I1h02sOA,1
UCOS8ViEkccrTZx2w2ccxotA,UC3NMzdMYryaw82kPTnsaljg,1
UCOS8ViEkccrTZx2w2ccxotA,UCylqlpsh8ENNM1LqgQ1KbxA,1
UCOS8ViEkccrTZx2w2ccxotA,UCCaYwkkbQGcvFoUmothVdQQ,1
UCOS8ViEkccrTZx2w2ccxotA,UC9vMq1YF-e7C-VO0SHkbUTA,1
UCOS8ViEkccrTZx2w2ccxotA,UCr1emrogPKkKTs_WTtx71xg,1
UCOS8ViEkccrTZx2w2ccxotA,UCV0iizTBoOfdAFX_thfI9BA,1
UCOS8ViEkccrTZx2w2ccxotA,UCTylKrsqkrBKIqubMu_5N0Q,1
UCOS8ViEkccrTZx2w2ccxotA,UCDUffaruH6dyUnUGwsTKpgg,1
UCOS8ViEkccrTZx2w2ccxotA,UCN6qbfPSzFtjhqUDZ3Cv3CQ,1
UCOS8ViEkccrTZx2w2ccxotA,UCplrIQtaPj6au60_f2-mOYw,1
UCOS8ViEkccrTZx2w2ccxotA,UCLFdHr9BEbXHkoJopbEPLZw,1
UCOS8ViEkccrTZx2w2ccxotA,UCipetjeiWj4CZB6EbyYziZg,1
UCOS8ViEkccrTZx2w2ccxotA,UCXSkL3ejZ8qWYyF_M7s_QKA,1
UCOS8ViEkccrTZx2w2ccxotA,UCueV9cTyTDwgQSec1x2dYgA,1
UCOS8ViEkccrTZx2w2ccxotA,UCFjudnPLoaSL1BaRuLahyHg,1
UCOS8ViEkccrTZx2w2ccxotA,UCFxE8GbokBrBsPEKM1xrOjQ,1
UCOS8ViEkccrTZx2w2ccxotA,UCDIMztpVm7G27qBuiWuT6oQ,1
UCOS8ViEkccrTZx2w2ccxotA,UC-jS_kA9w-OmpupXDx156Rg,1
UCOS8ViEkccrTZx2w2ccxotA,UCsjs5Hp_r86x1xbK6FAeqaA,1
UCOS8ViEkccrTZx2w2ccxotA,UCQqetiwzzmRNTM5OWuXarGQ,1
UCOS8ViEkccrTZx2w2ccxotA,UCQtSFINs1h6GHkpg9o5kMvg,1
UCOS8ViEkccrTZx2w2ccxotA,UCsUCN0Yq_UyTvKjOJLmNrnQ,1
UCOS8ViEkccrTZx2w2ccxotA,UCAlzM_N6xBlMYmM8EBzX86Q,1
UCOS8ViEkccrTZx2w2ccxotA,UCfM3nrxtTQMY5jFx1v1J4Gg,1
UCOS8ViEkccrTZx2w2ccxotA,UCFhxtoeARHPnXXPcDrOU3Xg,1
UCOS8ViEkccrTZx2w2ccxotA,UCNBnKqWf4d-rS4HwJRQljmQ,1
UCOS8ViEkccrTZx2w2ccxotA,UC3XTwHxygNCgjndsg-UiCQA,1
UCOS8ViEkccrTZx2w2ccxotA,UC650pRT-OYzny3GwOH8Cgfw,1
UCOS8ViEkccrTZx2w2ccxotA,UC6PvO1_k5lHKGdAPo5_C6TA,1
UCOS8ViEkccrTZx2w2ccxotA,UCxff05WuyvwELNITi7bj7UA,1
UCOS8ViEkccrTZx2w2ccxotA,UC-pNP6RMFuLg_-x7Ah_0kEA,1
UCOS8ViEkccrTZx2w2ccxotA,UCGzXwyCzMzGmjmCbH3Hg01Q,1
UCOS8ViEkccrTZx2w2ccxotA,UCQtICyzWmhC5woCtbNgaSmg,1
UCOS8ViEkccrTZx2w2ccxotA,UCTD6q1nyIe3Y7HhqjaMj72w,1
UCOS8ViEkccrTZx2w2ccxotA,UCpsKOkt5iWTbenzeuq7dsmQ,1
UCOS8ViEkccrTZx2w2ccxotA,UCHTGCgY2l-DQJIvlA_cpa_Q,1
UCOS8ViEkccrTZx2w2ccxotA,UCi1b_TRQfgO1Z9O2gNGGWNA,1
UCOS8ViEkccrTZx2w2ccxotA,UCZLG9qH0tUjNhEGFIUt0CYw,1
UCOS8ViEkccrTZx2w2ccxotA,UCzoL2l5H5eVlorWGH8AZfAg,1
UCOS8ViEkccrTZx2w2ccxotA,UCKDR0f2fu2UzWL8mBv5-BHw,1
UCOS8ViEkccrTZx2w2ccxotA,UCjmPuazZJzscrwvk0QR9RVw,1
UCOS8ViEkccrTZx2w2ccxotA,UCwha8rxULYMVtNwZWeSkE1A,1
UCOS8ViEkccrTZx2w2ccxotA,UCQ_-LPP8JAbfkc-b1Q6NvWw,1
UCOS8ViEkccrTZx2w2ccxotA,UCHhHUjaMAZ8SiXdCUCj9DkQ,1
UCOS8ViEkccrTZx2w2ccxotA,UCRelkU8JiZBytTzebJxaa-w,1
UCOS8ViEkccrTZx2w2ccxotA,UC72gBAtyb_VXQlYDcFrh6oQ,1
UCOS8ViEkccrTZx2w2ccxotA,UC3MYTqpQqlWBuCB7Th0e0PA,1
UCOS8ViEkccrTZx2w2ccxotA,UCZ51R_9Q9C0c8I3pAWhtmjQ,1
UCOS8ViEkccrTZx2w2ccxotA,UCujPF2nBgsTD62nWE3lcpIg,1
UCOS8ViEkccrTZx2w2ccxotA,UC9xr9QvIcDvoZNUX5f-jaZw,1
UCOS8ViEkccrTZx2w2ccxotA,UCpl8rF8uv_8uui-QRvuJaRA,1
UCOS8ViEkccrTZx2w2ccxotA,UCYN4wSQ1Sx4_LurxLlW7MPg,1
UCOS8ViEkccrTZx2w2ccxotA,UC1vr9aaMI2crB0NvwFHUeoQ,1
UCOS8ViEkccrTZx2w2ccxotA,UCOh6DaZC_x9HASnlRylEMfw,1
UCOS8ViEkccrTZx2w2ccxotA,UCTP3O0rMnc8z8v8jaDQwL0w,1
UCOS8ViEkccrTZx2w2ccxotA,UChep9kVb5gQmpodEEl10Xlg,1
UCOS8ViEkccrTZx2w2ccxotA,UCFoIAE8k82D6AV-8gjjKaNg,1
UCO0zwwLWGyDgQmWPJ5Qrr1w,UCLXYp1Cvc5DLtq5UQL5D9vw,1
UCO0zwwLWGyDgQmWPJ5Qrr1w,UCAxvOOHQk7dYPOajzFEVtbA,1
UCO0zwwLWGyDgQmWPJ5Qrr1w,UCjZgFEowMBrsjodqfovzdKw,1
UCO0zwwLWGyDgQmWPJ5Qrr1w,UCfXykdbSU97rj987LDUGfvg,1
UCO0zwwLWGyDgQmWPJ5Qrr1w,UC2ngpd8UBQu4gcUYy0goAtg,1
UCO0zwwLWGyDgQmWPJ5Qrr1w,UCq3mDTTRZnUybct5M9OSXbg,1
UCO0zwwLWGyDgQmWPJ5Qrr1w,UCXN2s7DwTJm33xO-pNkAdaA,1
UCO0zwwLWGyDgQmWPJ5Qrr1w,UCwCfs-2zbD5k0lG-UVg_JBw,1
UCO0zwwLWGyDgQmWPJ5Qrr1w,UC_3xuTXvMIWU5MYP9HkJ3vQ,1
UCO0zwwLWGyDgQmWPJ5Qrr1w,UCfjhejO7LZy4doXURa7LZCQ,1
UCO0zwwLWGyDgQmWPJ5Qrr1w,UCvl1tzQeBeGy6efPTRJXSCw,1
UC0aEyakBPqcBkVJiErfSupQ,UCwUAv3_LpWVtTIi7lkmTL7A,1
UC0aEyakBPqcBkVJiErfSupQ,UC5fvhAfm89JH8eDFdvc0xYw,1
UC0aEyakBPqcBkVJiErfSupQ,UC_ljZ1hZXR9pzexFz87P5ZA,1
UC0aEyakBPqcBkVJiErfSupQ,UCRcSR3Lvn9DZAmJpVPANfZQ,1
UC0aEyakBPqcBkVJiErfSupQ,UCY7Hq7F9Lnucf-Yr6JkHZNw,1
UC0aEyakBPqcBkVJiErfSupQ,UCIUhbSCy3-SGRe5UtqM4fzQ,1
UC0aEyakBPqcBkVJiErfSupQ,UCSTAUWVc1_82DHYeqOsqEFA,1
UC0aEyakBPqcBkVJiErfSupQ,UCGqKxQS-z3NZzZF-2w338AA,1
UC0aEyakBPqcBkVJiErfSupQ,UCtMBF_1O2jY2INlb_luuB_A,1
UC0aEyakBPqcBkVJiErfSupQ,UCIp19h9igblA2YKfSLPDAug,1
UC0aEyakBPqcBkVJiErfSupQ,UCs_5qeqdku9tGAq22y3OcuQ,1
UC0aEyakBPqcBkVJiErfSupQ,UCXmrpc6Li0spcKxtS0Q_ptg,1
UC0aEyakBPqcBkVJiErfSupQ,UCHMQ_lDhibZ-XZ_3fo6oxwg,1
UC0aEyakBPqcBkVJiErfSupQ,UCxKR3RA8T-kxMgq_2WWhRcQ,1
UC0aEyakBPqcBkVJiErfSupQ,UCgLrWFdYitoP-b7-PxtUr-w,1
UC0aEyakBPqcBkVJiErfSupQ,UCqilIa8r7iek5sGYg_q6ofA,1
UC0aEyakBPqcBkVJiErfSupQ,UCFOxCyF926Y9eHhMeVoWLzw,1
UC0aEyakBPqcBkVJiErfSupQ,UCRznz9-N3Qc1w-qNdLSIY2Q,1
UCxhtlxPV8AYWaNNyU6S9H8Q,UCozFYHN0e_-vlQbX3wQGOug,1
UCxhtlxPV8AYWaNNyU6S9H8Q,UCat2qkYvqmtDNEmo2PVuhXw,1
UCxhtlxPV8AYWaNNyU6S9H8Q,UCBlm80VQ4YoV3bUJR_XhkaQ,1
UCxhtlxPV8AYWaNNyU6S9H8Q,UCPNXmbOBVeC4HS-xemvcPtQ,1
UCxhtlxPV8AYWaNNyU6S9H8Q,UCIgoiXdIKJyUGmUoH2Lxdzg,1
UCxhtlxPV8AYWaNNyU6S9H8Q,UCrqXyRsg-_hTosURZ-uvoKg,1
UCxhtlxPV8AYWaNNyU6S9H8Q,UCQMMuADgqWUOcJpLwHOzC-g,1
UCxhtlxPV8AYWaNNyU6S9H8Q,UCGZMgmM92E3njyXNe9-kjAQ,1
UCxhtlxPV8AYWaNNyU6S9H8Q,UCZjm6U576nX8WOiLhmMR3bw,1
UCxhtlxPV8AYWaNNyU6S9H8Q,UC-QOpE7GOxlXcHZ8b7HbQKA,1
UCxhtlxPV8AYWaNNyU6S9H8Q,UCtiHFjFu7d5v2XxHnKFUYig,1
UCxhtlxPV8AYWaNNyU6S9H8Q,UCbNanjFI51cwGqMAb2rOrBw,1
UCxhtlxPV8AYWaNNyU6S9H8Q,UCi2KiZq63sRq8Mfbcp-MelQ,1
UCxhtlxPV8AYWaNNyU6S9H8Q,UCVdjCrh4tQoX3haNAZv-n5A,1
UC3XTwHxygNCgjndsg-UiCQA,UCSou6a2OuYGSvPjm5psquyA,1
UC3XTwHxygNCgjndsg-UiCQA,UC2weSE8rpqkGMOp6StYtVfg,1
UC3XTwHxygNCgjndsg-UiCQA,UCiGRBf2RNF0WRKhRVT7zFoA,1
UC3XTwHxygNCgjndsg-UiCQA,UCpIdtvoFHVLGASGB5ySqIEA,1
UC3XTwHxygNCgjndsg-UiCQA,UC8F2V63KZ4ZEay6opX2hAQw,1
UC3XTwHxygNCgjndsg-UiCQA,UC3E9mAgP7VoAE5mZoAexl5g,1
UC3XTwHxygNCgjndsg-UiCQA,UCErZPJpHmLCsXs8ZWkAUupQ,1
UC3XTwHxygNCgjndsg-UiCQA,UCut6b9S98nv84cVX89PmKzA,1
UC3XTwHxygNCgjndsg-UiCQA,UCXXh7yg5KUFIWylTiKVEFKQ,1
UC3XTwHxygNCgjndsg-UiCQA,UCDPWkUX3sNNaCx-m1dV4glA,1
UC3XTwHxygNCgjndsg-UiCQA,UCNkcuy42zEwddwEcOd_HpnA,1
UC3XTwHxygNCgjndsg-UiCQA,UCz3gu01bmjNv0DpRq-K3XYg,1
UC3XTwHxygNCgjndsg-UiCQA,UCp4iw5_5SmV9VGTFSNVGOmQ,1
UC3XTwHxygNCgjndsg-UiCQA,UCWIZUtKJ636y-4TYrNvok0g,1
UC3XTwHxygNCgjndsg-UiCQA,UCvApqeCbLod-wejtT4CcVuA,1
UC3XTwHxygNCgjndsg-UiCQA,UCgvw7xIdGFupzpt1Y_BFkEA,1
UC3XTwHxygNCgjndsg-UiCQA,UCtUR3_CAiE7fCoZHM6cMfyQ,1
UC3XTwHxygNCgjndsg-UiCQA,UCmvOgzmmXbjUthHy-WJ52hQ,1
UC3XTwHxygNCgjndsg-UiCQA,UCtNfIBnc5S5DbbQj_yxgJTw,1
UC3XTwHxygNCgjndsg-UiCQA,UCmjppp6ujz3SAnULvP3sZMw,1
UC3XTwHxygNCgjndsg-UiCQA,UCYwpX26TrCxq8TvbKGRYLXA,1
UC3XTwHxygNCgjndsg-UiCQA,UCL13XhnRzbGokEkCkEOb0-g,1
UC3XTwHxygNCgjndsg-UiCQA,UChZknRmJkeGeQk0-mQuhDOg,1
UC3XTwHxygNCgjndsg-UiCQA,UCThW2XNsAaBKme5PUt7n-Zg,1
UC3XTwHxygNCgjndsg-UiCQA,UC5bG9nc_JV3FsNP2KseQiYw,1
UC3XTwHxygNCgjndsg-UiCQA,UCL1MT278vSaQ83ZDkVWn1gw,1
UC3XTwHxygNCgjndsg-UiCQA,UCh5ESQvtzyHDhCA7XyekCFA,1
UC3XTwHxygNCgjndsg-UiCQA,UCDftMWXQoJ6nONfY7GVOVjg,1
UC3XTwHxygNCgjndsg-UiCQA,UC8r11yOugM2NuRfitQOxLLg,1
UC3XTwHxygNCgjndsg-UiCQA,UCzSfZlOVxBSs5ObD25ywxDQ,1
UC3XTwHxygNCgjndsg-UiCQA,UC8G5cJONY8L9voMyBW8Eoug,1
UC3XTwHxygNCgjndsg-UiCQA,UCsJJAvrVGupdmhOqgtDp8dg,1
UC3XTwHxygNCgjndsg-UiCQA,UCEgEQmRbtL5fwr9_DqAC--g,1
UC3XTwHxygNCgjndsg-UiCQA,UCQgYjVngJRfPHDLGB5X6ZjA,1
UC3XTwHxygNCgjndsg-UiCQA,UCAmtbUiIrUIhikru0ZoTFig,1
UC3XTwHxygNCgjndsg-UiCQA,UCB5p8a5gklc80jJItP6xTHg,1
UC3XTwHxygNCgjndsg-UiCQA,UC4cXueR2bKGFJV0Fk76gwmA,1
UC3XTwHxygNCgjndsg-UiCQA,UCiMythXHsw7eQEMykCdmMUA,1
UC3XTwHxygNCgjndsg-UiCQA,UCUIIIPTVDVHAXqhC_5V6lPA,1
UC3XTwHxygNCgjndsg-UiCQA,UCRlCV9zSn7avAWh-9_XFWqQ,1
UC3XTwHxygNCgjndsg-UiCQA,UCDQaQv0hr2SS_PO-CMEwVHg,1
UC3XTwHxygNCgjndsg-UiCQA,UCDlr1VadSucIZgZ171pRBjQ,1
UC3XTwHxygNCgjndsg-UiCQA,UC7VUuJr9cGh845CmTvf7TlQ,1
UC3XTwHxygNCgjndsg-UiCQA,UCA93ym2TXs_Ibyxb4Vcn-6Q,1
UC3XTwHxygNCgjndsg-UiCQA,UCXgr7vXlRrsaskPdo097kGA,1
UC3XTwHxygNCgjndsg-UiCQA,UCj-LL25XJnjxepPKCc3NGog,1
UC3XTwHxygNCgjndsg-UiCQA,UChgkn5Jt5tWKYMoEOuCjz3Q,1
UC3XTwHxygNCgjndsg-UiCQA,UCLggDc_a5HriXv7I1h02sOA,1
UC3XTwHxygNCgjndsg-UiCQA,UC3NMzdMYryaw82kPTnsaljg,1
UC3XTwHxygNCgjndsg-UiCQA,UCylqlpsh8ENNM1LqgQ1KbxA,1
UC3XTwHxygNCgjndsg-UiCQA,UCCaYwkkbQGcvFoUmothVdQQ,1
UC3XTwHxygNCgjndsg-UiCQA,UC9vMq1YF-e7C-VO0SHkbUTA,1
UC3XTwHxygNCgjndsg-UiCQA,UCr1emrogPKkKTs_WTtx71xg,1
UC3XTwHxygNCgjndsg-UiCQA,UCV0iizTBoOfdAFX_thfI9BA,1
UC3XTwHxygNCgjndsg-UiCQA,UCTylKrsqkrBKIqubMu_5N0Q,1
UC3XTwHxygNCgjndsg-UiCQA,UCDUffaruH6dyUnUGwsTKpgg,1
UC3XTwHxygNCgjndsg-UiCQA,UCN6qbfPSzFtjhqUDZ3Cv3CQ,1
UC3XTwHxygNCgjndsg-UiCQA,UCplrIQtaPj6au60_f2-mOYw,1
UC3XTwHxygNCgjndsg-UiCQA,UCLFdHr9BEbXHkoJopbEPLZw,1
UC3XTwHxygNCgjndsg-UiCQA,UCipetjeiWj4CZB6EbyYziZg,1
UC3XTwHxygNCgjndsg-UiCQA,UCXSkL3ejZ8qWYyF_M7s_QKA,1
UC3XTwHxygNCgjndsg-UiCQA,UCueV9cTyTDwgQSec1x2dYgA,1
UC3XTwHxygNCgjndsg-UiCQA,UCFjudnPLoaSL1BaRuLahyHg,1
UC3XTwHxygNCgjndsg-UiCQA,UCFxE8GbokBrBsPEKM1xrOjQ,1
UC3XTwHxygNCgjndsg-UiCQA,UCDIMztpVm7G27qBuiWuT6oQ,1
UC3XTwHxygNCgjndsg-UiCQA,UC-jS_kA9w-OmpupXDx156Rg,1
UC3XTwHxygNCgjndsg-UiCQA,UCsjs5Hp_r86x1xbK6FAeqaA,1
UC3XTwHxygNCgjndsg-UiCQA,UCQqetiwzzmRNTM5OWuXarGQ,1
UC3XTwHxygNCgjndsg-UiCQA,UCQtSFINs1h6GHkpg9o5kMvg,1
UC3XTwHxygNCgjndsg-UiCQA,UCsUCN0Yq_UyTvKjOJLmNrnQ,1
UC3XTwHxygNCgjndsg-UiCQA,UCAlzM_N6xBlMYmM8EBzX86Q,1
UC3XTwHxygNCgjndsg-UiCQA,UCfM3nrxtTQMY5jFx1v1J4Gg,1
UC3XTwHxygNCgjndsg-UiCQA,UCFhxtoeARHPnXXPcDrOU3Xg,1
UC3XTwHxygNCgjndsg-UiCQA,UCNBnKqWf4d-rS4HwJRQljmQ,1
UC3XTwHxygNCgjndsg-UiCQA,UC650pRT-OYzny3GwOH8Cgfw,1
UC3XTwHxygNCgjndsg-UiCQA,UC6PvO1_k5lHKGdAPo5_C6TA,1
UC3XTwHxygNCgjndsg-UiCQA,UCxff05WuyvwELNITi7bj7UA,1
UC3XTwHxygNCgjndsg-UiCQA,UC-pNP6RMFuLg_-x7Ah_0kEA,1
UC3XTwHxygNCgjndsg-UiCQA,UCGzXwyCzMzGmjmCbH3Hg01Q,1
UC3XTwHxygNCgjndsg-UiCQA,UCQtICyzWmhC5woCtbNgaSmg,1
UC3XTwHxygNCgjndsg-UiCQA,UCTD6q1nyIe3Y7HhqjaMj72w,1
UC3XTwHxygNCgjndsg-UiCQA,UCpsKOkt5iWTbenzeuq7dsmQ,1
UC3XTwHxygNCgjndsg-UiCQA,UCHTGCgY2l-DQJIvlA_cpa_Q,1
UC3XTwHxygNCgjndsg-UiCQA,UCi1b_TRQfgO1Z9O2gNGGWNA,1
UC3XTwHxygNCgjndsg-UiCQA,UCZLG9qH0tUjNhEGFIUt0CYw,1
UC3XTwHxygNCgjndsg-UiCQA,UCzoL2l5H5eVlorWGH8AZfAg,1
UC3XTwHxygNCgjndsg-UiCQA,UCKDR0f2fu2UzWL8mBv5-BHw,1
UC3XTwHxygNCgjndsg-UiCQA,UCjmPuazZJzscrwvk0QR9RVw,1
UC3XTwHxygNCgjndsg-UiCQA,UCwha8rxULYMVtNwZWeSkE1A,1
UC3XTwHxygNCgjndsg-UiCQA,UCQ_-LPP8JAbfkc-b1Q6NvWw,1
UC3XTwHxygNCgjndsg-UiCQA,UCHhHUjaMAZ8SiXdCUCj9DkQ,1
UC3XTwHxygNCgjndsg-UiCQA,UCRelkU8JiZBytTzebJxaa-w,1
UC3XTwHxygNCgjndsg-UiCQA,UC72gBAtyb_VXQlYDcFrh6oQ,1
UC3XTwHxygNCgjndsg-UiCQA,UC3MYTqpQqlWBuCB7Th0e0PA,1
UC3XTwHxygNCgjndsg-UiCQA,UCZ51R_9Q9C0c8I3pAWhtmjQ,1
UC3XTwHxygNCgjndsg-UiCQA,UCujPF2nBgsTD62nWE3lcpIg,1
UC3XTwHxygNCgjndsg-UiCQA,UC9xr9QvIcDvoZNUX5f-jaZw,1
UC3XTwHxygNCgjndsg-UiCQA,UCpl8rF8uv_8uui-QRvuJaRA,1
UC3XTwHxygNCgjndsg-UiCQA,UCYN4wSQ1Sx4_LurxLlW7MPg,1
UC3XTwHxygNCgjndsg-UiCQA,UC1vr9aaMI2crB0NvwFHUeoQ,1
UC3XTwHxygNCgjndsg-UiCQA,UCOh6DaZC_x9HASnlRylEMfw,1
UC3XTwHxygNCgjndsg-UiCQA,UCTP3O0rMnc8z8v8jaDQwL0w,1
UC3XTwHxygNCgjndsg-UiCQA,UChep9kVb5gQmpodEEl10Xlg,1
UC3XTwHxygNCgjndsg-UiCQA,UCFoIAE8k82D6AV-8gjjKaNg,1
UC6PvO1_k5lHKGdAPo5_C6TA,UCSou6a2OuYGSvPjm5psquyA,1
UC6PvO1_k5lHKGdAPo5_C6TA,UC2weSE8rpqkGMOp6StYtVfg,1
UC6PvO1_k5lHKGdAPo5_C6TA,UCiGRBf2RNF0WRKhRVT7zFoA,1
UC6PvO1_k5lHKGdAPo5_C6TA,UCpIdtvoFHVLGASGB5ySqIEA,1
UC6PvO1_k5lHKGdAPo5_C6TA,UC8F2V63KZ4ZEay6opX2hAQw,1
UC6PvO1_k5lHKGdAPo5_C6TA,UC3E9mAgP7VoAE5mZoAexl5g,1
UC6PvO1_k5lHKGdAPo5_C6TA,UCErZPJpHmLCsXs8ZWkAUupQ,1
UC6PvO1_k5lHKGdAPo5_C6TA,UCut6b9S98nv84cVX89PmKzA,1
UC6PvO1_k5lHKGdAPo5_C6TA,UCXXh7yg5KUFIWylTiKVEFKQ,1
UC6PvO1_k5lHKGdAPo5_C6TA,UCDPWkUX3sNNaCx-m1dV4glA,1
UC6PvO1_k5lHKGdAPo5_C6TA,UCNkcuy42zEwddwEcOd_HpnA,1
UC6PvO1_k5lHKGdAPo5_C6TA,UCz3gu01bmjNv0DpRq-K3XYg,1
UC6PvO1_k5lHKGdAPo5_C6TA,UCp4iw5_5SmV9VGTFSNVGOmQ,1
UC6PvO1_k5lHKGdAPo5_C6TA,UCWIZUtKJ636y-4TYrNvok0g,1
UC6PvO1_k5lHKGdAPo5_C6TA,UCvApqeCbLod-wejtT4CcVuA,1
UC6PvO1_k5lHKGdAPo5_C6TA,UCgvw7xIdGFupzpt1Y_BFkEA,1
UC6PvO1_k5lHKGdAPo5_C6TA,UCtUR3_CAiE7fCoZHM6cMfyQ,1
UC6PvO1_k5lHKGdAPo5_C6TA,UCmvOgzmmXbjUthHy-WJ52hQ,1
UC6PvO1_k5lHKGdAPo5_C6TA,UCtNfIBnc5S5DbbQj_yxgJTw,1
UC6PvO1_k5lHKGdAPo5_C6TA,UCmjppp6ujz3SAnULvP3sZMw,1
UC6PvO1_k5lHKGdAPo5_C6TA,UCYwpX26TrCxq8TvbKGRYLXA,1
UC6PvO1_k5lHKGdAPo5_C6TA,UCL13XhnRzbGokEkCkEOb0-g,1
UC6PvO1_k5lHKGdAPo5_C6TA,UChZknRmJkeGeQk0-mQuhDOg,1
UC6PvO1_k5lHKGdAPo5_C6TA,UCThW2XNsAaBKme5PUt7n-Zg,1
UC6PvO1_k5lHKGdAPo5_C6TA,UC5bG9nc_JV3FsNP2KseQiYw,1
UC6PvO1_k5lHKGdAPo5_C6TA,UCL1MT278vSaQ83ZDkVWn1gw,1
UC6PvO1_k5lHKGdAPo5_C6TA,UCh5ESQvtzyHDhCA7XyekCFA,1
UC6PvO1_k5lHKGdAPo5_C6TA,UCDftMWXQoJ6nONfY7GVOVjg,1
UC6PvO1_k5lHKGdAPo5_C6TA,UC8r11yOugM2NuRfitQOxLLg,1
UC6PvO1_k5lHKGdAPo5_C6TA,UCzSfZlOVxBSs5ObD25ywxDQ,1
UC6PvO1_k5lHKGdAPo5_C6TA,UC8G5cJONY8L9voMyBW8Eoug,1
UC6PvO1_k5lHKGdAPo5_C6TA,UCsJJAvrVGupdmhOqgtDp8dg,1
UC6PvO1_k5lHKGdAPo5_C6TA,UCEgEQmRbtL5fwr9_DqAC--g,1
UC6PvO1_k5lHKGdAPo5_C6TA,UCQgYjVngJRfPHDLGB5X6ZjA,1
UC6PvO1_k5lHKGdAPo5_C6TA,UCAmtbUiIrUIhikru0ZoTFig,1
UC6PvO1_k5lHKGdAPo5_C6TA,UCB5p8a5gklc80jJItP6xTHg,1
UC6PvO1_k5lHKGdAPo5_C6TA,UC4cXueR2bKGFJV0Fk76gwmA,1
UC6PvO1_k5lHKGdAPo5_C6TA,UCiMythXHsw7eQEMykCdmMUA,1
UC6PvO1_k5lHKGdAPo5_C6TA,UCUIIIPTVDVHAXqhC_5V6lPA,1
UC6PvO1_k5lHKGdAPo5_C6TA,UCRlCV9zSn7avAWh-9_XFWqQ,1
UC6PvO1_k5lHKGdAPo5_C6TA,UCDQaQv0hr2SS_PO-CMEwVHg,1
UC6PvO1_k5lHKGdAPo5_C6TA,UCDlr1VadSucIZgZ171pRBjQ,1
UC6PvO1_k5lHKGdAPo5_C6TA,UC7VUuJr9cGh845CmTvf7TlQ,1
UC6PvO1_k5lHKGdAPo5_C6TA,UCA93ym2TXs_Ibyxb4Vcn-6Q,1
UC6PvO1_k5lHKGdAPo5_C6TA,UCXgr7vXlRrsaskPdo097kGA,1
UC6PvO1_k5lHKGdAPo5_C6TA,UCj-LL25XJnjxepPKCc3NGog,1
UC6PvO1_k5lHKGdAPo5_C6TA,UChgkn5Jt5tWKYMoEOuCjz3Q,1
UC6PvO1_k5lHKGdAPo5_C6TA,UCLggDc_a5HriXv7I1h02sOA,1
UC6PvO1_k5lHKGdAPo5_C6TA,UC3NMzdMYryaw82kPTnsaljg,1
UC6PvO1_k5lHKGdAPo5_C6TA,UCylqlpsh8ENNM1LqgQ1KbxA,1
UC6PvO1_k5lHKGdAPo5_C6TA,UCCaYwkkbQGcvFoUmothVdQQ,1
UC6PvO1_k5lHKGdAPo5_C6TA,UC9vMq1YF-e7C-VO0SHkbUTA,1
UC6PvO1_k5lHKGdAPo5_C6TA,UCr1emrogPKkKTs_WTtx71xg,1
UC6PvO1_k5lHKGdAPo5_C6TA,UCV0iizTBoOfdAFX_thfI9BA,1
UC6PvO1_k5lHKGdAPo5_C6TA,UCTylKrsqkrBKIqubMu_5N0Q,1
UC6PvO1_k5lHKGdAPo5_C6TA,UCDUffaruH6dyUnUGwsTKpgg,1
UC6PvO1_k5lHKGdAPo5_C6TA,UCN6qbfPSzFtjhqUDZ3Cv3CQ,1
UC6PvO1_k5lHKGdAPo5_C6TA,UCplrIQtaPj6au60_f2-mOYw,1
UC6PvO1_k5lHKGdAPo5_C6TA,UCLFdHr9BEbXHkoJopbEPLZw,1
UC6PvO1_k5lHKGdAPo5_C6TA,UCipetjeiWj4CZB6EbyYziZg,1
UC6PvO1_k5lHKGdAPo5_C6TA,UCXSkL3ejZ8qWYyF_M7s_QKA,1
UC6PvO1_k5lHKGdAPo5_C6TA,UCueV9cTyTDwgQSec1x2dYgA,1
UC6PvO1_k5lHKGdAPo5_C6TA,UCFjudnPLoaSL1BaRuLahyHg,1
UC6PvO1_k5lHKGdAPo5_C6TA,UCFxE8GbokBrBsPEKM1xrOjQ,1
UC6PvO1_k5lHKGdAPo5_C6TA,UCDIMztpVm7G27qBuiWuT6oQ,1
UC6PvO1_k5lHKGdAPo5_C6TA,UC-jS_kA9w-OmpupXDx156Rg,1
UC6PvO1_k5lHKGdAPo5_C6TA,UCsjs5Hp_r86x1xbK6FAeqaA,1
UC6PvO1_k5lHKGdAPo5_C6TA,UCQqetiwzzmRNTM5OWuXarGQ,1
UC6PvO1_k5lHKGdAPo5_C6TA,UCQtSFINs1h6GHkpg9o5kMvg,1
UC6PvO1_k5lHKGdAPo5_C6TA,UCsUCN0Yq_UyTvKjOJLmNrnQ,1
UC6PvO1_k5lHKGdAPo5_C6TA,UCAlzM_N6xBlMYmM8EBzX86Q,1
UC6PvO1_k5lHKGdAPo5_C6TA,UCfM3nrxtTQMY5jFx1v1J4Gg,1
UC6PvO1_k5lHKGdAPo5_C6TA,UCFhxtoeARHPnXXPcDrOU3Xg,1
UC6PvO1_k5lHKGdAPo5_C6TA,UCNBnKqWf4d-rS4HwJRQljmQ,1
UC6PvO1_k5lHKGdAPo5_C6TA,UC650pRT-OYzny3GwOH8Cgfw,1
UC6PvO1_k5lHKGdAPo5_C6TA,UCxff05WuyvwELNITi7bj7UA,1
UC6PvO1_k5lHKGdAPo5_C6TA,UC-pNP6RMFuLg_-x7Ah_0kEA,1
UC6PvO1_k5lHKGdAPo5_C6TA,UCGzXwyCzMzGmjmCbH3Hg01Q,1
UC6PvO1_k5lHKGdAPo5_C6TA,UCQtICyzWmhC5woCtbNgaSmg,1
UC6PvO1_k5lHKGdAPo5_C6TA,UCTD6q1nyIe3Y7HhqjaMj72w,1
UC6PvO1_k5lHKGdAPo5_C6TA,UCpsKOkt5iWTbenzeuq7dsmQ,1
UC6PvO1_k5lHKGdAPo5_C6TA,UCHTGCgY2l-DQJIvlA_cpa_Q,1
UC6PvO1_k5lHKGdAPo5_C6TA,UCi1b_TRQfgO1Z9O2gNGGWNA,1
UC6PvO1_k5lHKGdAPo5_C6TA,UCZLG9qH0tUjNhEGFIUt0CYw,1
UC6PvO1_k5lHKGdAPo5_C6TA,UCzoL2l5H5eVlorWGH8AZfAg,1
UC6PvO1_k5lHKGdAPo5_C6TA,UCKDR0f2fu2UzWL8mBv5-BHw,1
UC6PvO1_k5lHKGdAPo5_C6TA,UCjmPuazZJzscrwvk0QR9RVw,1
UC6PvO1_k5lHKGdAPo5_C6TA,UCwha8rxULYMVtNwZWeSkE1A,1
UC6PvO1_k5lHKGdAPo5_C6TA,UCQ_-LPP8JAbfkc-b1Q6NvWw,1
UC6PvO1_k5lHKGdAPo5_C6TA,UCHhHUjaMAZ8SiXdCUCj9DkQ,1
UC6PvO1_k5lHKGdAPo5_C6TA,UCRelkU8JiZBytTzebJxaa-w,1
UC6PvO1_k5lHKGdAPo5_C6TA,UC72gBAtyb_VXQlYDcFrh6oQ,1
UC6PvO1_k5lHKGdAPo5_C6TA,UC3MYTqpQqlWBuCB7Th0e0PA,1
UC6PvO1_k5lHKGdAPo5_C6TA,UCZ51R_9Q9C0c8I3pAWhtmjQ,1
UC6PvO1_k5lHKGdAPo5_C6TA,UCujPF2nBgsTD62nWE3lcpIg,1
UC6PvO1_k5lHKGdAPo5_C6TA,UC9xr9QvIcDvoZNUX5f-jaZw,1
UC6PvO1_k5lHKGdAPo5_C6TA,UCpl8rF8uv_8uui-QRvuJaRA,1
UC6PvO1_k5lHKGdAPo5_C6TA,UCYN4wSQ1Sx4_LurxLlW7MPg,1
UC6PvO1_k5lHKGdAPo5_C6TA,UC1vr9aaMI2crB0NvwFHUeoQ,1
UC6PvO1_k5lHKGdAPo5_C6TA,UCOh6DaZC_x9HASnlRylEMfw,1
UC6PvO1_k5lHKGdAPo5_C6TA,UCTP3O0rMnc8z8v8jaDQwL0w,1
UC6PvO1_k5lHKGdAPo5_C6TA,UChep9kVb5gQmpodEEl10Xlg,1
UC6PvO1_k5lHKGdAPo5_C6TA,UCFoIAE8k82D6AV-8gjjKaNg,1
UCHTGCgY2l-DQJIvlA_cpa_Q,UCSou6a2OuYGSvPjm5psquyA,1
UCHTGCgY2l-DQJIvlA_cpa_Q,UC2weSE8rpqkGMOp6StYtVfg,1
UCHTGCgY2l-DQJIvlA_cpa_Q,UCiGRBf2RNF0WRKhRVT7zFoA,1
UCHTGCgY2l-DQJIvlA_cpa_Q,UCpIdtvoFHVLGASGB5ySqIEA,1
UCHTGCgY2l-DQJIvlA_cpa_Q,UC8F2V63KZ4ZEay6opX2hAQw,1
UCHTGCgY2l-DQJIvlA_cpa_Q,UC3E9mAgP7VoAE5mZoAexl5g,1
UCHTGCgY2l-DQJIvlA_cpa_Q,UCErZPJpHmLCsXs8ZWkAUupQ,1
UCHTGCgY2l-DQJIvlA_cpa_Q,UCut6b9S98nv84cVX89PmKzA,1
UCHTGCgY2l-DQJIvlA_cpa_Q,UCXXh7yg5KUFIWylTiKVEFKQ,1
UCHTGCgY2l-DQJIvlA_cpa_Q,UCDPWkUX3sNNaCx-m1dV4glA,1
UCHTGCgY2l-DQJIvlA_cpa_Q,UCg3eIfd7BrsLEqS0BLkftHA,1
UCHTGCgY2l-DQJIvlA_cpa_Q,UCNkcuy42zEwddwEcOd_HpnA,1
UCHTGCgY2l-DQJIvlA_cpa_Q,UCz3gu01bmjNv0DpRq-K3XYg,1
UCHTGCgY2l-DQJIvlA_cpa_Q,UCp4iw5_5SmV9VGTFSNVGOmQ,1
UCHTGCgY2l-DQJIvlA_cpa_Q,UCWIZUtKJ636y-4TYrNvok0g,1
UCHTGCgY2l-DQJIvlA_cpa_Q,UCvApqeCbLod-wejtT4CcVuA,1
UCHTGCgY2l-DQJIvlA_cpa_Q,UCgvw7xIdGFupzpt1Y_BFkEA,1
UCHTGCgY2l-DQJIvlA_cpa_Q,UCtUR3_CAiE7fCoZHM6cMfyQ,1
UCHTGCgY2l-DQJIvlA_cpa_Q,UCPZueDLrCS4BmTBRMA4q0fA,1
UCHTGCgY2l-DQJIvlA_cpa_Q,UCmvOgzmmXbjUthHy-WJ52hQ,1
UCHTGCgY2l-DQJIvlA_cpa_Q,UCtNfIBnc5S5DbbQj_yxgJTw,1
UCHTGCgY2l-DQJIvlA_cpa_Q,UCusjriFsDHEc2AOjqk-p5ig,1
UCHTGCgY2l-DQJIvlA_cpa_Q,UCmjppp6ujz3SAnULvP3sZMw,1
UCHTGCgY2l-DQJIvlA_cpa_Q,UCYwpX26TrCxq8TvbKGRYLXA,1
UCHTGCgY2l-DQJIvlA_cpa_Q,UCL13XhnRzbGokEkCkEOb0-g,1
UCHTGCgY2l-DQJIvlA_cpa_Q,UChZknRmJkeGeQk0-mQuhDOg,1
UCHTGCgY2l-DQJIvlA_cpa_Q,UCThW2XNsAaBKme5PUt7n-Zg,1
UCHTGCgY2l-DQJIvlA_cpa_Q,UC5bG9nc_JV3FsNP2KseQiYw,1
UCHTGCgY2l-DQJIvlA_cpa_Q,UCL1MT278vSaQ83ZDkVWn1gw,1
UCHTGCgY2l-DQJIvlA_cpa_Q,UCh5ESQvtzyHDhCA7XyekCFA,1
UCHTGCgY2l-DQJIvlA_cpa_Q,UCDftMWXQoJ6nONfY7GVOVjg,1
UCHTGCgY2l-DQJIvlA_cpa_Q,UC8r11yOugM2NuRfitQOxLLg,1
UCHTGCgY2l-DQJIvlA_cpa_Q,UCzSfZlOVxBSs5ObD25ywxDQ,1
UCHTGCgY2l-DQJIvlA_cpa_Q,UClsrFGJKWPxxw7MiaEdKLXw,1
UCHTGCgY2l-DQJIvlA_cpa_Q,UC8G5cJONY8L9voMyBW8Eoug,1
UCHTGCgY2l-DQJIvlA_cpa_Q,UCsJJAvrVGupdmhOqgtDp8dg,1
UCHTGCgY2l-DQJIvlA_cpa_Q,UCEgEQmRbtL5fwr9_DqAC--g,1
UCHTGCgY2l-DQJIvlA_cpa_Q,UC8xlJWNHz1V_W6q3fbuQH8g,1
UCHTGCgY2l-DQJIvlA_cpa_Q,UCQgYjVngJRfPHDLGB5X6ZjA,1
UCHTGCgY2l-DQJIvlA_cpa_Q,UCAmtbUiIrUIhikru0ZoTFig,1
UCHTGCgY2l-DQJIvlA_cpa_Q,UCB5p8a5gklc80jJItP6xTHg,1
UCHTGCgY2l-DQJIvlA_cpa_Q,UC4cXueR2bKGFJV0Fk76gwmA,1
UCHTGCgY2l-DQJIvlA_cpa_Q,UCGX_UbAQOXGZknv5iqklwTA,1
UCHTGCgY2l-DQJIvlA_cpa_Q,UCiMythXHsw7eQEMykCdmMUA,1
UCHTGCgY2l-DQJIvlA_cpa_Q,UCUIIIPTVDVHAXqhC_5V6lPA,1
UCHTGCgY2l-DQJIvlA_cpa_Q,UCRlCV9zSn7avAWh-9_XFWqQ,1
UCHTGCgY2l-DQJIvlA_cpa_Q,UCgQJgI9vu1FI2dnC9mrFthw,1
UCHTGCgY2l-DQJIvlA_cpa_Q,UCDQaQv0hr2SS_PO-CMEwVHg,1
UCHTGCgY2l-DQJIvlA_cpa_Q,UCDlr1VadSucIZgZ171pRBjQ,1
UCHTGCgY2l-DQJIvlA_cpa_Q,UC7VUuJr9cGh845CmTvf7TlQ,1
UCHTGCgY2l-DQJIvlA_cpa_Q,UCA93ym2TXs_Ibyxb4Vcn-6Q,1
UCHTGCgY2l-DQJIvlA_cpa_Q,UCXgr7vXlRrsaskPdo097kGA,1
UCHTGCgY2l-DQJIvlA_cpa_Q,UCj-LL25XJnjxepPKCc3NGog,1
UCHTGCgY2l-DQJIvlA_cpa_Q,UChgkn5Jt5tWKYMoEOuCjz3Q,1
UCHTGCgY2l-DQJIvlA_cpa_Q,UCLggDc_a5HriXv7I1h02sOA,1
UCHTGCgY2l-DQJIvlA_cpa_Q,UCzZ6dDCEsLMXbc5pCFXIprw,1
UCHTGCgY2l-DQJIvlA_cpa_Q,UC3NMzdMYryaw82kPTnsaljg,1
UCHTGCgY2l-DQJIvlA_cpa_Q,UCylqlpsh8ENNM1LqgQ1KbxA,1
UCHTGCgY2l-DQJIvlA_cpa_Q,UCCaYwkkbQGcvFoUmothVdQQ,1
UCHTGCgY2l-DQJIvlA_cpa_Q,UC9vMq1YF-e7C-VO0SHkbUTA,1
UCHTGCgY2l-DQJIvlA_cpa_Q,UCr1emrogPKkKTs_WTtx71xg,1
UCHTGCgY2l-DQJIvlA_cpa_Q,UCV0iizTBoOfdAFX_thfI9BA,1
UCHTGCgY2l-DQJIvlA_cpa_Q,UCTylKrsqkrBKIqubMu_5N0Q,1
UCHTGCgY2l-DQJIvlA_cpa_Q,UCDUffaruH6dyUnUGwsTKpgg,1
UCHTGCgY2l-DQJIvlA_cpa_Q,UCf5lnNZF7Qrtli9v4N_23WQ,1
UCHTGCgY2l-DQJIvlA_cpa_Q,UCN6qbfPSzFtjhqUDZ3Cv3CQ,1
UCHTGCgY2l-DQJIvlA_cpa_Q,UCplrIQtaPj6au60_f2-mOYw,1
UCHTGCgY2l-DQJIvlA_cpa_Q,UCLFdHr9BEbXHkoJopbEPLZw,1
UCHTGCgY2l-DQJIvlA_cpa_Q,UCipetjeiWj4CZB6EbyYziZg,1
UCHTGCgY2l-DQJIvlA_cpa_Q,UCXSkL3ejZ8qWYyF_M7s_QKA,1
UCHTGCgY2l-DQJIvlA_cpa_Q,UCueV9cTyTDwgQSec1x2dYgA,1
UCHTGCgY2l-DQJIvlA_cpa_Q,UCFjudnPLoaSL1BaRuLahyHg,1
UCHTGCgY2l-DQJIvlA_cpa_Q,UCFxE8GbokBrBsPEKM1xrOjQ,1
UCHTGCgY2l-DQJIvlA_cpa_Q,UCDIMztpVm7G27qBuiWuT6oQ,1
UCHTGCgY2l-DQJIvlA_cpa_Q,UC-jS_kA9w-OmpupXDx156Rg,1
UCHTGCgY2l-DQJIvlA_cpa_Q,UCsjs5Hp_r86x1xbK6FAeqaA,1
UCHTGCgY2l-DQJIvlA_cpa_Q,UCQqetiwzzmRNTM5OWuXarGQ,1
UCHTGCgY2l-DQJIvlA_cpa_Q,UCQtSFINs1h6GHkpg9o5kMvg,1
UCHTGCgY2l-DQJIvlA_cpa_Q,UCAV7QIjYhbDJaycQycM_0eQ,1
UCHTGCgY2l-DQJIvlA_cpa_Q,UCsUCN0Yq_UyTvKjOJLmNrnQ,1
UCHTGCgY2l-DQJIvlA_cpa_Q,UCAlzM_N6xBlMYmM8EBzX86Q,1
UCHTGCgY2l-DQJIvlA_cpa_Q,UCfM3nrxtTQMY5jFx1v1J4Gg,1
UCHTGCgY2l-DQJIvlA_cpa_Q,UCFhxtoeARHPnXXPcDrOU3Xg,1
UCHTGCgY2l-DQJIvlA_cpa_Q,UC1Y7x3h0c95Z8kUhi-Tzaeg,1
UCHTGCgY2l-DQJIvlA_cpa_Q,UCNIeXbV_mEwpa412h1aqUWw,1
UCHTGCgY2l-DQJIvlA_cpa_Q,UCNBnKqWf4d-rS4HwJRQljmQ,1
UCHTGCgY2l-DQJIvlA_cpa_Q,UC650pRT-OYzny3GwOH8Cgfw,1
UCHTGCgY2l-DQJIvlA_cpa_Q,UCxff05WuyvwELNITi7bj7UA,1
UCHTGCgY2l-DQJIvlA_cpa_Q,UC-pNP6RMFuLg_-x7Ah_0kEA,1
UCHTGCgY2l-DQJIvlA_cpa_Q,UCGzXwyCzMzGmjmCbH3Hg01Q,1
UCHTGCgY2l-DQJIvlA_cpa_Q,UCQtICyzWmhC5woCtbNgaSmg,1
UCHTGCgY2l-DQJIvlA_cpa_Q,UCTD6q1nyIe3Y7HhqjaMj72w,1
UCHTGCgY2l-DQJIvlA_cpa_Q,UCpsKOkt5iWTbenzeuq7dsmQ,1
UCHTGCgY2l-DQJIvlA_cpa_Q,UCi1b_TRQfgO1Z9O2gNGGWNA,1
UCHTGCgY2l-DQJIvlA_cpa_Q,UCZLG9qH0tUjNhEGFIUt0CYw,1
UCHTGCgY2l-DQJIvlA_cpa_Q,UCzoL2l5H5eVlorWGH8AZfAg,1
UCHTGCgY2l-DQJIvlA_cpa_Q,UCKDR0f2fu2UzWL8mBv5-BHw,1
UCHTGCgY2l-DQJIvlA_cpa_Q,UC7IMsCxfZyWN7YQo8-JYa6Q,1
UCHTGCgY2l-DQJIvlA_cpa_Q,UCjmPuazZJzscrwvk0QR9RVw,1
UCHTGCgY2l-DQJIvlA_cpa_Q,UCwha8rxULYMVtNwZWeSkE1A,1
UCHTGCgY2l-DQJIvlA_cpa_Q,UCQ_-LPP8JAbfkc-b1Q6NvWw,1
UCHTGCgY2l-DQJIvlA_cpa_Q,UCHhHUjaMAZ8SiXdCUCj9DkQ,1
UCHTGCgY2l-DQJIvlA_cpa_Q,UCRelkU8JiZBytTzebJxaa-w,1
UCHTGCgY2l-DQJIvlA_cpa_Q,UC72gBAtyb_VXQlYDcFrh6oQ,1
UCHTGCgY2l-DQJIvlA_cpa_Q,UCVQf0tzL7xRzFJsABVVULpg,1
UCHTGCgY2l-DQJIvlA_cpa_Q,UC3MYTqpQqlWBuCB7Th0e0PA,1
UCHTGCgY2l-DQJIvlA_cpa_Q,UCZ51R_9Q9C0c8I3pAWhtmjQ,1
UCHTGCgY2l-DQJIvlA_cpa_Q,UCujPF2nBgsTD62nWE3lcpIg,1
UCHTGCgY2l-DQJIvlA_cpa_Q,UC9xr9QvIcDvoZNUX5f-jaZw,1
UCHTGCgY2l-DQJIvlA_cpa_Q,UCpl8rF8uv_8uui-QRvuJaRA,1
UCHTGCgY2l-DQJIvlA_cpa_Q,UCYN4wSQ1Sx4_LurxLlW7MPg,1
UCHTGCgY2l-DQJIvlA_cpa_Q,UC1vr9aaMI2crB0NvwFHUeoQ,1
UCHTGCgY2l-DQJIvlA_cpa_Q,UCOh6DaZC_x9HASnlRylEMfw,1
UCHTGCgY2l-DQJIvlA_cpa_Q,UCtNyHmRZtvGF2hSvI2dUBWw,1
UCHTGCgY2l-DQJIvlA_cpa_Q,UCTP3O0rMnc8z8v8jaDQwL0w,1
UCHTGCgY2l-DQJIvlA_cpa_Q,UChep9kVb5gQmpodEEl10Xlg,1
UCHTGCgY2l-DQJIvlA_cpa_Q,UCFoIAE8k82D6AV-8gjjKaNg,1
UCAKuKvcbfnBD3kF5njNu-IA,UCDrmf9y9nLgFY5wnA2hTuGA,1
UCAKuKvcbfnBD3kF5njNu-IA,UCQqlPPUGqAfWjd-FSh_qn7Q,1
UCAKuKvcbfnBD3kF5njNu-IA,UCZeIIQrGAedW8tCbKWmGY-A,1
UCAKuKvcbfnBD3kF5njNu-IA,UClhMWQ7XKWywYvbRnuf8QsA,1
UCAKuKvcbfnBD3kF5njNu-IA,UC816IGbFCZinfYS1LRDaaHg,1
UCAKuKvcbfnBD3kF5njNu-IA,UCuXmOjxC-htcprLgeVXz6Tg,1
UCAKuKvcbfnBD3kF5njNu-IA,UC5hvEnRUzI4Kfvwnyi4QxqQ,1
UCAKuKvcbfnBD3kF5njNu-IA,UCgJNFj5dnxXpcMvmuhZDPxA,1
UCAKuKvcbfnBD3kF5njNu-IA,UCylqlpsh8ENNM1LqgQ1KbxA,1
UCAKuKvcbfnBD3kF5njNu-IA,UC-fiZBS5Gp1eCJd9ucgWnCg,1
UCAKuKvcbfnBD3kF5njNu-IA,UCe8JZoYkX5oKUZyivHYdXhw,1
UCAKuKvcbfnBD3kF5njNu-IA,UCkVtmkK07b2zaVVNssX4lOg,1
UCAKuKvcbfnBD3kF5njNu-IA,UCpe5jW3MIqkgTJ-PgkzvM6Q,1
UCAKuKvcbfnBD3kF5njNu-IA,UCdFlugHJJa4l3YqWuNRmvXw,1
UCAKuKvcbfnBD3kF5njNu-IA,UCpsKOkt5iWTbenzeuq7dsmQ,1
UCAKuKvcbfnBD3kF5njNu-IA,UCu8_3-Wg-YzNyvHYQDEscfw,1
UCAKuKvcbfnBD3kF5njNu-IA,UC_LYoGs5C3mbZKZuKuqYCvw,1
UCAKuKvcbfnBD3kF5njNu-IA,UCsGoJEvb-cFPZ2rWoJcXzEQ,1
UCAKuKvcbfnBD3kF5njNu-IA,UColMq7LmaoY3MT6aIDGrGvA,1
UCAKuKvcbfnBD3kF5njNu-IA,UCwgCc9Jd_gG-uLE_SY-FfPg,1
UCAKuKvcbfnBD3kF5njNu-IA,UCgQw_Sbq3ugruDUKsq1e0-A,1
UCAKuKvcbfnBD3kF5njNu-IA,UCV0lM03g5fg5pbPj97-sAtA,1
UCAKuKvcbfnBD3kF5njNu-IA,UC6Uj1FT5JjDSF8vudvDxPAA,1
UCAKuKvcbfnBD3kF5njNu-IA,UCRAquv8el-tQ30bN7MlmySQ,1
UCAKuKvcbfnBD3kF5njNu-IA,UC4Avya4kmR4Q0FrfFdBozSQ,1
UCAKuKvcbfnBD3kF5njNu-IA,UCkbsS_3D-pvg1iHOld9uvIg,1
UCAKuKvcbfnBD3kF5njNu-IA,UCRvPToDkkumha7WJAfCDk1A,1
UCAKuKvcbfnBD3kF5njNu-IA,UC1DpqK6vaPEkBOMNvypsKYg,1
UCAKuKvcbfnBD3kF5njNu-IA,UCW80DaMjQlEUibC98Cot-Dg,1
UCAKuKvcbfnBD3kF5njNu-IA,UCqCrvuoJpC-aVb0f4logQRQ,1
UCAKuKvcbfnBD3kF5njNu-IA,UCCBYcToQ2dwkd6TJh0FSyDg,1
UCAKuKvcbfnBD3kF5njNu-IA,UCNpt5CQlTzNjlAKY6CJtClQ,1
UCAKuKvcbfnBD3kF5njNu-IA,UCGGHbtfbbe0o68etrOf0qxw,1
UCAKuKvcbfnBD3kF5njNu-IA,UCQyOePccUP-fIJYzchAgZYw,1
UCAKuKvcbfnBD3kF5njNu-IA,UCaKAjTW9MVub_clgr4DRYjQ,1
UCAKuKvcbfnBD3kF5njNu-IA,UClqA491Xa5fQcXcJJa-vTWw,1
UCAKuKvcbfnBD3kF5njNu-IA,UCWoAVGVqCn4xtINCMOTM4jg,1
UCAKuKvcbfnBD3kF5njNu-IA,UCiC-Jn7wdgyQV4_Urk0DkWQ,1
UC7IMsCxfZyWN7YQo8-JYa6Q,UCNIeXbV_mEwpa412h1aqUWw,1
UC7IMsCxfZyWN7YQo8-JYa6Q,UCzZ6dDCEsLMXbc5pCFXIprw,1
UC7IMsCxfZyWN7YQo8-JYa6Q,UCVQf0tzL7xRzFJsABVVULpg,1
UC7IMsCxfZyWN7YQo8-JYa6Q,UClsrFGJKWPxxw7MiaEdKLXw,1
UC7IMsCxfZyWN7YQo8-JYa6Q,UCPZueDLrCS4BmTBRMA4q0fA,1
UC7IMsCxfZyWN7YQo8-JYa6Q,UCGX_UbAQOXGZknv5iqklwTA,1
UC7IMsCxfZyWN7YQo8-JYa6Q,UCusjriFsDHEc2AOjqk-p5ig,1
UC7IMsCxfZyWN7YQo8-JYa6Q,UCAV7QIjYhbDJaycQycM_0eQ,1
UC7IMsCxfZyWN7YQo8-JYa6Q,UCf5lnNZF7Qrtli9v4N_23WQ,1
UC7IMsCxfZyWN7YQo8-JYa6Q,UCtNyHmRZtvGF2hSvI2dUBWw,1
UC7IMsCxfZyWN7YQo8-JYa6Q,UCgQJgI9vu1FI2dnC9mrFthw,1
UC7IMsCxfZyWN7YQo8-JYa6Q,UC8xlJWNHz1V_W6q3fbuQH8g,1
UC7IMsCxfZyWN7YQo8-JYa6Q,UC1Y7x3h0c95Z8kUhi-Tzaeg,1
UC7IMsCxfZyWN7YQo8-JYa6Q,UCg3eIfd7BrsLEqS0BLkftHA,1
UC4Avya4kmR4Q0FrfFdBozSQ,UCDrmf9y9nLgFY5wnA2hTuGA,1
UC4Avya4kmR4Q0FrfFdBozSQ,UCQqlPPUGqAfWjd-FSh_qn7Q,1
UC4Avya4kmR4Q0FrfFdBozSQ,UCZeIIQrGAedW8tCbKWmGY-A,1
UC4Avya4kmR4Q0FrfFdBozSQ,UClhMWQ7XKWywYvbRnuf8QsA,1
UC4Avya4kmR4Q0FrfFdBozSQ,UC816IGbFCZinfYS1LRDaaHg,1
UC4Avya4kmR4Q0FrfFdBozSQ,UCuXmOjxC-htcprLgeVXz6Tg,1
UC4Avya4kmR4Q0FrfFdBozSQ,UC5hvEnRUzI4Kfvwnyi4QxqQ,1
UC4Avya4kmR4Q0FrfFdBozSQ,UCgJNFj5dnxXpcMvmuhZDPxA,1
UC4Avya4kmR4Q0FrfFdBozSQ,UCylqlpsh8ENNM1LqgQ1KbxA,1
UC4Avya4kmR4Q0FrfFdBozSQ,UC-fiZBS5Gp1eCJd9ucgWnCg,1
UC4Avya4kmR4Q0FrfFdBozSQ,UCe8JZoYkX5oKUZyivHYdXhw,1
UC4Avya4kmR4Q0FrfFdBozSQ,UCkVtmkK07b2zaVVNssX4lOg,1
UC4Avya4kmR4Q0FrfFdBozSQ,UCpe5jW3MIqkgTJ-PgkzvM6Q,1
UC4Avya4kmR4Q0FrfFdBozSQ,UCdFlugHJJa4l3YqWuNRmvXw,1
UC4Avya4kmR4Q0FrfFdBozSQ,UCpsKOkt5iWTbenzeuq7dsmQ,1
UC4Avya4kmR4Q0FrfFdBozSQ,UCu8_3-Wg-YzNyvHYQDEscfw,1
UC4Avya4kmR4Q0FrfFdBozSQ,UC_LYoGs5C3mbZKZuKuqYCvw,1
UC4Avya4kmR4Q0FrfFdBozSQ,UCsGoJEvb-cFPZ2rWoJcXzEQ,1
UC4Avya4kmR4Q0FrfFdBozSQ,UColMq7LmaoY3MT6aIDGrGvA,1
UC4Avya4kmR4Q0FrfFdBozSQ,UCwgCc9Jd_gG-uLE_SY-FfPg,1
UC4Avya4kmR4Q0FrfFdBozSQ,UCgQw_Sbq3ugruDUKsq1e0-A,1
UC4Avya4kmR4Q0FrfFdBozSQ,UCV0lM03g5fg5pbPj97-sAtA,1
UC4Avya4kmR4Q0FrfFdBozSQ,UC6Uj1FT5JjDSF8vudvDxPAA,1
UC4Avya4kmR4Q0FrfFdBozSQ,UCRAquv8el-tQ30bN7MlmySQ,1
UC4Avya4kmR4Q0FrfFdBozSQ,UCkbsS_3D-pvg1iHOld9uvIg,1
UC4Avya4kmR4Q0FrfFdBozSQ,UCRvPToDkkumha7WJAfCDk1A,1
UC4Avya4kmR4Q0FrfFdBozSQ,UC1DpqK6vaPEkBOMNvypsKYg,1
UC4Avya4kmR4Q0FrfFdBozSQ,UCW80DaMjQlEUibC98Cot-Dg,1
UC4Avya4kmR4Q0FrfFdBozSQ,UCqCrvuoJpC-aVb0f4logQRQ,1
UC4Avya4kmR4Q0FrfFdBozSQ,UCCBYcToQ2dwkd6TJh0FSyDg,1
UC4Avya4kmR4Q0FrfFdBozSQ,UCNpt5CQlTzNjlAKY6CJtClQ,1
UC4Avya4kmR4Q0FrfFdBozSQ,UCGGHbtfbbe0o68etrOf0qxw,1
UC4Avya4kmR4Q0FrfFdBozSQ,UCQyOePccUP-fIJYzchAgZYw,1
UC4Avya4kmR4Q0FrfFdBozSQ,UCaKAjTW9MVub_clgr4DRYjQ,1
UC4Avya4kmR4Q0FrfFdBozSQ,UClqA491Xa5fQcXcJJa-vTWw,1
UC4Avya4kmR4Q0FrfFdBozSQ,UCWoAVGVqCn4xtINCMOTM4jg,1
UC4Avya4kmR4Q0FrfFdBozSQ,UCiC-Jn7wdgyQV4_Urk0DkWQ,1
UCkbsS_3D-pvg1iHOld9uvIg,UCDrmf9y9nLgFY5wnA2hTuGA,1
UCkbsS_3D-pvg1iHOld9uvIg,UCQqlPPUGqAfWjd-FSh_qn7Q,1
UCkbsS_3D-pvg1iHOld9uvIg,UCZeIIQrGAedW8tCbKWmGY-A,1
UCkbsS_3D-pvg1iHOld9uvIg,UClhMWQ7XKWywYvbRnuf8QsA,1
UCkbsS_3D-pvg1iHOld9uvIg,UC816IGbFCZinfYS1LRDaaHg,1
UCkbsS_3D-pvg1iHOld9uvIg,UCuXmOjxC-htcprLgeVXz6Tg,1
UCkbsS_3D-pvg1iHOld9uvIg,UC5hvEnRUzI4Kfvwnyi4QxqQ,1
UCkbsS_3D-pvg1iHOld9uvIg,UCgJNFj5dnxXpcMvmuhZDPxA,1
UCkbsS_3D-pvg1iHOld9uvIg,UCylqlpsh8ENNM1LqgQ1KbxA,1
UCkbsS_3D-pvg1iHOld9uvIg,UC-fiZBS5Gp1eCJd9ucgWnCg,1
UCkbsS_3D-pvg1iHOld9uvIg,UCe8JZoYkX5oKUZyivHYdXhw,1
UCkbsS_3D-pvg1iHOld9uvIg,UCkVtmkK07b2zaVVNssX4lOg,1
UCkbsS_3D-pvg1iHOld9uvIg,UCpe5jW3MIqkgTJ-PgkzvM6Q,1
UCkbsS_3D-pvg1iHOld9uvIg,UCdFlugHJJa4l3YqWuNRmvXw,1
UCkbsS_3D-pvg1iHOld9uvIg,UCpsKOkt5iWTbenzeuq7dsmQ,1
UCkbsS_3D-pvg1iHOld9uvIg,UCu8_3-Wg-YzNyvHYQDEscfw,1
UCkbsS_3D-pvg1iHOld9uvIg,UC_LYoGs5C3mbZKZuKuqYCvw,1
UCkbsS_3D-pvg1iHOld9uvIg,UCsGoJEvb-cFPZ2rWoJcXzEQ,1
UCkbsS_3D-pvg1iHOld9uvIg,UColMq7LmaoY3MT6aIDGrGvA,1
UCkbsS_3D-pvg1iHOld9uvIg,UCwgCc9Jd_gG-uLE_SY-FfPg,1
UCkbsS_3D-pvg1iHOld9uvIg,UCgQw_Sbq3ugruDUKsq1e0-A,1
UCkbsS_3D-pvg1iHOld9uvIg,UCV0lM03g5fg5pbPj97-sAtA,1
UCkbsS_3D-pvg1iHOld9uvIg,UC6Uj1FT5JjDSF8vudvDxPAA,1
UCkbsS_3D-pvg1iHOld9uvIg,UCRAquv8el-tQ30bN7MlmySQ,1
UCkbsS_3D-pvg1iHOld9uvIg,UCRvPToDkkumha7WJAfCDk1A,1
UCkbsS_3D-pvg1iHOld9uvIg,UC1DpqK6vaPEkBOMNvypsKYg,1
UCkbsS_3D-pvg1iHOld9uvIg,UCW80DaMjQlEUibC98Cot-Dg,1
UCkbsS_3D-pvg1iHOld9uvIg,UCqCrvuoJpC-aVb0f4logQRQ,1
UCkbsS_3D-pvg1iHOld9uvIg,UCCBYcToQ2dwkd6TJh0FSyDg,1
UCkbsS_3D-pvg1iHOld9uvIg,UCNpt5CQlTzNjlAKY6CJtClQ,1
UCkbsS_3D-pvg1iHOld9uvIg,UCGGHbtfbbe0o68etrOf0qxw,1
UCkbsS_3D-pvg1iHOld9uvIg,UCQyOePccUP-fIJYzchAgZYw,1
UCkbsS_3D-pvg1iHOld9uvIg,UCaKAjTW9MVub_clgr4DRYjQ,1
UCkbsS_3D-pvg1iHOld9uvIg,UClqA491Xa5fQcXcJJa-vTWw,1
UCkbsS_3D-pvg1iHOld9uvIg,UCWoAVGVqCn4xtINCMOTM4jg,1
UCkbsS_3D-pvg1iHOld9uvIg,UCiC-Jn7wdgyQV4_Urk0DkWQ,1
UC72gBAtyb_VXQlYDcFrh6oQ,UCSou6a2OuYGSvPjm5psquyA,1
UC72gBAtyb_VXQlYDcFrh6oQ,UC2weSE8rpqkGMOp6StYtVfg,1
UC72gBAtyb_VXQlYDcFrh6oQ,UCiGRBf2RNF0WRKhRVT7zFoA,1
UC72gBAtyb_VXQlYDcFrh6oQ,UCpIdtvoFHVLGASGB5ySqIEA,1
UC72gBAtyb_VXQlYDcFrh6oQ,UC8F2V63KZ4ZEay6opX2hAQw,1
UC72gBAtyb_VXQlYDcFrh6oQ,UC3E9mAgP7VoAE5mZoAexl5g,1
UC72gBAtyb_VXQlYDcFrh6oQ,UCErZPJpHmLCsXs8ZWkAUupQ,1
UC72gBAtyb_VXQlYDcFrh6oQ,UCut6b9S98nv84cVX89PmKzA,1
UC72gBAtyb_VXQlYDcFrh6oQ,UCXXh7yg5KUFIWylTiKVEFKQ,1
UC72gBAtyb_VXQlYDcFrh6oQ,UCDPWkUX3sNNaCx-m1dV4glA,1
UC72gBAtyb_VXQlYDcFrh6oQ,UCNkcuy42zEwddwEcOd_HpnA,1
UC72gBAtyb_VXQlYDcFrh6oQ,UCz3gu01bmjNv0DpRq-K3XYg,1
UC72gBAtyb_VXQlYDcFrh6oQ,UCp4iw5_5SmV9VGTFSNVGOmQ,1
UC72gBAtyb_VXQlYDcFrh6oQ,UCWIZUtKJ636y-4TYrNvok0g,1
UC72gBAtyb_VXQlYDcFrh6oQ,UCvApqeCbLod-wejtT4CcVuA,1
UC72gBAtyb_VXQlYDcFrh6oQ,UCgvw7xIdGFupzpt1Y_BFkEA,1
UC72gBAtyb_VXQlYDcFrh6oQ,UCtUR3_CAiE7fCoZHM6cMfyQ,1
UC72gBAtyb_VXQlYDcFrh6oQ,UCmvOgzmmXbjUthHy-WJ52hQ,1
UC72gBAtyb_VXQlYDcFrh6oQ,UCtNfIBnc5S5DbbQj_yxgJTw,1
UC72gBAtyb_VXQlYDcFrh6oQ,UCmjppp6ujz3SAnULvP3sZMw,1
UC72gBAtyb_VXQlYDcFrh6oQ,UCYwpX26TrCxq8TvbKGRYLXA,1
UC72gBAtyb_VXQlYDcFrh6oQ,UCL13XhnRzbGokEkCkEOb0-g,1
UC72gBAtyb_VXQlYDcFrh6oQ,UChZknRmJkeGeQk0-mQuhDOg,1
UC72gBAtyb_VXQlYDcFrh6oQ,UCThW2XNsAaBKme5PUt7n-Zg,1
UC72gBAtyb_VXQlYDcFrh6oQ,UC5bG9nc_JV3FsNP2KseQiYw,1
UC72gBAtyb_VXQlYDcFrh6oQ,UCL1MT278vSaQ83ZDkVWn1gw,1
UC72gBAtyb_VXQlYDcFrh6oQ,UCh5ESQvtzyHDhCA7XyekCFA,1
UC72gBAtyb_VXQlYDcFrh6oQ,UCDftMWXQoJ6nONfY7GVOVjg,1
UC72gBAtyb_VXQlYDcFrh6oQ,UC8r11yOugM2NuRfitQOxLLg,1
UC72gBAtyb_VXQlYDcFrh6oQ,UCzSfZlOVxBSs5ObD25ywxDQ,1
UC72gBAtyb_VXQlYDcFrh6oQ,UC8G5cJONY8L9voMyBW8Eoug,1
UC72gBAtyb_VXQlYDcFrh6oQ,UCsJJAvrVGupdmhOqgtDp8dg,1
UC72gBAtyb_VXQlYDcFrh6oQ,UCEgEQmRbtL5fwr9_DqAC--g,1
UC72gBAtyb_VXQlYDcFrh6oQ,UCQgYjVngJRfPHDLGB5X6ZjA,1
UC72gBAtyb_VXQlYDcFrh6oQ,UCAmtbUiIrUIhikru0ZoTFig,1
UC72gBAtyb_VXQlYDcFrh6oQ,UCB5p8a5gklc80jJItP6xTHg,1
UC72gBAtyb_VXQlYDcFrh6oQ,UC4cXueR2bKGFJV0Fk76gwmA,1
UC72gBAtyb_VXQlYDcFrh6oQ,UCiMythXHsw7eQEMykCdmMUA,1
UC72gBAtyb_VXQlYDcFrh6oQ,UCUIIIPTVDVHAXqhC_5V6lPA,1
UC72gBAtyb_VXQlYDcFrh6oQ,UCRlCV9zSn7avAWh-9_XFWqQ,1
UC72gBAtyb_VXQlYDcFrh6oQ,UCDQaQv0hr2SS_PO-CMEwVHg,1
UC72gBAtyb_VXQlYDcFrh6oQ,UCDlr1VadSucIZgZ171pRBjQ,1
UC72gBAtyb_VXQlYDcFrh6oQ,UC7VUuJr9cGh845CmTvf7TlQ,1
UC72gBAtyb_VXQlYDcFrh6oQ,UCA93ym2TXs_Ibyxb4Vcn-6Q,1
UC72gBAtyb_VXQlYDcFrh6oQ,UCXgr7vXlRrsaskPdo097kGA,1
UC72gBAtyb_VXQlYDcFrh6oQ,UCj-LL25XJnjxepPKCc3NGog,1
UC72gBAtyb_VXQlYDcFrh6oQ,UChgkn5Jt5tWKYMoEOuCjz3Q,1
UC72gBAtyb_VXQlYDcFrh6oQ,UCLggDc_a5HriXv7I1h02sOA,1
UC72gBAtyb_VXQlYDcFrh6oQ,UC3NMzdMYryaw82kPTnsaljg,1
UC72gBAtyb_VXQlYDcFrh6oQ,UCylqlpsh8ENNM1LqgQ1KbxA,1
UC72gBAtyb_VXQlYDcFrh6oQ,UCCaYwkkbQGcvFoUmothVdQQ,1
UC72gBAtyb_VXQlYDcFrh6oQ,UC9vMq1YF-e7C-VO0SHkbUTA,1
UC72gBAtyb_VXQlYDcFrh6oQ,UCr1emrogPKkKTs_WTtx71xg,1
UC72gBAtyb_VXQlYDcFrh6oQ,UCV0iizTBoOfdAFX_thfI9BA,1
UC72gBAtyb_VXQlYDcFrh6oQ,UCTylKrsqkrBKIqubMu_5N0Q,1
UC72gBAtyb_VXQlYDcFrh6oQ,UCDUffaruH6dyUnUGwsTKpgg,1
UC72gBAtyb_VXQlYDcFrh6oQ,UCN6qbfPSzFtjhqUDZ3Cv3CQ,1
UC72gBAtyb_VXQlYDcFrh6oQ,UCplrIQtaPj6au60_f2-mOYw,1
UC72gBAtyb_VXQlYDcFrh6oQ,UCLFdHr9BEbXHkoJopbEPLZw,1
UC72gBAtyb_VXQlYDcFrh6oQ,UCipetjeiWj4CZB6EbyYziZg,1
UC72gBAtyb_VXQlYDcFrh6oQ,UCXSkL3ejZ8qWYyF_M7s_QKA,1
UC72gBAtyb_VXQlYDcFrh6oQ,UCueV9cTyTDwgQSec1x2dYgA,1
UC72gBAtyb_VXQlYDcFrh6oQ,UCFjudnPLoaSL1BaRuLahyHg,1
UC72gBAtyb_VXQlYDcFrh6oQ,UCFxE8GbokBrBsPEKM1xrOjQ,1
UC72gBAtyb_VXQlYDcFrh6oQ,UCDIMztpVm7G27qBuiWuT6oQ,1
UC72gBAtyb_VXQlYDcFrh6oQ,UC-jS_kA9w-OmpupXDx156Rg,1
UC72gBAtyb_VXQlYDcFrh6oQ,UCsjs5Hp_r86x1xbK6FAeqaA,1
UC72gBAtyb_VXQlYDcFrh6oQ,UCQqetiwzzmRNTM5OWuXarGQ,1
UC72gBAtyb_VXQlYDcFrh6oQ,UCQtSFINs1h6GHkpg9o5kMvg,1
UC72gBAtyb_VXQlYDcFrh6oQ,UCsUCN0Yq_UyTvKjOJLmNrnQ,1
UC72gBAtyb_VXQlYDcFrh6oQ,UCAlzM_N6xBlMYmM8EBzX86Q,1
UC72gBAtyb_VXQlYDcFrh6oQ,UCfM3nrxtTQMY5jFx1v1J4Gg,1
UC72gBAtyb_VXQlYDcFrh6oQ,UCFhxtoeARHPnXXPcDrOU3Xg,1
UC72gBAtyb_VXQlYDcFrh6oQ,UCNBnKqWf4d-rS4HwJRQljmQ,1
UC72gBAtyb_VXQlYDcFrh6oQ,UC650pRT-OYzny3GwOH8Cgfw,1
UC72gBAtyb_VXQlYDcFrh6oQ,UCxff05WuyvwELNITi7bj7UA,1
UC72gBAtyb_VXQlYDcFrh6oQ,UC-pNP6RMFuLg_-x7Ah_0kEA,1
UC72gBAtyb_VXQlYDcFrh6oQ,UCGzXwyCzMzGmjmCbH3Hg01Q,1
UC72gBAtyb_VXQlYDcFrh6oQ,UCQtICyzWmhC5woCtbNgaSmg,1
UC72gBAtyb_VXQlYDcFrh6oQ,UCTD6q1nyIe3Y7HhqjaMj72w,1
UC72gBAtyb_VXQlYDcFrh6oQ,UCpsKOkt5iWTbenzeuq7dsmQ,1
UC72gBAtyb_VXQlYDcFrh6oQ,UCi1b_TRQfgO1Z9O2gNGGWNA,1
UC72gBAtyb_VXQlYDcFrh6oQ,UCZLG9qH0tUjNhEGFIUt0CYw,1
UC72gBAtyb_VXQlYDcFrh6oQ,UCzoL2l5H5eVlorWGH8AZfAg,1
UC72gBAtyb_VXQlYDcFrh6oQ,UCKDR0f2fu2UzWL8mBv5-BHw,1
UC72gBAtyb_VXQlYDcFrh6oQ,UCjmPuazZJzscrwvk0QR9RVw,1
UC72gBAtyb_VXQlYDcFrh6oQ,UCwha8rxULYMVtNwZWeSkE1A,1
UC72gBAtyb_VXQlYDcFrh6oQ,UCQ_-LPP8JAbfkc-b1Q6NvWw,1
UC72gBAtyb_VXQlYDcFrh6oQ,UCHhHUjaMAZ8SiXdCUCj9DkQ,1
UC72gBAtyb_VXQlYDcFrh6oQ,UCRelkU8JiZBytTzebJxaa-w,1
UC72gBAtyb_VXQlYDcFrh6oQ,UC3MYTqpQqlWBuCB7Th0e0PA,1
UC72gBAtyb_VXQlYDcFrh6oQ,UCZ51R_9Q9C0c8I3pAWhtmjQ,1
UC72gBAtyb_VXQlYDcFrh6oQ,UCujPF2nBgsTD62nWE3lcpIg,1
UC72gBAtyb_VXQlYDcFrh6oQ,UC9xr9QvIcDvoZNUX5f-jaZw,1
UC72gBAtyb_VXQlYDcFrh6oQ,UCpl8rF8uv_8uui-QRvuJaRA,1
UC72gBAtyb_VXQlYDcFrh6oQ,UCYN4wSQ1Sx4_LurxLlW7MPg,1
UC72gBAtyb_VXQlYDcFrh6oQ,UC1vr9aaMI2crB0NvwFHUeoQ,1
UC72gBAtyb_VXQlYDcFrh6oQ,UCOh6DaZC_x9HASnlRylEMfw,1
UC72gBAtyb_VXQlYDcFrh6oQ,UCTP3O0rMnc8z8v8jaDQwL0w,1
UC72gBAtyb_VXQlYDcFrh6oQ,UChep9kVb5gQmpodEEl10Xlg,1
UC72gBAtyb_VXQlYDcFrh6oQ,UCFoIAE8k82D6AV-8gjjKaNg,1
UCCBYcToQ2dwkd6TJh0FSyDg,UCDrmf9y9nLgFY5wnA2hTuGA,1
UCCBYcToQ2dwkd6TJh0FSyDg,UCQqlPPUGqAfWjd-FSh_qn7Q,1
UCCBYcToQ2dwkd6TJh0FSyDg,UCZeIIQrGAedW8tCbKWmGY-A,1
UCCBYcToQ2dwkd6TJh0FSyDg,UClhMWQ7XKWywYvbRnuf8QsA,1
UCCBYcToQ2dwkd6TJh0FSyDg,UC816IGbFCZinfYS1LRDaaHg,1
UCCBYcToQ2dwkd6TJh0FSyDg,UCuXmOjxC-htcprLgeVXz6Tg,1
UCCBYcToQ2dwkd6TJh0FSyDg,UC5hvEnRUzI4Kfvwnyi4QxqQ,1
UCCBYcToQ2dwkd6TJh0FSyDg,UCgJNFj5dnxXpcMvmuhZDPxA,1
UCCBYcToQ2dwkd6TJh0FSyDg,UCylqlpsh8ENNM1LqgQ1KbxA,1
UCCBYcToQ2dwkd6TJh0FSyDg,UC-fiZBS5Gp1eCJd9ucgWnCg,1
UCCBYcToQ2dwkd6TJh0FSyDg,UCe8JZoYkX5oKUZyivHYdXhw,1
UCCBYcToQ2dwkd6TJh0FSyDg,UCkVtmkK07b2zaVVNssX4lOg,1
UCCBYcToQ2dwkd6TJh0FSyDg,UCpe5jW3MIqkgTJ-PgkzvM6Q,1
UCCBYcToQ2dwkd6TJh0FSyDg,UCdFlugHJJa4l3YqWuNRmvXw,1
UCCBYcToQ2dwkd6TJh0FSyDg,UCpsKOkt5iWTbenzeuq7dsmQ,1
UCCBYcToQ2dwkd6TJh0FSyDg,UCu8_3-Wg-YzNyvHYQDEscfw,1
UCCBYcToQ2dwkd6TJh0FSyDg,UC_LYoGs5C3mbZKZuKuqYCvw,1
UCCBYcToQ2dwkd6TJh0FSyDg,UCsGoJEvb-cFPZ2rWoJcXzEQ,1
UCCBYcToQ2dwkd6TJh0FSyDg,UColMq7LmaoY3MT6aIDGrGvA,1
UCCBYcToQ2dwkd6TJh0FSyDg,UCwgCc9Jd_gG-uLE_SY-FfPg,1
UCCBYcToQ2dwkd6TJh0FSyDg,UCgQw_Sbq3ugruDUKsq1e0-A,1
UCCBYcToQ2dwkd6TJh0FSyDg,UCV0lM03g5fg5pbPj97-sAtA,1
UCCBYcToQ2dwkd6TJh0FSyDg,UC6Uj1FT5JjDSF8vudvDxPAA,1
UCCBYcToQ2dwkd6TJh0FSyDg,UCRAquv8el-tQ30bN7MlmySQ,1
UCCBYcToQ2dwkd6TJh0FSyDg,UCRvPToDkkumha7WJAfCDk1A,1
UCCBYcToQ2dwkd6TJh0FSyDg,UC1DpqK6vaPEkBOMNvypsKYg,1
UCCBYcToQ2dwkd6TJh0FSyDg,UCW80DaMjQlEUibC98Cot-Dg,1
UCCBYcToQ2dwkd6TJh0FSyDg,UCqCrvuoJpC-aVb0f4logQRQ,1
UCCBYcToQ2dwkd6TJh0FSyDg,UCNpt5CQlTzNjlAKY6CJtClQ,1
UCCBYcToQ2dwkd6TJh0FSyDg,UCGGHbtfbbe0o68etrOf0qxw,1
UCCBYcToQ2dwkd6TJh0FSyDg,UCQyOePccUP-fIJYzchAgZYw,1
UCCBYcToQ2dwkd6TJh0FSyDg,UCaKAjTW9MVub_clgr4DRYjQ,1
UCCBYcToQ2dwkd6TJh0FSyDg,UClqA491Xa5fQcXcJJa-vTWw,1
UCCBYcToQ2dwkd6TJh0FSyDg,UCWoAVGVqCn4xtINCMOTM4jg,1
UCCBYcToQ2dwkd6TJh0FSyDg,UCiC-Jn7wdgyQV4_Urk0DkWQ,1
UCpl8rF8uv_8uui-QRvuJaRA,UCSou6a2OuYGSvPjm5psquyA,1
UCpl8rF8uv_8uui-QRvuJaRA,UC2weSE8rpqkGMOp6StYtVfg,1
UCpl8rF8uv_8uui-QRvuJaRA,UCiGRBf2RNF0WRKhRVT7zFoA,1
UCpl8rF8uv_8uui-QRvuJaRA,UCpIdtvoFHVLGASGB5ySqIEA,1
UCpl8rF8uv_8uui-QRvuJaRA,UC8F2V63KZ4ZEay6opX2hAQw,1
UCpl8rF8uv_8uui-QRvuJaRA,UC3E9mAgP7VoAE5mZoAexl5g,1
UCpl8rF8uv_8uui-QRvuJaRA,UCErZPJpHmLCsXs8ZWkAUupQ,1
UCpl8rF8uv_8uui-QRvuJaRA,UCut6b9S98nv84cVX89PmKzA,1
UCpl8rF8uv_8uui-QRvuJaRA,UCXXh7yg5KUFIWylTiKVEFKQ,1
UCpl8rF8uv_8uui-QRvuJaRA,UCDPWkUX3sNNaCx-m1dV4glA,1
UCpl8rF8uv_8uui-QRvuJaRA,UCNkcuy42zEwddwEcOd_HpnA,1
UCpl8rF8uv_8uui-QRvuJaRA,UCz3gu01bmjNv0DpRq-K3XYg,1
UCpl8rF8uv_8uui-QRvuJaRA,UCp4iw5_5SmV9VGTFSNVGOmQ,1
UCpl8rF8uv_8uui-QRvuJaRA,UCWIZUtKJ636y-4TYrNvok0g,1
UCpl8rF8uv_8uui-QRvuJaRA,UCvApqeCbLod-wejtT4CcVuA,1
UCpl8rF8uv_8uui-QRvuJaRA,UCgvw7xIdGFupzpt1Y_BFkEA,1
UCpl8rF8uv_8uui-QRvuJaRA,UCtUR3_CAiE7fCoZHM6cMfyQ,1
UCpl8rF8uv_8uui-QRvuJaRA,UCmvOgzmmXbjUthHy-WJ52hQ,1
UCpl8rF8uv_8uui-QRvuJaRA,UCtNfIBnc5S5DbbQj_yxgJTw,1
UCpl8rF8uv_8uui-QRvuJaRA,UCmjppp6ujz3SAnULvP3sZMw,1
UCpl8rF8uv_8uui-QRvuJaRA,UCYwpX26TrCxq8TvbKGRYLXA,1
UCpl8rF8uv_8uui-QRvuJaRA,UCL13XhnRzbGokEkCkEOb0-g,1
UCpl8rF8uv_8uui-QRvuJaRA,UChZknRmJkeGeQk0-mQuhDOg,1
UCpl8rF8uv_8uui-QRvuJaRA,UCThW2XNsAaBKme5PUt7n-Zg,1
UCpl8rF8uv_8uui-QRvuJaRA,UC5bG9nc_JV3FsNP2KseQiYw,1
UCpl8rF8uv_8uui-QRvuJaRA,UCL1MT278vSaQ83ZDkVWn1gw,1
UCpl8rF8uv_8uui-QRvuJaRA,UCh5ESQvtzyHDhCA7XyekCFA,1
UCpl8rF8uv_8uui-QRvuJaRA,UCDftMWXQoJ6nONfY7GVOVjg,1
UCpl8rF8uv_8uui-QRvuJaRA,UC8r11yOugM2NuRfitQOxLLg,1
UCpl8rF8uv_8uui-QRvuJaRA,UCzSfZlOVxBSs5ObD25ywxDQ,1
UCpl8rF8uv_8uui-QRvuJaRA,UC8G5cJONY8L9voMyBW8Eoug,1
UCpl8rF8uv_8uui-QRvuJaRA,UCsJJAvrVGupdmhOqgtDp8dg,1
UCpl8rF8uv_8uui-QRvuJaRA,UCEgEQmRbtL5fwr9_DqAC--g,1
UCpl8rF8uv_8uui-QRvuJaRA,UCQgYjVngJRfPHDLGB5X6ZjA,1
UCpl8rF8uv_8uui-QRvuJaRA,UCAmtbUiIrUIhikru0ZoTFig,1
UCpl8rF8uv_8uui-QRvuJaRA,UCB5p8a5gklc80jJItP6xTHg,1
UCpl8rF8uv_8uui-QRvuJaRA,UC4cXueR2bKGFJV0Fk76gwmA,1
UCpl8rF8uv_8uui-QRvuJaRA,UCiMythXHsw7eQEMykCdmMUA,1
UCpl8rF8uv_8uui-QRvuJaRA,UCUIIIPTVDVHAXqhC_5V6lPA,1
UCpl8rF8uv_8uui-QRvuJaRA,UCRlCV9zSn7avAWh-9_XFWqQ,1
UCpl8rF8uv_8uui-QRvuJaRA,UCDQaQv0hr2SS_PO-CMEwVHg,1
UCpl8rF8uv_8uui-QRvuJaRA,UCDlr1VadSucIZgZ171pRBjQ,1
UCpl8rF8uv_8uui-QRvuJaRA,UC7VUuJr9cGh845CmTvf7TlQ,1
UCpl8rF8uv_8uui-QRvuJaRA,UCA93ym2TXs_Ibyxb4Vcn-6Q,1
UCpl8rF8uv_8uui-QRvuJaRA,UCXgr7vXlRrsaskPdo097kGA,1
UCpl8rF8uv_8uui-QRvuJaRA,UCj-LL25XJnjxepPKCc3NGog,1
UCpl8rF8uv_8uui-QRvuJaRA,UChgkn5Jt5tWKYMoEOuCjz3Q,1
UCpl8rF8uv_8uui-QRvuJaRA,UCLggDc_a5HriXv7I1h02sOA,1
UCpl8rF8uv_8uui-QRvuJaRA,UC3NMzdMYryaw82kPTnsaljg,1
UCpl8rF8uv_8uui-QRvuJaRA,UCylqlpsh8ENNM1LqgQ1KbxA,1
UCpl8rF8uv_8uui-QRvuJaRA,UCCaYwkkbQGcvFoUmothVdQQ,1
UCpl8rF8uv_8uui-QRvuJaRA,UC9vMq1YF-e7C-VO0SHkbUTA,1
UCpl8rF8uv_8uui-QRvuJaRA,UCr1emrogPKkKTs_WTtx71xg,1
UCpl8rF8uv_8uui-QRvuJaRA,UCV0iizTBoOfdAFX_thfI9BA,1
UCpl8rF8uv_8uui-QRvuJaRA,UCTylKrsqkrBKIqubMu_5N0Q,1
UCpl8rF8uv_8uui-QRvuJaRA,UCDUffaruH6dyUnUGwsTKpgg,1
UCpl8rF8uv_8uui-QRvuJaRA,UCN6qbfPSzFtjhqUDZ3Cv3CQ,1
UCpl8rF8uv_8uui-QRvuJaRA,UCplrIQtaPj6au60_f2-mOYw,1
UCpl8rF8uv_8uui-QRvuJaRA,UCLFdHr9BEbXHkoJopbEPLZw,1
UCpl8rF8uv_8uui-QRvuJaRA,UCipetjeiWj4CZB6EbyYziZg,1
UCpl8rF8uv_8uui-QRvuJaRA,UCXSkL3ejZ8qWYyF_M7s_QKA,1
UCpl8rF8uv_8uui-QRvuJaRA,UCueV9cTyTDwgQSec1x2dYgA,1
UCpl8rF8uv_8uui-QRvuJaRA,UCFjudnPLoaSL1BaRuLahyHg,1
UCpl8rF8uv_8uui-QRvuJaRA,UCFxE8GbokBrBsPEKM1xrOjQ,1
UCpl8rF8uv_8uui-QRvuJaRA,UCDIMztpVm7G27qBuiWuT6oQ,1
UCpl8rF8uv_8uui-QRvuJaRA,UC-jS_kA9w-OmpupXDx156Rg,1
UCpl8rF8uv_8uui-QRvuJaRA,UCsjs5Hp_r86x1xbK6FAeqaA,1
UCpl8rF8uv_8uui-QRvuJaRA,UCQqetiwzzmRNTM5OWuXarGQ,1
UCpl8rF8uv_8uui-QRvuJaRA,UCQtSFINs1h6GHkpg9o5kMvg,1
UCpl8rF8uv_8uui-QRvuJaRA,UCsUCN0Yq_UyTvKjOJLmNrnQ,1
UCpl8rF8uv_8uui-QRvuJaRA,UCAlzM_N6xBlMYmM8EBzX86Q,1
UCpl8rF8uv_8uui-QRvuJaRA,UCfM3nrxtTQMY5jFx1v1J4Gg,1
UCpl8rF8uv_8uui-QRvuJaRA,UCFhxtoeARHPnXXPcDrOU3Xg,1
UCpl8rF8uv_8uui-QRvuJaRA,UCNBnKqWf4d-rS4HwJRQljmQ,1
UCpl8rF8uv_8uui-QRvuJaRA,UC650pRT-OYzny3GwOH8Cgfw,1
UCpl8rF8uv_8uui-QRvuJaRA,UCxff05WuyvwELNITi7bj7UA,1
UCpl8rF8uv_8uui-QRvuJaRA,UC-pNP6RMFuLg_-x7Ah_0kEA,1
UCpl8rF8uv_8uui-QRvuJaRA,UCGzXwyCzMzGmjmCbH3Hg01Q,1
UCpl8rF8uv_8uui-QRvuJaRA,UCQtICyzWmhC5woCtbNgaSmg,1
UCpl8rF8uv_8uui-QRvuJaRA,UCTD6q1nyIe3Y7HhqjaMj72w,1
UCpl8rF8uv_8uui-QRvuJaRA,UCpsKOkt5iWTbenzeuq7dsmQ,1
UCpl8rF8uv_8uui-QRvuJaRA,UCi1b_TRQfgO1Z9O2gNGGWNA,1
UCpl8rF8uv_8uui-QRvuJaRA,UCZLG9qH0tUjNhEGFIUt0CYw,1
UCpl8rF8uv_8uui-QRvuJaRA,UCzoL2l5H5eVlorWGH8AZfAg,1
UCpl8rF8uv_8uui-QRvuJaRA,UCKDR0f2fu2UzWL8mBv5-BHw,1
UCpl8rF8uv_8uui-QRvuJaRA,UCjmPuazZJzscrwvk0QR9RVw,1
UCpl8rF8uv_8uui-QRvuJaRA,UCwha8rxULYMVtNwZWeSkE1A,1
UCpl8rF8uv_8uui-QRvuJaRA,UCQ_-LPP8JAbfkc-b1Q6NvWw,1
UCpl8rF8uv_8uui-QRvuJaRA,UCHhHUjaMAZ8SiXdCUCj9DkQ,1
UCpl8rF8uv_8uui-QRvuJaRA,UCRelkU8JiZBytTzebJxaa-w,1
UCpl8rF8uv_8uui-QRvuJaRA,UC3MYTqpQqlWBuCB7Th0e0PA,1
UCpl8rF8uv_8uui-QRvuJaRA,UCZ51R_9Q9C0c8I3pAWhtmjQ,1
UCpl8rF8uv_8uui-QRvuJaRA,UCujPF2nBgsTD62nWE3lcpIg,1
UCpl8rF8uv_8uui-QRvuJaRA,UC9xr9QvIcDvoZNUX5f-jaZw,1
UCpl8rF8uv_8uui-QRvuJaRA,UCYN4wSQ1Sx4_LurxLlW7MPg,1
UCpl8rF8uv_8uui-QRvuJaRA,UC1vr9aaMI2crB0NvwFHUeoQ,1
UCpl8rF8uv_8uui-QRvuJaRA,UCOh6DaZC_x9HASnlRylEMfw,1
UCpl8rF8uv_8uui-QRvuJaRA,UCTP3O0rMnc8z8v8jaDQwL0w,1
UCpl8rF8uv_8uui-QRvuJaRA,UChep9kVb5gQmpodEEl10Xlg,1
UCpl8rF8uv_8uui-QRvuJaRA,UCFoIAE8k82D6AV-8gjjKaNg,1
UC1vr9aaMI2crB0NvwFHUeoQ,UCSou6a2OuYGSvPjm5psquyA,1
UC1vr9aaMI2crB0NvwFHUeoQ,UC2weSE8rpqkGMOp6StYtVfg,1
UC1vr9aaMI2crB0NvwFHUeoQ,UCiGRBf2RNF0WRKhRVT7zFoA,1
UC1vr9aaMI2crB0NvwFHUeoQ,UCpIdtvoFHVLGASGB5ySqIEA,1
UC1vr9aaMI2crB0NvwFHUeoQ,UC8F2V63KZ4ZEay6opX2hAQw,1
UC1vr9aaMI2crB0NvwFHUeoQ,UC3E9mAgP7VoAE5mZoAexl5g,1
UC1vr9aaMI2crB0NvwFHUeoQ,UCErZPJpHmLCsXs8ZWkAUupQ,1
UC1vr9aaMI2crB0NvwFHUeoQ,UCut6b9S98nv84cVX89PmKzA,1
UC1vr9aaMI2crB0NvwFHUeoQ,UCXXh7yg5KUFIWylTiKVEFKQ,1
UC1vr9aaMI2crB0NvwFHUeoQ,UCDPWkUX3sNNaCx-m1dV4glA,1
UC1vr9aaMI2crB0NvwFHUeoQ,UCNkcuy42zEwddwEcOd_HpnA,1
UC1vr9aaMI2crB0NvwFHUeoQ,UCz3gu01bmjNv0DpRq-K3XYg,1
UC1vr9aaMI2crB0NvwFHUeoQ,UCp4iw5_5SmV9VGTFSNVGOmQ,1
UC1vr9aaMI2crB0NvwFHUeoQ,UCWIZUtKJ636y-4TYrNvok0g,1
UC1vr9aaMI2crB0NvwFHUeoQ,UCvApqeCbLod-wejtT4CcVuA,1
UC1vr9aaMI2crB0NvwFHUeoQ,UCgvw7xIdGFupzpt1Y_BFkEA,1
UC1vr9aaMI2crB0NvwFHUeoQ,UCtUR3_CAiE7fCoZHM6cMfyQ,1
UC1vr9aaMI2crB0NvwFHUeoQ,UCmvOgzmmXbjUthHy-WJ52hQ,1
UC1vr9aaMI2crB0NvwFHUeoQ,UCtNfIBnc5S5DbbQj_yxgJTw,1
UC1vr9aaMI2crB0NvwFHUeoQ,UCmjppp6ujz3SAnULvP3sZMw,1
UC1vr9aaMI2crB0NvwFHUeoQ,UCYwpX26TrCxq8TvbKGRYLXA,1
UC1vr9aaMI2crB0NvwFHUeoQ,UCL13XhnRzbGokEkCkEOb0-g,1
UC1vr9aaMI2crB0NvwFHUeoQ,UChZknRmJkeGeQk0-mQuhDOg,1
UC1vr9aaMI2crB0NvwFHUeoQ,UCThW2XNsAaBKme5PUt7n-Zg,1
UC1vr9aaMI2crB0NvwFHUeoQ,UC5bG9nc_JV3FsNP2KseQiYw,1
UC1vr9aaMI2crB0NvwFHUeoQ,UCL1MT278vSaQ83ZDkVWn1gw,1
UC1vr9aaMI2crB0NvwFHUeoQ,UCh5ESQvtzyHDhCA7XyekCFA,1
UC1vr9aaMI2crB0NvwFHUeoQ,UCDftMWXQoJ6nONfY7GVOVjg,1
UC1vr9aaMI2crB0NvwFHUeoQ,UC8r11yOugM2NuRfitQOxLLg,1
UC1vr9aaMI2crB0NvwFHUeoQ,UCzSfZlOVxBSs5ObD25ywxDQ,1
UC1vr9aaMI2crB0NvwFHUeoQ,UC8G5cJONY8L9voMyBW8Eoug,1
UC1vr9aaMI2crB0NvwFHUeoQ,UCsJJAvrVGupdmhOqgtDp8dg,1
UC1vr9aaMI2crB0NvwFHUeoQ,UCEgEQmRbtL5fwr9_DqAC--g,1
UC1vr9aaMI2crB0NvwFHUeoQ,UCQgYjVngJRfPHDLGB5X6ZjA,1
UC1vr9aaMI2crB0NvwFHUeoQ,UCAmtbUiIrUIhikru0ZoTFig,1
UC1vr9aaMI2crB0NvwFHUeoQ,UCB5p8a5gklc80jJItP6xTHg,1
UC1vr9aaMI2crB0NvwFHUeoQ,UC4cXueR2bKGFJV0Fk76gwmA,1
UC1vr9aaMI2crB0NvwFHUeoQ,UCiMythXHsw7eQEMykCdmMUA,1
UC1vr9aaMI2crB0NvwFHUeoQ,UCUIIIPTVDVHAXqhC_5V6lPA,1
UC1vr9aaMI2crB0NvwFHUeoQ,UCRlCV9zSn7avAWh-9_XFWqQ,1
UC1vr9aaMI2crB0NvwFHUeoQ,UCDQaQv0hr2SS_PO-CMEwVHg,1
UC1vr9aaMI2crB0NvwFHUeoQ,UCDlr1VadSucIZgZ171pRBjQ,1
UC1vr9aaMI2crB0NvwFHUeoQ,UC7VUuJr9cGh845CmTvf7TlQ,1
UC1vr9aaMI2crB0NvwFHUeoQ,UCA93ym2TXs_Ibyxb4Vcn-6Q,1
UC1vr9aaMI2crB0NvwFHUeoQ,UCXgr7vXlRrsaskPdo097kGA,1
UC1vr9aaMI2crB0NvwFHUeoQ,UCj-LL25XJnjxepPKCc3NGog,1
UC1vr9aaMI2crB0NvwFHUeoQ,UChgkn5Jt5tWKYMoEOuCjz3Q,1
UC1vr9aaMI2crB0NvwFHUeoQ,UCLggDc_a5HriXv7I1h02sOA,1
UC1vr9aaMI2crB0NvwFHUeoQ,UC3NMzdMYryaw82kPTnsaljg,1
UC1vr9aaMI2crB0NvwFHUeoQ,UCylqlpsh8ENNM1LqgQ1KbxA,1
UC1vr9aaMI2crB0NvwFHUeoQ,UCCaYwkkbQGcvFoUmothVdQQ,1
UC1vr9aaMI2crB0NvwFHUeoQ,UC9vMq1YF-e7C-VO0SHkbUTA,1
UC1vr9aaMI2crB0NvwFHUeoQ,UCr1emrogPKkKTs_WTtx71xg,1
UC1vr9aaMI2crB0NvwFHUeoQ,UCV0iizTBoOfdAFX_thfI9BA,1
UC1vr9aaMI2crB0NvwFHUeoQ,UCTylKrsqkrBKIqubMu_5N0Q,1
UC1vr9aaMI2crB0NvwFHUeoQ,UCDUffaruH6dyUnUGwsTKpgg,1
UC1vr9aaMI2crB0NvwFHUeoQ,UCN6qbfPSzFtjhqUDZ3Cv3CQ,1
UC1vr9aaMI2crB0NvwFHUeoQ,UCplrIQtaPj6au60_f2-mOYw,1
UC1vr9aaMI2crB0NvwFHUeoQ,UCLFdHr9BEbXHkoJopbEPLZw,1
UC1vr9aaMI2crB0NvwFHUeoQ,UCipetjeiWj4CZB6EbyYziZg,1
UC1vr9aaMI2crB0NvwFHUeoQ,UCXSkL3ejZ8qWYyF_M7s_QKA,1
UC1vr9aaMI2crB0NvwFHUeoQ,UCueV9cTyTDwgQSec1x2dYgA,1
UC1vr9aaMI2crB0NvwFHUeoQ,UCFjudnPLoaSL1BaRuLahyHg,1
UC1vr9aaMI2crB0NvwFHUeoQ,UCFxE8GbokBrBsPEKM1xrOjQ,1
UC1vr9aaMI2crB0NvwFHUeoQ,UCDIMztpVm7G27qBuiWuT6oQ,1
UC1vr9aaMI2crB0NvwFHUeoQ,UC-jS_kA9w-OmpupXDx156Rg,1
UC1vr9aaMI2crB0NvwFHUeoQ,UCsjs5Hp_r86x1xbK6FAeqaA,1
UC1vr9aaMI2crB0NvwFHUeoQ,UCQqetiwzzmRNTM5OWuXarGQ,1
UC1vr9aaMI2crB0NvwFHUeoQ,UCQtSFINs1h6GHkpg9o5kMvg,1
UC1vr9aaMI2crB0NvwFHUeoQ,UCsUCN0Yq_UyTvKjOJLmNrnQ,1
UC1vr9aaMI2crB0NvwFHUeoQ,UCAlzM_N6xBlMYmM8EBzX86Q,1
UC1vr9aaMI2crB0NvwFHUeoQ,UCfM3nrxtTQMY5jFx1v1J4Gg,1
UC1vr9aaMI2crB0NvwFHUeoQ,UCFhxtoeARHPnXXPcDrOU3Xg,1
UC1vr9aaMI2crB0NvwFHUeoQ,UCNBnKqWf4d-rS4HwJRQljmQ,1
UC1vr9aaMI2crB0NvwFHUeoQ,UC650pRT-OYzny3GwOH8Cgfw,1
UC1vr9aaMI2crB0NvwFHUeoQ,UCxff05WuyvwELNITi7bj7UA,1
UC1vr9aaMI2crB0NvwFHUeoQ,UC-pNP6RMFuLg_-x7Ah_0kEA,1
UC1vr9aaMI2crB0NvwFHUeoQ,UCGzXwyCzMzGmjmCbH3Hg01Q,1
UC1vr9aaMI2crB0NvwFHUeoQ,UCQtICyzWmhC5woCtbNgaSmg,1
UC1vr9aaMI2crB0NvwFHUeoQ,UCTD6q1nyIe3Y7HhqjaMj72w,1
UC1vr9aaMI2crB0NvwFHUeoQ,UCpsKOkt5iWTbenzeuq7dsmQ,1
UC1vr9aaMI2crB0NvwFHUeoQ,UCi1b_TRQfgO1Z9O2gNGGWNA,1
UC1vr9aaMI2crB0NvwFHUeoQ,UCZLG9qH0tUjNhEGFIUt0CYw,1
UC1vr9aaMI2crB0NvwFHUeoQ,UCzoL2l5H5eVlorWGH8AZfAg,1
UC1vr9aaMI2crB0NvwFHUeoQ,UCKDR0f2fu2UzWL8mBv5-BHw,1
UC1vr9aaMI2crB0NvwFHUeoQ,UCjmPuazZJzscrwvk0QR9RVw,1
UC1vr9aaMI2crB0NvwFHUeoQ,UCwha8rxULYMVtNwZWeSkE1A,1
UC1vr9aaMI2crB0NvwFHUeoQ,UCQ_-LPP8JAbfkc-b1Q6NvWw,1
UC1vr9aaMI2crB0NvwFHUeoQ,UCHhHUjaMAZ8SiXdCUCj9DkQ,1
UC1vr9aaMI2crB0NvwFHUeoQ,UCRelkU8JiZBytTzebJxaa-w,1
UC1vr9aaMI2crB0NvwFHUeoQ,UC3MYTqpQqlWBuCB7Th0e0PA,1
UC1vr9aaMI2crB0NvwFHUeoQ,UCZ51R_9Q9C0c8I3pAWhtmjQ,1
UC1vr9aaMI2crB0NvwFHUeoQ,UCujPF2nBgsTD62nWE3lcpIg,1
UC1vr9aaMI2crB0NvwFHUeoQ,UC9xr9QvIcDvoZNUX5f-jaZw,1
UC1vr9aaMI2crB0NvwFHUeoQ,UCYN4wSQ1Sx4_LurxLlW7MPg,1
UC1vr9aaMI2crB0NvwFHUeoQ,UCOh6DaZC_x9HASnlRylEMfw,1
UC1vr9aaMI2crB0NvwFHUeoQ,UCTP3O0rMnc8z8v8jaDQwL0w,1
UC1vr9aaMI2crB0NvwFHUeoQ,UChep9kVb5gQmpodEEl10Xlg,1
UC1vr9aaMI2crB0NvwFHUeoQ,UCFoIAE8k82D6AV-8gjjKaNg,1
UCtNyHmRZtvGF2hSvI2dUBWw,UCNIeXbV_mEwpa412h1aqUWw,1
UCtNyHmRZtvGF2hSvI2dUBWw,UCzZ6dDCEsLMXbc5pCFXIprw,1
UCtNyHmRZtvGF2hSvI2dUBWw,UCVQf0tzL7xRzFJsABVVULpg,1
UCtNyHmRZtvGF2hSvI2dUBWw,UClsrFGJKWPxxw7MiaEdKLXw,1
UCtNyHmRZtvGF2hSvI2dUBWw,UCPZueDLrCS4BmTBRMA4q0fA,1
UCtNyHmRZtvGF2hSvI2dUBWw,UCGX_UbAQOXGZknv5iqklwTA,1
UCtNyHmRZtvGF2hSvI2dUBWw,UCusjriFsDHEc2AOjqk-p5ig,1
UCtNyHmRZtvGF2hSvI2dUBWw,UCAV7QIjYhbDJaycQycM_0eQ,1
UCtNyHmRZtvGF2hSvI2dUBWw,UCf5lnNZF7Qrtli9v4N_23WQ,1
UCtNyHmRZtvGF2hSvI2dUBWw,UCgQJgI9vu1FI2dnC9mrFthw,1
UCtNyHmRZtvGF2hSvI2dUBWw,UC8xlJWNHz1V_W6q3fbuQH8g,1
UCtNyHmRZtvGF2hSvI2dUBWw,UC1Y7x3h0c95Z8kUhi-Tzaeg,1
UCtNyHmRZtvGF2hSvI2dUBWw,UCg3eIfd7BrsLEqS0BLkftHA,1
UCaKAjTW9MVub_clgr4DRYjQ,UCDrmf9y9nLgFY5wnA2hTuGA,1
UCaKAjTW9MVub_clgr4DRYjQ,UCQqlPPUGqAfWjd-FSh_qn7Q,1
UCaKAjTW9MVub_clgr4DRYjQ,UCZeIIQrGAedW8tCbKWmGY-A,1
UCaKAjTW9MVub_clgr4DRYjQ,UClhMWQ7XKWywYvbRnuf8QsA,1
UCaKAjTW9MVub_clgr4DRYjQ,UC816IGbFCZinfYS1LRDaaHg,1
UCaKAjTW9MVub_clgr4DRYjQ,UCuXmOjxC-htcprLgeVXz6Tg,1
UCaKAjTW9MVub_clgr4DRYjQ,UC5hvEnRUzI4Kfvwnyi4QxqQ,1
UCaKAjTW9MVub_clgr4DRYjQ,UCgJNFj5dnxXpcMvmuhZDPxA,1
UCaKAjTW9MVub_clgr4DRYjQ,UCylqlpsh8ENNM1LqgQ1KbxA,1
UCaKAjTW9MVub_clgr4DRYjQ,UC-fiZBS5Gp1eCJd9ucgWnCg,1
UCaKAjTW9MVub_clgr4DRYjQ,UCe8JZoYkX5oKUZyivHYdXhw,1
UCaKAjTW9MVub_clgr4DRYjQ,UCkVtmkK07b2zaVVNssX4lOg,1
UCaKAjTW9MVub_clgr4DRYjQ,UCpe5jW3MIqkgTJ-PgkzvM6Q,1
UCaKAjTW9MVub_clgr4DRYjQ,UCdFlugHJJa4l3YqWuNRmvXw,1
UCaKAjTW9MVub_clgr4DRYjQ,UCpsKOkt5iWTbenzeuq7dsmQ,1
UCaKAjTW9MVub_clgr4DRYjQ,UCu8_3-Wg-YzNyvHYQDEscfw,1
UCaKAjTW9MVub_clgr4DRYjQ,UC_LYoGs5C3mbZKZuKuqYCvw,1
UCaKAjTW9MVub_clgr4DRYjQ,UCsGoJEvb-cFPZ2rWoJcXzEQ,1
UCaKAjTW9MVub_clgr4DRYjQ,UColMq7LmaoY3MT6aIDGrGvA,1
UCaKAjTW9MVub_clgr4DRYjQ,UCwgCc9Jd_gG-uLE_SY-FfPg,1
UCaKAjTW9MVub_clgr4DRYjQ,UCgQw_Sbq3ugruDUKsq1e0-A,1
UCaKAjTW9MVub_clgr4DRYjQ,UCV0lM03g5fg5pbPj97-sAtA,1
UCaKAjTW9MVub_clgr4DRYjQ,UC6Uj1FT5JjDSF8vudvDxPAA,1
UCaKAjTW9MVub_clgr4DRYjQ,UCRAquv8el-tQ30bN7MlmySQ,1
UCaKAjTW9MVub_clgr4DRYjQ,UCRvPToDkkumha7WJAfCDk1A,1
UCaKAjTW9MVub_clgr4DRYjQ,UC1DpqK6vaPEkBOMNvypsKYg,1
UCaKAjTW9MVub_clgr4DRYjQ,UCW80DaMjQlEUibC98Cot-Dg,1
UCaKAjTW9MVub_clgr4DRYjQ,UCqCrvuoJpC-aVb0f4logQRQ,1
UCaKAjTW9MVub_clgr4DRYjQ,UCNpt5CQlTzNjlAKY6CJtClQ,1
UCaKAjTW9MVub_clgr4DRYjQ,UCGGHbtfbbe0o68etrOf0qxw,1
UCaKAjTW9MVub_clgr4DRYjQ,UCQyOePccUP-fIJYzchAgZYw,1
UCaKAjTW9MVub_clgr4DRYjQ,UClqA491Xa5fQcXcJJa-vTWw,1
UCaKAjTW9MVub_clgr4DRYjQ,UCWoAVGVqCn4xtINCMOTM4jg,1
UCaKAjTW9MVub_clgr4DRYjQ,UCiC-Jn7wdgyQV4_Urk0DkWQ,1
UC5wuDq3U3vRAhOQI3D7gNdw,UCpsKOkt5iWTbenzeuq7dsmQ,1
UC5wuDq3U3vRAhOQI3D7gNdw,UCjJf-AJKRFFWtiN-CSwkDmA,1
UC5wuDq3U3vRAhOQI3D7gNdw,UCvcu1kR8xMYy_I1Ty-2mV2Q,1
UC5wuDq3U3vRAhOQI3D7gNdw,UC_6KbBY1bsYXz9fwFS0eQRg,1
UC5wuDq3U3vRAhOQI3D7gNdw,UCJp3OrVYcBorC94sKwdch_A,1
UC5wuDq3U3vRAhOQI3D7gNdw,UCVC2QugcI1G4RvlCiUqd1aQ,1
UC5wuDq3U3vRAhOQI3D7gNdw,UCZOmq6MwFDVoCaEl99BRRaw,1
UC5wuDq3U3vRAhOQI3D7gNdw,UCnU8wO1OurAmGstDw6VGjgQ,1
UC5wuDq3U3vRAhOQI3D7gNdw,UCbrtvygfRT6QXqWDNrOf-cA,1
UCSou6a2OuYGSvPjm5psquyA,UC2weSE8rpqkGMOp6StYtVfg,1
UCSou6a2OuYGSvPjm5psquyA,UCiGRBf2RNF0WRKhRVT7zFoA,1
UCSou6a2OuYGSvPjm5psquyA,UCpIdtvoFHVLGASGB5ySqIEA,1
UCSou6a2OuYGSvPjm5psquyA,UC8F2V63KZ4ZEay6opX2hAQw,1
UCSou6a2OuYGSvPjm5psquyA,UC3E9mAgP7VoAE5mZoAexl5g,1
UCSou6a2OuYGSvPjm5psquyA,UCErZPJpHmLCsXs8ZWkAUupQ,1
UCSou6a2OuYGSvPjm5psquyA,UCut6b9S98nv84cVX89PmKzA,1
UCSou6a2OuYGSvPjm5psquyA,UCXXh7yg5KUFIWylTiKVEFKQ,1
UCSou6a2OuYGSvPjm5psquyA,UCDPWkUX3sNNaCx-m1dV4glA,1
UCSou6a2OuYGSvPjm5psquyA,UCNkcuy42zEwddwEcOd_HpnA,1
UCSou6a2OuYGSvPjm5psquyA,UCz3gu01bmjNv0DpRq-K3XYg,1
UCSou6a2OuYGSvPjm5psquyA,UCp4iw5_5SmV9VGTFSNVGOmQ,1
UCSou6a2OuYGSvPjm5psquyA,UCWIZUtKJ636y-4TYrNvok0g,1
UCSou6a2OuYGSvPjm5psquyA,UCvApqeCbLod-wejtT4CcVuA,1
UCSou6a2OuYGSvPjm5psquyA,UCgvw7xIdGFupzpt1Y_BFkEA,1
UCSou6a2OuYGSvPjm5psquyA,UCtUR3_CAiE7fCoZHM6cMfyQ,1
UCSou6a2OuYGSvPjm5psquyA,UCmvOgzmmXbjUthHy-WJ52hQ,1
UCSou6a2OuYGSvPjm5psquyA,UCtNfIBnc5S5DbbQj_yxgJTw,1
UCSou6a2OuYGSvPjm5psquyA,UCmjppp6ujz3SAnULvP3sZMw,1
UCSou6a2OuYGSvPjm5psquyA,UCYwpX26TrCxq8TvbKGRYLXA,1
UCSou6a2OuYGSvPjm5psquyA,UCL13XhnRzbGokEkCkEOb0-g,1
UCSou6a2OuYGSvPjm5psquyA,UChZknRmJkeGeQk0-mQuhDOg,1
UCSou6a2OuYGSvPjm5psquyA,UCThW2XNsAaBKme5PUt7n-Zg,1
UCSou6a2OuYGSvPjm5psquyA,UC5bG9nc_JV3FsNP2KseQiYw,1
UCSou6a2OuYGSvPjm5psquyA,UCL1MT278vSaQ83ZDkVWn1gw,1
UCSou6a2OuYGSvPjm5psquyA,UCh5ESQvtzyHDhCA7XyekCFA,1
UCSou6a2OuYGSvPjm5psquyA,UCDftMWXQoJ6nONfY7GVOVjg,1
UCSou6a2OuYGSvPjm5psquyA,UC8r11yOugM2NuRfitQOxLLg,1
UCSou6a2OuYGSvPjm5psquyA,UCzSfZlOVxBSs5ObD25ywxDQ,1
UCSou6a2OuYGSvPjm5psquyA,UC8G5cJONY8L9voMyBW8Eoug,1
UCSou6a2OuYGSvPjm5psquyA,UCsJJAvrVGupdmhOqgtDp8dg,1
UCSou6a2OuYGSvPjm5psquyA,UCEgEQmRbtL5fwr9_DqAC--g,1
UCSou6a2OuYGSvPjm5psquyA,UCQgYjVngJRfPHDLGB5X6ZjA,1
UCSou6a2OuYGSvPjm5psquyA,UCAmtbUiIrUIhikru0ZoTFig,1
UCSou6a2OuYGSvPjm5psquyA,UCB5p8a5gklc80jJItP6xTHg,1
UCSou6a2OuYGSvPjm5psquyA,UC4cXueR2bKGFJV0Fk76gwmA,1
UCSou6a2OuYGSvPjm5psquyA,UCiMythXHsw7eQEMykCdmMUA,1
UCSou6a2OuYGSvPjm5psquyA,UCUIIIPTVDVHAXqhC_5V6lPA,1
UCSou6a2OuYGSvPjm5psquyA,UCRlCV9zSn7avAWh-9_XFWqQ,1
UCSou6a2OuYGSvPjm5psquyA,UCDQaQv0hr2SS_PO-CMEwVHg,1
UCSou6a2OuYGSvPjm5psquyA,UCDlr1VadSucIZgZ171pRBjQ,1
UCSou6a2OuYGSvPjm5psquyA,UC7VUuJr9cGh845CmTvf7TlQ,1
UCSou6a2OuYGSvPjm5psquyA,UCA93ym2TXs_Ibyxb4Vcn-6Q,1
UCSou6a2OuYGSvPjm5psquyA,UCXgr7vXlRrsaskPdo097kGA,1
UCSou6a2OuYGSvPjm5psquyA,UCj-LL25XJnjxepPKCc3NGog,1
UCSou6a2OuYGSvPjm5psquyA,UChgkn5Jt5tWKYMoEOuCjz3Q,1
UCSou6a2OuYGSvPjm5psquyA,UCLggDc_a5HriXv7I1h02sOA,1
UCSou6a2OuYGSvPjm5psquyA,UC3NMzdMYryaw82kPTnsaljg,1
UCSou6a2OuYGSvPjm5psquyA,UCylqlpsh8ENNM1LqgQ1KbxA,1
UCSou6a2OuYGSvPjm5psquyA,UCCaYwkkbQGcvFoUmothVdQQ,1
UCSou6a2OuYGSvPjm5psquyA,UC9vMq1YF-e7C-VO0SHkbUTA,1
UCSou6a2OuYGSvPjm5psquyA,UCr1emrogPKkKTs_WTtx71xg,1
UCSou6a2OuYGSvPjm5psquyA,UCV0iizTBoOfdAFX_thfI9BA,1
UCSou6a2OuYGSvPjm5psquyA,UCTylKrsqkrBKIqubMu_5N0Q,1
UCSou6a2OuYGSvPjm5psquyA,UCDUffaruH6dyUnUGwsTKpgg,1
UCSou6a2OuYGSvPjm5psquyA,UCN6qbfPSzFtjhqUDZ3Cv3CQ,1
UCSou6a2OuYGSvPjm5psquyA,UCplrIQtaPj6au60_f2-mOYw,1
UCSou6a2OuYGSvPjm5psquyA,UCLFdHr9BEbXHkoJopbEPLZw,1
UCSou6a2OuYGSvPjm5psquyA,UCipetjeiWj4CZB6EbyYziZg,1
UCSou6a2OuYGSvPjm5psquyA,UCXSkL3ejZ8qWYyF_M7s_QKA,1
UCSou6a2OuYGSvPjm5psquyA,UCueV9cTyTDwgQSec1x2dYgA,1
UCSou6a2OuYGSvPjm5psquyA,UCFjudnPLoaSL1BaRuLahyHg,1
UCSou6a2OuYGSvPjm5psquyA,UCFxE8GbokBrBsPEKM1xrOjQ,1
UCSou6a2OuYGSvPjm5psquyA,UCDIMztpVm7G27qBuiWuT6oQ,1
UCSou6a2OuYGSvPjm5psquyA,UC-jS_kA9w-OmpupXDx156Rg,1
UCSou6a2OuYGSvPjm5psquyA,UCsjs5Hp_r86x1xbK6FAeqaA,1
UCSou6a2OuYGSvPjm5psquyA,UCQqetiwzzmRNTM5OWuXarGQ,1
UCSou6a2OuYGSvPjm5psquyA,UCQtSFINs1h6GHkpg9o5kMvg,1
UCSou6a2OuYGSvPjm5psquyA,UCsUCN0Yq_UyTvKjOJLmNrnQ,1
UCSou6a2OuYGSvPjm5psquyA,UCAlzM_N6xBlMYmM8EBzX86Q,1
UCSou6a2OuYGSvPjm5psquyA,UCfM3nrxtTQMY5jFx1v1J4Gg,1
UCSou6a2OuYGSvPjm5psquyA,UCFhxtoeARHPnXXPcDrOU3Xg,1
UCSou6a2OuYGSvPjm5psquyA,UCNBnKqWf4d-rS4HwJRQljmQ,1
UCSou6a2OuYGSvPjm5psquyA,UC650pRT-OYzny3GwOH8Cgfw,1
UCSou6a2OuYGSvPjm5psquyA,UCxff05WuyvwELNITi7bj7UA,1
UCSou6a2OuYGSvPjm5psquyA,UC-pNP6RMFuLg_-x7Ah_0kEA,1
UCSou6a2OuYGSvPjm5psquyA,UCGzXwyCzMzGmjmCbH3Hg01Q,1
UCSou6a2OuYGSvPjm5psquyA,UCQtICyzWmhC5woCtbNgaSmg,1
UCSou6a2OuYGSvPjm5psquyA,UCTD6q1nyIe3Y7HhqjaMj72w,1
UCSou6a2OuYGSvPjm5psquyA,UCpsKOkt5iWTbenzeuq7dsmQ,1
UCSou6a2OuYGSvPjm5psquyA,UCi1b_TRQfgO1Z9O2gNGGWNA,1
UCSou6a2OuYGSvPjm5psquyA,UCZLG9qH0tUjNhEGFIUt0CYw,1
UCSou6a2OuYGSvPjm5psquyA,UCzoL2l5H5eVlorWGH8AZfAg,1
UCSou6a2OuYGSvPjm5psquyA,UCKDR0f2fu2UzWL8mBv5-BHw,1
UCSou6a2OuYGSvPjm5psquyA,UCjmPuazZJzscrwvk0QR9RVw,1
UCSou6a2OuYGSvPjm5psquyA,UCwha8rxULYMVtNwZWeSkE1A,1
UCSou6a2OuYGSvPjm5psquyA,UCQ_-LPP8JAbfkc-b1Q6NvWw,1
UCSou6a2OuYGSvPjm5psquyA,UCHhHUjaMAZ8SiXdCUCj9DkQ,1
UCSou6a2OuYGSvPjm5psquyA,UCRelkU8JiZBytTzebJxaa-w,1
UCSou6a2OuYGSvPjm5psquyA,UC3MYTqpQqlWBuCB7Th0e0PA,1
UCSou6a2OuYGSvPjm5psquyA,UCZ51R_9Q9C0c8I3pAWhtmjQ,1
UCSou6a2OuYGSvPjm5psquyA,UCujPF2nBgsTD62nWE3lcpIg,1
UCSou6a2OuYGSvPjm5psquyA,UC9xr9QvIcDvoZNUX5f-jaZw,1
UCSou6a2OuYGSvPjm5psquyA,UCYN4wSQ1Sx4_LurxLlW7MPg,1
UCSou6a2OuYGSvPjm5psquyA,UCOh6DaZC_x9HASnlRylEMfw,1
UCSou6a2OuYGSvPjm5psquyA,UCTP3O0rMnc8z8v8jaDQwL0w,1
UCSou6a2OuYGSvPjm5psquyA,UChep9kVb5gQmpodEEl10Xlg,1
UCSou6a2OuYGSvPjm5psquyA,UCFoIAE8k82D6AV-8gjjKaNg,1
UCql1n3Ey6ULMSOACjMe-fxQ,UCtsxPYw8VUsH_FfnKg-0lmw,1
UCql1n3Ey6ULMSOACjMe-fxQ,UCgGqw4aqMdMVSGkKiMgrJRQ,1
UCql1n3Ey6ULMSOACjMe-fxQ,UCvDwJBBY1mHK70aTEYl6rsA,1
UCql1n3Ey6ULMSOACjMe-fxQ,UC-Iul5tDYH_oiAMXQH-KaaQ,1
UCql1n3Ey6ULMSOACjMe-fxQ,UCzZ6dDCEsLMXbc5pCFXIprw,1
UCql1n3Ey6ULMSOACjMe-fxQ,UCyJhqmMbsvjpoarBBStA2kg,1
UCql1n3Ey6ULMSOACjMe-fxQ,UCV3fr-YOixFKCZBbJP1-X4w,1
UCql1n3Ey6ULMSOACjMe-fxQ,UCWvntqPQx99k_Z_skWKqNSA,1
UCql1n3Ey6ULMSOACjMe-fxQ,UCEHXl4VvvVpq-_4xC5tsbhg,1
UCql1n3Ey6ULMSOACjMe-fxQ,UC63tFvbQ_hJhGDi2nbjssjw,1
UCql1n3Ey6ULMSOACjMe-fxQ,UCp29O_C7cchZV8IxV7Crdag,1
UCql1n3Ey6ULMSOACjMe-fxQ,UC-HeUTT6_g-VoiWds2a4H-w,1
UCql1n3Ey6ULMSOACjMe-fxQ,UC1NiEdJ7gk6FlDexIalWnGg,1
UCql1n3Ey6ULMSOACjMe-fxQ,UCaT4saRcyqCLE657Rq2hhZQ,1
UCql1n3Ey6ULMSOACjMe-fxQ,UCjZgFEowMBrsjodqfovzdKw,1
UCql1n3Ey6ULMSOACjMe-fxQ,UCFybmWapGvBKcQod7cPPH9w,1
UCql1n3Ey6ULMSOACjMe-fxQ,UC0HvfEWozTHbwl_iEmJNvVA,1
UCql1n3Ey6ULMSOACjMe-fxQ,UCeQk-WfEA-cJRq4EKeE7TOw,1
UCql1n3Ey6ULMSOACjMe-fxQ,UCheEJ5GZuIvV0fj-nXyVwXw,1
UCql1n3Ey6ULMSOACjMe-fxQ,UChyps3dqY-VY1_wLeq-2lhw,1
UCql1n3Ey6ULMSOACjMe-fxQ,UCtCtts20bW6F9CSohau51Iw,1
UCql1n3Ey6ULMSOACjMe-fxQ,UC14qlobYKqD-DO0j6b75lcA,1
UCql1n3Ey6ULMSOACjMe-fxQ,UC3YpzAr7pcdKC7BVFEpYzog,1
UCql1n3Ey6ULMSOACjMe-fxQ,UCwxoKK59nGCeBqB2sXfDBIw,1
UCAxvOOHQk7dYPOajzFEVtbA,UCLXYp1Cvc5DLtq5UQL5D9vw,1
UCAxvOOHQk7dYPOajzFEVtbA,UCjZgFEowMBrsjodqfovzdKw,1
UCAxvOOHQk7dYPOajzFEVtbA,UCfXykdbSU97rj987LDUGfvg,1
UCAxvOOHQk7dYPOajzFEVtbA,UC2ngpd8UBQu4gcUYy0goAtg,1
UCAxvOOHQk7dYPOajzFEVtbA,UCq3mDTTRZnUybct5M9OSXbg,1
UCAxvOOHQk7dYPOajzFEVtbA,UCXN2s7DwTJm33xO-pNkAdaA,1
UCAxvOOHQk7dYPOajzFEVtbA,UCwCfs-2zbD5k0lG-UVg_JBw,1
UCAxvOOHQk7dYPOajzFEVtbA,UC_3xuTXvMIWU5MYP9HkJ3vQ,1
UCAxvOOHQk7dYPOajzFEVtbA,UCfjhejO7LZy4doXURa7LZCQ,1
UCAxvOOHQk7dYPOajzFEVtbA,UCvl1tzQeBeGy6efPTRJXSCw,1
UC-Iul5tDYH_oiAMXQH-KaaQ,UCtsxPYw8VUsH_FfnKg-0lmw,1
UC-Iul5tDYH_oiAMXQH-KaaQ,UCgGqw4aqMdMVSGkKiMgrJRQ,1
UC-Iul5tDYH_oiAMXQH-KaaQ,UCvDwJBBY1mHK70aTEYl6rsA,1
UC-Iul5tDYH_oiAMXQH-KaaQ,UCzZ6dDCEsLMXbc5pCFXIprw,1
UC-Iul5tDYH_oiAMXQH-KaaQ,UCyJhqmMbsvjpoarBBStA2kg,1
UC-Iul5tDYH_oiAMXQH-KaaQ,UCV3fr-YOixFKCZBbJP1-X4w,1
UC-Iul5tDYH_oiAMXQH-KaaQ,UCWvntqPQx99k_Z_skWKqNSA,1
UC-Iul5tDYH_oiAMXQH-KaaQ,UCEHXl4VvvVpq-_4xC5tsbhg,1
UC-Iul5tDYH_oiAMXQH-KaaQ,UC63tFvbQ_hJhGDi2nbjssjw,1
UC-Iul5tDYH_oiAMXQH-KaaQ,UCp29O_C7cchZV8IxV7Crdag,1
UC-Iul5tDYH_oiAMXQH-KaaQ,UC-HeUTT6_g-VoiWds2a4H-w,1
UC-Iul5tDYH_oiAMXQH-KaaQ,UC1NiEdJ7gk6FlDexIalWnGg,1
UC-Iul5tDYH_oiAMXQH-KaaQ,UCaT4saRcyqCLE657Rq2hhZQ,1
UC-Iul5tDYH_oiAMXQH-KaaQ,UCjZgFEowMBrsjodqfovzdKw,1
UC-Iul5tDYH_oiAMXQH-KaaQ,UCFybmWapGvBKcQod7cPPH9w,1
UC-Iul5tDYH_oiAMXQH-KaaQ,UC0HvfEWozTHbwl_iEmJNvVA,1
UC-Iul5tDYH_oiAMXQH-KaaQ,UCeQk-WfEA-cJRq4EKeE7TOw,1
UC-Iul5tDYH_oiAMXQH-KaaQ,UCheEJ5GZuIvV0fj-nXyVwXw,1
UC-Iul5tDYH_oiAMXQH-KaaQ,UChyps3dqY-VY1_wLeq-2lhw,1
UC-Iul5tDYH_oiAMXQH-KaaQ,UCtCtts20bW6F9CSohau51Iw,1
UC-Iul5tDYH_oiAMXQH-KaaQ,UC14qlobYKqD-DO0j6b75lcA,1
UC-Iul5tDYH_oiAMXQH-KaaQ,UC3YpzAr7pcdKC7BVFEpYzog,1
UC-Iul5tDYH_oiAMXQH-KaaQ,UCwxoKK59nGCeBqB2sXfDBIw,1
UCyW68EGZey4ao_Vf2cR5Ztg,UCOARn3hnfkB7-_Rwa8Hoqcw,1
UCyW68EGZey4ao_Vf2cR5Ztg,UCVhif9eV0f8plICen2DnpKA,1
UCyW68EGZey4ao_Vf2cR5Ztg,UCvcu1kR8xMYy_I1Ty-2mV2Q,1
UCyW68EGZey4ao_Vf2cR5Ztg,UCGj2v6Gl5bN8NSrzJMXS-CA,1
UCpIdtvoFHVLGASGB5ySqIEA,UC2weSE8rpqkGMOp6StYtVfg,1
UCpIdtvoFHVLGASGB5ySqIEA,UCiGRBf2RNF0WRKhRVT7zFoA,1
UCpIdtvoFHVLGASGB5ySqIEA,UC8F2V63KZ4ZEay6opX2hAQw,1
UCpIdtvoFHVLGASGB5ySqIEA,UC3E9mAgP7VoAE5mZoAexl5g,1
UCpIdtvoFHVLGASGB5ySqIEA,UCErZPJpHmLCsXs8ZWkAUupQ,1
UCpIdtvoFHVLGASGB5ySqIEA,UCut6b9S98nv84cVX89PmKzA,1
UCpIdtvoFHVLGASGB5ySqIEA,UCXXh7yg5KUFIWylTiKVEFKQ,1
UCpIdtvoFHVLGASGB5ySqIEA,UCDPWkUX3sNNaCx-m1dV4glA,1
UCpIdtvoFHVLGASGB5ySqIEA,UCNkcuy42zEwddwEcOd_HpnA,1
UCpIdtvoFHVLGASGB5ySqIEA,UCz3gu01bmjNv0DpRq-K3XYg,1
UCpIdtvoFHVLGASGB5ySqIEA,UCp4iw5_5SmV9VGTFSNVGOmQ,1
UCpIdtvoFHVLGASGB5ySqIEA,UCWIZUtKJ636y-4TYrNvok0g,1
UCpIdtvoFHVLGASGB5ySqIEA,UCvApqeCbLod-wejtT4CcVuA,1
UCpIdtvoFHVLGASGB5ySqIEA,UCgvw7xIdGFupzpt1Y_BFkEA,1
UCpIdtvoFHVLGASGB5ySqIEA,UCtUR3_CAiE7fCoZHM6cMfyQ,1
UCpIdtvoFHVLGASGB5ySqIEA,UCmvOgzmmXbjUthHy-WJ52hQ,1
UCpIdtvoFHVLGASGB5ySqIEA,UCtNfIBnc5S5DbbQj_yxgJTw,1
UCpIdtvoFHVLGASGB5ySqIEA,UCmjppp6ujz3SAnULvP3sZMw,1
UCpIdtvoFHVLGASGB5ySqIEA,UCYwpX26TrCxq8TvbKGRYLXA,1
UCpIdtvoFHVLGASGB5ySqIEA,UCL13XhnRzbGokEkCkEOb0-g,1
UCpIdtvoFHVLGASGB5ySqIEA,UChZknRmJkeGeQk0-mQuhDOg,1
UCpIdtvoFHVLGASGB5ySqIEA,UCThW2XNsAaBKme5PUt7n-Zg,1
UCpIdtvoFHVLGASGB5ySqIEA,UC5bG9nc_JV3FsNP2KseQiYw,1
UCpIdtvoFHVLGASGB5ySqIEA,UCL1MT278vSaQ83ZDkVWn1gw,1
UCpIdtvoFHVLGASGB5ySqIEA,UCh5ESQvtzyHDhCA7XyekCFA,1
UCpIdtvoFHVLGASGB5ySqIEA,UCDftMWXQoJ6nONfY7GVOVjg,1
UCpIdtvoFHVLGASGB5ySqIEA,UC8r11yOugM2NuRfitQOxLLg,1
UCpIdtvoFHVLGASGB5ySqIEA,UCzSfZlOVxBSs5ObD25ywxDQ,1
UCpIdtvoFHVLGASGB5ySqIEA,UC8G5cJONY8L9voMyBW8Eoug,1
UCpIdtvoFHVLGASGB5ySqIEA,UCsJJAvrVGupdmhOqgtDp8dg,1
UCpIdtvoFHVLGASGB5ySqIEA,UCEgEQmRbtL5fwr9_DqAC--g,1
UCpIdtvoFHVLGASGB5ySqIEA,UCQgYjVngJRfPHDLGB5X6ZjA,1
UCpIdtvoFHVLGASGB5ySqIEA,UCAmtbUiIrUIhikru0ZoTFig,1
UCpIdtvoFHVLGASGB5ySqIEA,UCB5p8a5gklc80jJItP6xTHg,1
UCpIdtvoFHVLGASGB5ySqIEA,UC4cXueR2bKGFJV0Fk76gwmA,1
UCpIdtvoFHVLGASGB5ySqIEA,UCiMythXHsw7eQEMykCdmMUA,1
UCpIdtvoFHVLGASGB5ySqIEA,UCUIIIPTVDVHAXqhC_5V6lPA,1
UCpIdtvoFHVLGASGB5ySqIEA,UCRlCV9zSn7avAWh-9_XFWqQ,1
UCpIdtvoFHVLGASGB5ySqIEA,UCDQaQv0hr2SS_PO-CMEwVHg,1
UCpIdtvoFHVLGASGB5ySqIEA,UCDlr1VadSucIZgZ171pRBjQ,1
UCpIdtvoFHVLGASGB5ySqIEA,UC7VUuJr9cGh845CmTvf7TlQ,1
UCpIdtvoFHVLGASGB5ySqIEA,UCA93ym2TXs_Ibyxb4Vcn-6Q,1
UCpIdtvoFHVLGASGB5ySqIEA,UCXgr7vXlRrsaskPdo097kGA,1
UCpIdtvoFHVLGASGB5ySqIEA,UCj-LL25XJnjxepPKCc3NGog,1
UCpIdtvoFHVLGASGB5ySqIEA,UChgkn5Jt5tWKYMoEOuCjz3Q,1
UCpIdtvoFHVLGASGB5ySqIEA,UCLggDc_a5HriXv7I1h02sOA,1
UCpIdtvoFHVLGASGB5ySqIEA,UC3NMzdMYryaw82kPTnsaljg,1
UCpIdtvoFHVLGASGB5ySqIEA,UCylqlpsh8ENNM1LqgQ1KbxA,1
UCpIdtvoFHVLGASGB5ySqIEA,UCCaYwkkbQGcvFoUmothVdQQ,1
UCpIdtvoFHVLGASGB5ySqIEA,UC9vMq1YF-e7C-VO0SHkbUTA,1
UCpIdtvoFHVLGASGB5ySqIEA,UCr1emrogPKkKTs_WTtx71xg,1
UCpIdtvoFHVLGASGB5ySqIEA,UCV0iizTBoOfdAFX_thfI9BA,1
UCpIdtvoFHVLGASGB5ySqIEA,UCTylKrsqkrBKIqubMu_5N0Q,1
UCpIdtvoFHVLGASGB5ySqIEA,UCDUffaruH6dyUnUGwsTKpgg,1
UCpIdtvoFHVLGASGB5ySqIEA,UCN6qbfPSzFtjhqUDZ3Cv3CQ,1
UCpIdtvoFHVLGASGB5ySqIEA,UCplrIQtaPj6au60_f2-mOYw,1
UCpIdtvoFHVLGASGB5ySqIEA,UCLFdHr9BEbXHkoJopbEPLZw,1
UCpIdtvoFHVLGASGB5ySqIEA,UCipetjeiWj4CZB6EbyYziZg,1
UCpIdtvoFHVLGASGB5ySqIEA,UCXSkL3ejZ8qWYyF_M7s_QKA,1
UCpIdtvoFHVLGASGB5ySqIEA,UCueV9cTyTDwgQSec1x2dYgA,1
UCpIdtvoFHVLGASGB5ySqIEA,UCFjudnPLoaSL1BaRuLahyHg,1
UCpIdtvoFHVLGASGB5ySqIEA,UCFxE8GbokBrBsPEKM1xrOjQ,1
UCpIdtvoFHVLGASGB5ySqIEA,UCDIMztpVm7G27qBuiWuT6oQ,1
UCpIdtvoFHVLGASGB5ySqIEA,UC-jS_kA9w-OmpupXDx156Rg,1
UCpIdtvoFHVLGASGB5ySqIEA,UCsjs5Hp_r86x1xbK6FAeqaA,1
UCpIdtvoFHVLGASGB5ySqIEA,UCQqetiwzzmRNTM5OWuXarGQ,1
UCpIdtvoFHVLGASGB5ySqIEA,UCQtSFINs1h6GHkpg9o5kMvg,1
UCpIdtvoFHVLGASGB5ySqIEA,UCsUCN0Yq_UyTvKjOJLmNrnQ,1
UCpIdtvoFHVLGASGB5ySqIEA,UCAlzM_N6xBlMYmM8EBzX86Q,1
UCpIdtvoFHVLGASGB5ySqIEA,UCfM3nrxtTQMY5jFx1v1J4Gg,1
UCpIdtvoFHVLGASGB5ySqIEA,UCFhxtoeARHPnXXPcDrOU3Xg,1
UCpIdtvoFHVLGASGB5ySqIEA,UCNBnKqWf4d-rS4HwJRQljmQ,1
UCpIdtvoFHVLGASGB5ySqIEA,UC650pRT-OYzny3GwOH8Cgfw,1
UCpIdtvoFHVLGASGB5ySqIEA,UCxff05WuyvwELNITi7bj7UA,1
UCpIdtvoFHVLGASGB5ySqIEA,UC-pNP6RMFuLg_-x7Ah_0kEA,1
UCpIdtvoFHVLGASGB5ySqIEA,UCGzXwyCzMzGmjmCbH3Hg01Q,1
UCpIdtvoFHVLGASGB5ySqIEA,UCQtICyzWmhC5woCtbNgaSmg,1
UCpIdtvoFHVLGASGB5ySqIEA,UCTD6q1nyIe3Y7HhqjaMj72w,1
UCpIdtvoFHVLGASGB5ySqIEA,UCpsKOkt5iWTbenzeuq7dsmQ,1
UCpIdtvoFHVLGASGB5ySqIEA,UCi1b_TRQfgO1Z9O2gNGGWNA,1
UCpIdtvoFHVLGASGB5ySqIEA,UCZLG9qH0tUjNhEGFIUt0CYw,1
UCpIdtvoFHVLGASGB5ySqIEA,UCzoL2l5H5eVlorWGH8AZfAg,1
UCpIdtvoFHVLGASGB5ySqIEA,UCKDR0f2fu2UzWL8mBv5-BHw,1
UCpIdtvoFHVLGASGB5ySqIEA,UCjmPuazZJzscrwvk0QR9RVw,1
UCpIdtvoFHVLGASGB5ySqIEA,UCwha8rxULYMVtNwZWeSkE1A,1
UCpIdtvoFHVLGASGB5ySqIEA,UCQ_-LPP8JAbfkc-b1Q6NvWw,1
UCpIdtvoFHVLGASGB5ySqIEA,UCHhHUjaMAZ8SiXdCUCj9DkQ,1
UCpIdtvoFHVLGASGB5ySqIEA,UCRelkU8JiZBytTzebJxaa-w,1
UCpIdtvoFHVLGASGB5ySqIEA,UC3MYTqpQqlWBuCB7Th0e0PA,1
UCpIdtvoFHVLGASGB5ySqIEA,UCZ51R_9Q9C0c8I3pAWhtmjQ,1
UCpIdtvoFHVLGASGB5ySqIEA,UCujPF2nBgsTD62nWE3lcpIg,1
UCpIdtvoFHVLGASGB5ySqIEA,UC9xr9QvIcDvoZNUX5f-jaZw,1
UCpIdtvoFHVLGASGB5ySqIEA,UCYN4wSQ1Sx4_LurxLlW7MPg,1
UCpIdtvoFHVLGASGB5ySqIEA,UCOh6DaZC_x9HASnlRylEMfw,1
UCpIdtvoFHVLGASGB5ySqIEA,UCTP3O0rMnc8z8v8jaDQwL0w,1
UCpIdtvoFHVLGASGB5ySqIEA,UChep9kVb5gQmpodEEl10Xlg,1
UCpIdtvoFHVLGASGB5ySqIEA,UCFoIAE8k82D6AV-8gjjKaNg,1
UC8F2V63KZ4ZEay6opX2hAQw,UC2weSE8rpqkGMOp6StYtVfg,1
UC8F2V63KZ4ZEay6opX2hAQw,UCiGRBf2RNF0WRKhRVT7zFoA,1
UC8F2V63KZ4ZEay6opX2hAQw,UC3E9mAgP7VoAE5mZoAexl5g,1
UC8F2V63KZ4ZEay6opX2hAQw,UCErZPJpHmLCsXs8ZWkAUupQ,1
UC8F2V63KZ4ZEay6opX2hAQw,UCut6b9S98nv84cVX89PmKzA,1
UC8F2V63KZ4ZEay6opX2hAQw,UCXXh7yg5KUFIWylTiKVEFKQ,1
UC8F2V63KZ4ZEay6opX2hAQw,UCDPWkUX3sNNaCx-m1dV4glA,1
UC8F2V63KZ4ZEay6opX2hAQw,UCNkcuy42zEwddwEcOd_HpnA,1
UC8F2V63KZ4ZEay6opX2hAQw,UCz3gu01bmjNv0DpRq-K3XYg,1
UC8F2V63KZ4ZEay6opX2hAQw,UCp4iw5_5SmV9VGTFSNVGOmQ,1
UC8F2V63KZ4ZEay6opX2hAQw,UCWIZUtKJ636y-4TYrNvok0g,1
UC8F2V63KZ4ZEay6opX2hAQw,UCvApqeCbLod-wejtT4CcVuA,1
UC8F2V63KZ4ZEay6opX2hAQw,UCgvw7xIdGFupzpt1Y_BFkEA,1
UC8F2V63KZ4ZEay6opX2hAQw,UCtUR3_CAiE7fCoZHM6cMfyQ,1
UC8F2V63KZ4ZEay6opX2hAQw,UCmvOgzmmXbjUthHy-WJ52hQ,1
UC8F2V63KZ4ZEay6opX2hAQw,UCtNfIBnc5S5DbbQj_yxgJTw,1
UC8F2V63KZ4ZEay6opX2hAQw,UCmjppp6ujz3SAnULvP3sZMw,1
UC8F2V63KZ4ZEay6opX2hAQw,UCYwpX26TrCxq8TvbKGRYLXA,1
UC8F2V63KZ4ZEay6opX2hAQw,UCL13XhnRzbGokEkCkEOb0-g,1
UC8F2V63KZ4ZEay6opX2hAQw,UChZknRmJkeGeQk0-mQuhDOg,1
UC8F2V63KZ4ZEay6opX2hAQw,UCThW2XNsAaBKme5PUt7n-Zg,1
UC8F2V63KZ4ZEay6opX2hAQw,UC5bG9nc_JV3FsNP2KseQiYw,1
UC8F2V63KZ4ZEay6opX2hAQw,UCL1MT278vSaQ83ZDkVWn1gw,1
UC8F2V63KZ4ZEay6opX2hAQw,UCh5ESQvtzyHDhCA7XyekCFA,1
UC8F2V63KZ4ZEay6opX2hAQw,UCDftMWXQoJ6nONfY7GVOVjg,1
UC8F2V63KZ4ZEay6opX2hAQw,UC8r11yOugM2NuRfitQOxLLg,1
UC8F2V63KZ4ZEay6opX2hAQw,UCzSfZlOVxBSs5ObD25ywxDQ,1
UC8F2V63KZ4ZEay6opX2hAQw,UC8G5cJONY8L9voMyBW8Eoug,1
UC8F2V63KZ4ZEay6opX2hAQw,UCsJJAvrVGupdmhOqgtDp8dg,1
UC8F2V63KZ4ZEay6opX2hAQw,UCEgEQmRbtL5fwr9_DqAC--g,1
UC8F2V63KZ4ZEay6opX2hAQw,UCQgYjVngJRfPHDLGB5X6ZjA,1
UC8F2V63KZ4ZEay6opX2hAQw,UCAmtbUiIrUIhikru0ZoTFig,1
UC8F2V63KZ4ZEay6opX2hAQw,UCB5p8a5gklc80jJItP6xTHg,1
UC8F2V63KZ4ZEay6opX2hAQw,UC4cXueR2bKGFJV0Fk76gwmA,1
UC8F2V63KZ4ZEay6opX2hAQw,UCiMythXHsw7eQEMykCdmMUA,1
UC8F2V63KZ4ZEay6opX2hAQw,UCUIIIPTVDVHAXqhC_5V6lPA,1
UC8F2V63KZ4ZEay6opX2hAQw,UCRlCV9zSn7avAWh-9_XFWqQ,1
UC8F2V63KZ4ZEay6opX2hAQw,UCDQaQv0hr2SS_PO-CMEwVHg,1
UC8F2V63KZ4ZEay6opX2hAQw,UCDlr1VadSucIZgZ171pRBjQ,1
UC8F2V63KZ4ZEay6opX2hAQw,UC7VUuJr9cGh845CmTvf7TlQ,1
UC8F2V63KZ4ZEay6opX2hAQw,UCA93ym2TXs_Ibyxb4Vcn-6Q,1
UC8F2V63KZ4ZEay6opX2hAQw,UCXgr7vXlRrsaskPdo097kGA,1
UC8F2V63KZ4ZEay6opX2hAQw,UCj-LL25XJnjxepPKCc3NGog,1
UC8F2V63KZ4ZEay6opX2hAQw,UChgkn5Jt5tWKYMoEOuCjz3Q,1
UC8F2V63KZ4ZEay6opX2hAQw,UCLggDc_a5HriXv7I1h02sOA,1
UC8F2V63KZ4ZEay6opX2hAQw,UC3NMzdMYryaw82kPTnsaljg,1
UC8F2V63KZ4ZEay6opX2hAQw,UCylqlpsh8ENNM1LqgQ1KbxA,1
UC8F2V63KZ4ZEay6opX2hAQw,UCCaYwkkbQGcvFoUmothVdQQ,1
UC8F2V63KZ4ZEay6opX2hAQw,UC9vMq1YF-e7C-VO0SHkbUTA,1
UC8F2V63KZ4ZEay6opX2hAQw,UCr1emrogPKkKTs_WTtx71xg,1
UC8F2V63KZ4ZEay6opX2hAQw,UCV0iizTBoOfdAFX_thfI9BA,1
UC8F2V63KZ4ZEay6opX2hAQw,UCTylKrsqkrBKIqubMu_5N0Q,1
UC8F2V63KZ4ZEay6opX2hAQw,UCDUffaruH6dyUnUGwsTKpgg,1
UC8F2V63KZ4ZEay6opX2hAQw,UCN6qbfPSzFtjhqUDZ3Cv3CQ,1
UC8F2V63KZ4ZEay6opX2hAQw,UCplrIQtaPj6au60_f2-mOYw,1
UC8F2V63KZ4ZEay6opX2hAQw,UCLFdHr9BEbXHkoJopbEPLZw,1
UC8F2V63KZ4ZEay6opX2hAQw,UCipetjeiWj4CZB6EbyYziZg,1
UC8F2V63KZ4ZEay6opX2hAQw,UCXSkL3ejZ8qWYyF_M7s_QKA,1
UC8F2V63KZ4ZEay6opX2hAQw,UCueV9cTyTDwgQSec1x2dYgA,1
UC8F2V63KZ4ZEay6opX2hAQw,UCFjudnPLoaSL1BaRuLahyHg,1
UC8F2V63KZ4ZEay6opX2hAQw,UCFxE8GbokBrBsPEKM1xrOjQ,1
UC8F2V63KZ4ZEay6opX2hAQw,UCDIMztpVm7G27qBuiWuT6oQ,1
UC8F2V63KZ4ZEay6opX2hAQw,UC-jS_kA9w-OmpupXDx156Rg,1
UC8F2V63KZ4ZEay6opX2hAQw,UCsjs5Hp_r86x1xbK6FAeqaA,1
UC8F2V63KZ4ZEay6opX2hAQw,UCQqetiwzzmRNTM5OWuXarGQ,1
UC8F2V63KZ4ZEay6opX2hAQw,UCQtSFINs1h6GHkpg9o5kMvg,1
UC8F2V63KZ4ZEay6opX2hAQw,UCsUCN0Yq_UyTvKjOJLmNrnQ,1
UC8F2V63KZ4ZEay6opX2hAQw,UCAlzM_N6xBlMYmM8EBzX86Q,1
UC8F2V63KZ4ZEay6opX2hAQw,UCfM3nrxtTQMY5jFx1v1J4Gg,1
UC8F2V63KZ4ZEay6opX2hAQw,UCFhxtoeARHPnXXPcDrOU3Xg,1
UC8F2V63KZ4ZEay6opX2hAQw,UCNBnKqWf4d-rS4HwJRQljmQ,1
UC8F2V63KZ4ZEay6opX2hAQw,UC650pRT-OYzny3GwOH8Cgfw,1
UC8F2V63KZ4ZEay6opX2hAQw,UCxff05WuyvwELNITi7bj7UA,1
UC8F2V63KZ4ZEay6opX2hAQw,UC-pNP6RMFuLg_-x7Ah_0kEA,1
UC8F2V63KZ4ZEay6opX2hAQw,UCGzXwyCzMzGmjmCbH3Hg01Q,1
UC8F2V63KZ4ZEay6opX2hAQw,UCQtICyzWmhC5woCtbNgaSmg,1
UC8F2V63KZ4ZEay6opX2hAQw,UCTD6q1nyIe3Y7HhqjaMj72w,1
UC8F2V63KZ4ZEay6opX2hAQw,UCpsKOkt5iWTbenzeuq7dsmQ,1
UC8F2V63KZ4ZEay6opX2hAQw,UCi1b_TRQfgO1Z9O2gNGGWNA,1
UC8F2V63KZ4ZEay6opX2hAQw,UCZLG9qH0tUjNhEGFIUt0CYw,1
UC8F2V63KZ4ZEay6opX2hAQw,UCzoL2l5H5eVlorWGH8AZfAg,1
UC8F2V63KZ4ZEay6opX2hAQw,UCKDR0f2fu2UzWL8mBv5-BHw,1
UC8F2V63KZ4ZEay6opX2hAQw,UCjmPuazZJzscrwvk0QR9RVw,1
UC8F2V63KZ4ZEay6opX2hAQw,UCwha8rxULYMVtNwZWeSkE1A,1
UC8F2V63KZ4ZEay6opX2hAQw,UCQ_-LPP8JAbfkc-b1Q6NvWw,1
UC8F2V63KZ4ZEay6opX2hAQw,UCHhHUjaMAZ8SiXdCUCj9DkQ,1
UC8F2V63KZ4ZEay6opX2hAQw,UCRelkU8JiZBytTzebJxaa-w,1
UC8F2V63KZ4ZEay6opX2hAQw,UC3MYTqpQqlWBuCB7Th0e0PA,1
UC8F2V63KZ4ZEay6opX2hAQw,UCZ51R_9Q9C0c8I3pAWhtmjQ,1
UC8F2V63KZ4ZEay6opX2hAQw,UCujPF2nBgsTD62nWE3lcpIg,1
UC8F2V63KZ4ZEay6opX2hAQw,UC9xr9QvIcDvoZNUX5f-jaZw,1
UC8F2V63KZ4ZEay6opX2hAQw,UCYN4wSQ1Sx4_LurxLlW7MPg,1
UC8F2V63KZ4ZEay6opX2hAQw,UCOh6DaZC_x9HASnlRylEMfw,1
UC8F2V63KZ4ZEay6opX2hAQw,UCTP3O0rMnc8z8v8jaDQwL0w,1
UC8F2V63KZ4ZEay6opX2hAQw,UChep9kVb5gQmpodEEl10Xlg,1
UC8F2V63KZ4ZEay6opX2hAQw,UCFoIAE8k82D6AV-8gjjKaNg,1
UCErZPJpHmLCsXs8ZWkAUupQ,UC2weSE8rpqkGMOp6StYtVfg,1
UCErZPJpHmLCsXs8ZWkAUupQ,UCiGRBf2RNF0WRKhRVT7zFoA,1
UCErZPJpHmLCsXs8ZWkAUupQ,UC3E9mAgP7VoAE5mZoAexl5g,1
UCErZPJpHmLCsXs8ZWkAUupQ,UCut6b9S98nv84cVX89PmKzA,1
UCErZPJpHmLCsXs8ZWkAUupQ,UCXXh7yg5KUFIWylTiKVEFKQ,1
UCErZPJpHmLCsXs8ZWkAUupQ,UCDPWkUX3sNNaCx-m1dV4glA,1
UCErZPJpHmLCsXs8ZWkAUupQ,UCNkcuy42zEwddwEcOd_HpnA,1
UCErZPJpHmLCsXs8ZWkAUupQ,UCz3gu01bmjNv0DpRq-K3XYg,1
UCErZPJpHmLCsXs8ZWkAUupQ,UCp4iw5_5SmV9VGTFSNVGOmQ,1
UCErZPJpHmLCsXs8ZWkAUupQ,UCWIZUtKJ636y-4TYrNvok0g,1
UCErZPJpHmLCsXs8ZWkAUupQ,UCvApqeCbLod-wejtT4CcVuA,1
UCErZPJpHmLCsXs8ZWkAUupQ,UCgvw7xIdGFupzpt1Y_BFkEA,1
UCErZPJpHmLCsXs8ZWkAUupQ,UCtUR3_CAiE7fCoZHM6cMfyQ,1
UCErZPJpHmLCsXs8ZWkAUupQ,UCmvOgzmmXbjUthHy-WJ52hQ,1
UCErZPJpHmLCsXs8ZWkAUupQ,UCtNfIBnc5S5DbbQj_yxgJTw,1
UCErZPJpHmLCsXs8ZWkAUupQ,UCmjppp6ujz3SAnULvP3sZMw,1
UCErZPJpHmLCsXs8ZWkAUupQ,UCYwpX26TrCxq8TvbKGRYLXA,1
UCErZPJpHmLCsXs8ZWkAUupQ,UCL13XhnRzbGokEkCkEOb0-g,1
UCErZPJpHmLCsXs8ZWkAUupQ,UChZknRmJkeGeQk0-mQuhDOg,1
UCErZPJpHmLCsXs8ZWkAUupQ,UCThW2XNsAaBKme5PUt7n-Zg,1
UCErZPJpHmLCsXs8ZWkAUupQ,UC5bG9nc_JV3FsNP2KseQiYw,1
UCErZPJpHmLCsXs8ZWkAUupQ,UCL1MT278vSaQ83ZDkVWn1gw,1
UCErZPJpHmLCsXs8ZWkAUupQ,UCh5ESQvtzyHDhCA7XyekCFA,1
UCErZPJpHmLCsXs8ZWkAUupQ,UCDftMWXQoJ6nONfY7GVOVjg,1
UCErZPJpHmLCsXs8ZWkAUupQ,UC8r11yOugM2NuRfitQOxLLg,1
UCErZPJpHmLCsXs8ZWkAUupQ,UCzSfZlOVxBSs5ObD25ywxDQ,1
UCErZPJpHmLCsXs8ZWkAUupQ,UC8G5cJONY8L9voMyBW8Eoug,1
UCErZPJpHmLCsXs8ZWkAUupQ,UCsJJAvrVGupdmhOqgtDp8dg,1
UCErZPJpHmLCsXs8ZWkAUupQ,UCEgEQmRbtL5fwr9_DqAC--g,1
UCErZPJpHmLCsXs8ZWkAUupQ,UCQgYjVngJRfPHDLGB5X6ZjA,1
UCErZPJpHmLCsXs8ZWkAUupQ,UCAmtbUiIrUIhikru0ZoTFig,1
UCErZPJpHmLCsXs8ZWkAUupQ,UCB5p8a5gklc80jJItP6xTHg,1
UCErZPJpHmLCsXs8ZWkAUupQ,UC4cXueR2bKGFJV0Fk76gwmA,1
UCErZPJpHmLCsXs8ZWkAUupQ,UCiMythXHsw7eQEMykCdmMUA,1
UCErZPJpHmLCsXs8ZWkAUupQ,UCUIIIPTVDVHAXqhC_5V6lPA,1
UCErZPJpHmLCsXs8ZWkAUupQ,UCRlCV9zSn7avAWh-9_XFWqQ,1
UCErZPJpHmLCsXs8ZWkAUupQ,UCDQaQv0hr2SS_PO-CMEwVHg,1
UCErZPJpHmLCsXs8ZWkAUupQ,UCDlr1VadSucIZgZ171pRBjQ,1
UCErZPJpHmLCsXs8ZWkAUupQ,UC7VUuJr9cGh845CmTvf7TlQ,1
UCErZPJpHmLCsXs8ZWkAUupQ,UCA93ym2TXs_Ibyxb4Vcn-6Q,1
UCErZPJpHmLCsXs8ZWkAUupQ,UCXgr7vXlRrsaskPdo097kGA,1
UCErZPJpHmLCsXs8ZWkAUupQ,UCj-LL25XJnjxepPKCc3NGog,1
UCErZPJpHmLCsXs8ZWkAUupQ,UChgkn5Jt5tWKYMoEOuCjz3Q,1
UCErZPJpHmLCsXs8ZWkAUupQ,UCLggDc_a5HriXv7I1h02sOA,1
UCErZPJpHmLCsXs8ZWkAUupQ,UC3NMzdMYryaw82kPTnsaljg,1
UCErZPJpHmLCsXs8ZWkAUupQ,UCylqlpsh8ENNM1LqgQ1KbxA,1
UCErZPJpHmLCsXs8ZWkAUupQ,UCCaYwkkbQGcvFoUmothVdQQ,1
UCErZPJpHmLCsXs8ZWkAUupQ,UC9vMq1YF-e7C-VO0SHkbUTA,1
UCErZPJpHmLCsXs8ZWkAUupQ,UCr1emrogPKkKTs_WTtx71xg,1
UCErZPJpHmLCsXs8ZWkAUupQ,UCV0iizTBoOfdAFX_thfI9BA,1
UCErZPJpHmLCsXs8ZWkAUupQ,UCTylKrsqkrBKIqubMu_5N0Q,1
UCErZPJpHmLCsXs8ZWkAUupQ,UCDUffaruH6dyUnUGwsTKpgg,1
UCErZPJpHmLCsXs8ZWkAUupQ,UCN6qbfPSzFtjhqUDZ3Cv3CQ,1
UCErZPJpHmLCsXs8ZWkAUupQ,UCplrIQtaPj6au60_f2-mOYw,1
UCErZPJpHmLCsXs8ZWkAUupQ,UCLFdHr9BEbXHkoJopbEPLZw,1
UCErZPJpHmLCsXs8ZWkAUupQ,UCipetjeiWj4CZB6EbyYziZg,1
UCErZPJpHmLCsXs8ZWkAUupQ,UCXSkL3ejZ8qWYyF_M7s_QKA,1
UCErZPJpHmLCsXs8ZWkAUupQ,UCueV9cTyTDwgQSec1x2dYgA,1
UCErZPJpHmLCsXs8ZWkAUupQ,UCFjudnPLoaSL1BaRuLahyHg,1
UCErZPJpHmLCsXs8ZWkAUupQ,UCFxE8GbokBrBsPEKM1xrOjQ,1
UCErZPJpHmLCsXs8ZWkAUupQ,UCDIMztpVm7G27qBuiWuT6oQ,1
UCErZPJpHmLCsXs8ZWkAUupQ,UC-jS_kA9w-OmpupXDx156Rg,1
UCErZPJpHmLCsXs8ZWkAUupQ,UCsjs5Hp_r86x1xbK6FAeqaA,1
UCErZPJpHmLCsXs8ZWkAUupQ,UCQqetiwzzmRNTM5OWuXarGQ,1
UCErZPJpHmLCsXs8ZWkAUupQ,UCQtSFINs1h6GHkpg9o5kMvg,1
UCErZPJpHmLCsXs8ZWkAUupQ,UCsUCN0Yq_UyTvKjOJLmNrnQ,1
UCErZPJpHmLCsXs8ZWkAUupQ,UCAlzM_N6xBlMYmM8EBzX86Q,1
UCErZPJpHmLCsXs8ZWkAUupQ,UCfM3nrxtTQMY5jFx1v1J4Gg,1
UCErZPJpHmLCsXs8ZWkAUupQ,UCFhxtoeARHPnXXPcDrOU3Xg,1
UCErZPJpHmLCsXs8ZWkAUupQ,UCNBnKqWf4d-rS4HwJRQljmQ,1
UCErZPJpHmLCsXs8ZWkAUupQ,UC650pRT-OYzny3GwOH8Cgfw,1
UCErZPJpHmLCsXs8ZWkAUupQ,UCxff05WuyvwELNITi7bj7UA,1
UCErZPJpHmLCsXs8ZWkAUupQ,UC-pNP6RMFuLg_-x7Ah_0kEA,1
UCErZPJpHmLCsXs8ZWkAUupQ,UCGzXwyCzMzGmjmCbH3Hg01Q,1
UCErZPJpHmLCsXs8ZWkAUupQ,UCQtICyzWmhC5woCtbNgaSmg,1
UCErZPJpHmLCsXs8ZWkAUupQ,UCTD6q1nyIe3Y7HhqjaMj72w,1
UCErZPJpHmLCsXs8ZWkAUupQ,UCpsKOkt5iWTbenzeuq7dsmQ,1
UCErZPJpHmLCsXs8ZWkAUupQ,UCi1b_TRQfgO1Z9O2gNGGWNA,1
UCErZPJpHmLCsXs8ZWkAUupQ,UCZLG9qH0tUjNhEGFIUt0CYw,1
UCErZPJpHmLCsXs8ZWkAUupQ,UCzoL2l5H5eVlorWGH8AZfAg,1
UCErZPJpHmLCsXs8ZWkAUupQ,UCKDR0f2fu2UzWL8mBv5-BHw,1
UCErZPJpHmLCsXs8ZWkAUupQ,UCjmPuazZJzscrwvk0QR9RVw,1
UCErZPJpHmLCsXs8ZWkAUupQ,UCwha8rxULYMVtNwZWeSkE1A,1
UCErZPJpHmLCsXs8ZWkAUupQ,UCQ_-LPP8JAbfkc-b1Q6NvWw,1
UCErZPJpHmLCsXs8ZWkAUupQ,UCHhHUjaMAZ8SiXdCUCj9DkQ,1
UCErZPJpHmLCsXs8ZWkAUupQ,UCRelkU8JiZBytTzebJxaa-w,1
UCErZPJpHmLCsXs8ZWkAUupQ,UC3MYTqpQqlWBuCB7Th0e0PA,1
UCErZPJpHmLCsXs8ZWkAUupQ,UCZ51R_9Q9C0c8I3pAWhtmjQ,1
UCErZPJpHmLCsXs8ZWkAUupQ,UCujPF2nBgsTD62nWE3lcpIg,1
UCErZPJpHmLCsXs8ZWkAUupQ,UC9xr9QvIcDvoZNUX5f-jaZw,1
UCErZPJpHmLCsXs8ZWkAUupQ,UCYN4wSQ1Sx4_LurxLlW7MPg,1
UCErZPJpHmLCsXs8ZWkAUupQ,UCOh6DaZC_x9HASnlRylEMfw,1
UCErZPJpHmLCsXs8ZWkAUupQ,UCTP3O0rMnc8z8v8jaDQwL0w,1
UCErZPJpHmLCsXs8ZWkAUupQ,UChep9kVb5gQmpodEEl10Xlg,1
UCErZPJpHmLCsXs8ZWkAUupQ,UCFoIAE8k82D6AV-8gjjKaNg,1
UCZjm6U576nX8WOiLhmMR3bw,UCozFYHN0e_-vlQbX3wQGOug,1
UCZjm6U576nX8WOiLhmMR3bw,UCat2qkYvqmtDNEmo2PVuhXw,1
UCZjm6U576nX8WOiLhmMR3bw,UCBlm80VQ4YoV3bUJR_XhkaQ,1
UCZjm6U576nX8WOiLhmMR3bw,UCPNXmbOBVeC4HS-xemvcPtQ,1
UCZjm6U576nX8WOiLhmMR3bw,UCIgoiXdIKJyUGmUoH2Lxdzg,1
UCZjm6U576nX8WOiLhmMR3bw,UCrqXyRsg-_hTosURZ-uvoKg,1
UCZjm6U576nX8WOiLhmMR3bw,UCQMMuADgqWUOcJpLwHOzC-g,1
UCZjm6U576nX8WOiLhmMR3bw,UCGZMgmM92E3njyXNe9-kjAQ,1
UCZjm6U576nX8WOiLhmMR3bw,UC-QOpE7GOxlXcHZ8b7HbQKA,1
UCZjm6U576nX8WOiLhmMR3bw,UCtiHFjFu7d5v2XxHnKFUYig,1
UCZjm6U576nX8WOiLhmMR3bw,UCbNanjFI51cwGqMAb2rOrBw,1
UCZjm6U576nX8WOiLhmMR3bw,UCi2KiZq63sRq8Mfbcp-MelQ,1
UCZjm6U576nX8WOiLhmMR3bw,UCVdjCrh4tQoX3haNAZv-n5A,1
UCDPWkUX3sNNaCx-m1dV4glA,UC2weSE8rpqkGMOp6StYtVfg,1
UCDPWkUX3sNNaCx-m1dV4glA,UCiGRBf2RNF0WRKhRVT7zFoA,1
UCDPWkUX3sNNaCx-m1dV4glA,UC3E9mAgP7VoAE5mZoAexl5g,1
UCDPWkUX3sNNaCx-m1dV4glA,UCut6b9S98nv84cVX89PmKzA,1
UCDPWkUX3sNNaCx-m1dV4glA,UCXXh7yg5KUFIWylTiKVEFKQ,1
UCDPWkUX3sNNaCx-m1dV4glA,UCNkcuy42zEwddwEcOd_HpnA,1
UCDPWkUX3sNNaCx-m1dV4glA,UCz3gu01bmjNv0DpRq-K3XYg,1
UCDPWkUX3sNNaCx-m1dV4glA,UCp4iw5_5SmV9VGTFSNVGOmQ,1
UCDPWkUX3sNNaCx-m1dV4glA,UCWIZUtKJ636y-4TYrNvok0g,1
UCDPWkUX3sNNaCx-m1dV4glA,UCvApqeCbLod-wejtT4CcVuA,1
UCDPWkUX3sNNaCx-m1dV4glA,UCgvw7xIdGFupzpt1Y_BFkEA,1
UCDPWkUX3sNNaCx-m1dV4glA,UCtUR3_CAiE7fCoZHM6cMfyQ,1
UCDPWkUX3sNNaCx-m1dV4glA,UCmvOgzmmXbjUthHy-WJ52hQ,1
UCDPWkUX3sNNaCx-m1dV4glA,UCtNfIBnc5S5DbbQj_yxgJTw,1
UCDPWkUX3sNNaCx-m1dV4glA,UCmjppp6ujz3SAnULvP3sZMw,1
UCDPWkUX3sNNaCx-m1dV4glA,UCYwpX26TrCxq8TvbKGRYLXA,1
UCDPWkUX3sNNaCx-m1dV4glA,UCL13XhnRzbGokEkCkEOb0-g,1
UCDPWkUX3sNNaCx-m1dV4glA,UChZknRmJkeGeQk0-mQuhDOg,1
UCDPWkUX3sNNaCx-m1dV4glA,UCThW2XNsAaBKme5PUt7n-Zg,1
UCDPWkUX3sNNaCx-m1dV4glA,UC5bG9nc_JV3FsNP2KseQiYw,1
UCDPWkUX3sNNaCx-m1dV4glA,UCL1MT278vSaQ83ZDkVWn1gw,1
UCDPWkUX3sNNaCx-m1dV4glA,UCh5ESQvtzyHDhCA7XyekCFA,1
UCDPWkUX3sNNaCx-m1dV4glA,UCDftMWXQoJ6nONfY7GVOVjg,1
UCDPWkUX3sNNaCx-m1dV4glA,UC8r11yOugM2NuRfitQOxLLg,1
UCDPWkUX3sNNaCx-m1dV4glA,UCzSfZlOVxBSs5ObD25ywxDQ,1
UCDPWkUX3sNNaCx-m1dV4glA,UC8G5cJONY8L9voMyBW8Eoug,1
UCDPWkUX3sNNaCx-m1dV4glA,UCsJJAvrVGupdmhOqgtDp8dg,1
UCDPWkUX3sNNaCx-m1dV4glA,UCEgEQmRbtL5fwr9_DqAC--g,1
UCDPWkUX3sNNaCx-m1dV4glA,UCQgYjVngJRfPHDLGB5X6ZjA,1
UCDPWkUX3sNNaCx-m1dV4glA,UCAmtbUiIrUIhikru0ZoTFig,1
UCDPWkUX3sNNaCx-m1dV4glA,UCB5p8a5gklc80jJItP6xTHg,1
UCDPWkUX3sNNaCx-m1dV4glA,UC4cXueR2bKGFJV0Fk76gwmA,1
UCDPWkUX3sNNaCx-m1dV4glA,UCiMythXHsw7eQEMykCdmMUA,1
UCDPWkUX3sNNaCx-m1dV4glA,UCUIIIPTVDVHAXqhC_5V6lPA,1
UCDPWkUX3sNNaCx-m1dV4glA,UCRlCV9zSn7avAWh-9_XFWqQ,1
UCDPWkUX3sNNaCx-m1dV4glA,UCDQaQv0hr2SS_PO-CMEwVHg,1
UCDPWkUX3sNNaCx-m1dV4glA,UCDlr1VadSucIZgZ171pRBjQ,1
UCDPWkUX3sNNaCx-m1dV4glA,UC7VUuJr9cGh845CmTvf7TlQ,1
UCDPWkUX3sNNaCx-m1dV4glA,UCA93ym2TXs_Ibyxb4Vcn-6Q,1
UCDPWkUX3sNNaCx-m1dV4glA,UCXgr7vXlRrsaskPdo097kGA,1
UCDPWkUX3sNNaCx-m1dV4glA,UCj-LL25XJnjxepPKCc3NGog,1
UCDPWkUX3sNNaCx-m1dV4glA,UChgkn5Jt5tWKYMoEOuCjz3Q,1
UCDPWkUX3sNNaCx-m1dV4glA,UCLggDc_a5HriXv7I1h02sOA,1
UCDPWkUX3sNNaCx-m1dV4glA,UC3NMzdMYryaw82kPTnsaljg,1
UCDPWkUX3sNNaCx-m1dV4glA,UCylqlpsh8ENNM1LqgQ1KbxA,1
UCDPWkUX3sNNaCx-m1dV4glA,UCCaYwkkbQGcvFoUmothVdQQ,1
UCDPWkUX3sNNaCx-m1dV4glA,UC9vMq1YF-e7C-VO0SHkbUTA,1
UCDPWkUX3sNNaCx-m1dV4glA,UCr1emrogPKkKTs_WTtx71xg,1
UCDPWkUX3sNNaCx-m1dV4glA,UCV0iizTBoOfdAFX_thfI9BA,1
UCDPWkUX3sNNaCx-m1dV4glA,UCTylKrsqkrBKIqubMu_5N0Q,1
UCDPWkUX3sNNaCx-m1dV4glA,UCDUffaruH6dyUnUGwsTKpgg,1
UCDPWkUX3sNNaCx-m1dV4glA,UCN6qbfPSzFtjhqUDZ3Cv3CQ,1
UCDPWkUX3sNNaCx-m1dV4glA,UCplrIQtaPj6au60_f2-mOYw,1
UCDPWkUX3sNNaCx-m1dV4glA,UCLFdHr9BEbXHkoJopbEPLZw,1
UCDPWkUX3sNNaCx-m1dV4glA,UCipetjeiWj4CZB6EbyYziZg,1
UCDPWkUX3sNNaCx-m1dV4glA,UCXSkL3ejZ8qWYyF_M7s_QKA,1
UCDPWkUX3sNNaCx-m1dV4glA,UCueV9cTyTDwgQSec1x2dYgA,1
UCDPWkUX3sNNaCx-m1dV4glA,UCFjudnPLoaSL1BaRuLahyHg,1
UCDPWkUX3sNNaCx-m1dV4glA,UCFxE8GbokBrBsPEKM1xrOjQ,1
UCDPWkUX3sNNaCx-m1dV4glA,UCDIMztpVm7G27qBuiWuT6oQ,1
UCDPWkUX3sNNaCx-m1dV4glA,UC-jS_kA9w-OmpupXDx156Rg,1
UCDPWkUX3sNNaCx-m1dV4glA,UCsjs5Hp_r86x1xbK6FAeqaA,1
UCDPWkUX3sNNaCx-m1dV4glA,UCQqetiwzzmRNTM5OWuXarGQ,1
UCDPWkUX3sNNaCx-m1dV4glA,UCQtSFINs1h6GHkpg9o5kMvg,1
UCDPWkUX3sNNaCx-m1dV4glA,UCsUCN0Yq_UyTvKjOJLmNrnQ,1
UCDPWkUX3sNNaCx-m1dV4glA,UCAlzM_N6xBlMYmM8EBzX86Q,1
UCDPWkUX3sNNaCx-m1dV4glA,UCfM3nrxtTQMY5jFx1v1J4Gg,1
UCDPWkUX3sNNaCx-m1dV4glA,UCFhxtoeARHPnXXPcDrOU3Xg,1
UCDPWkUX3sNNaCx-m1dV4glA,UCNBnKqWf4d-rS4HwJRQljmQ,1
UCDPWkUX3sNNaCx-m1dV4glA,UC650pRT-OYzny3GwOH8Cgfw,1
UCDPWkUX3sNNaCx-m1dV4glA,UCxff05WuyvwELNITi7bj7UA,1
UCDPWkUX3sNNaCx-m1dV4glA,UC-pNP6RMFuLg_-x7Ah_0kEA,1
UCDPWkUX3sNNaCx-m1dV4glA,UCGzXwyCzMzGmjmCbH3Hg01Q,1
UCDPWkUX3sNNaCx-m1dV4glA,UCQtICyzWmhC5woCtbNgaSmg,1
UCDPWkUX3sNNaCx-m1dV4glA,UCTD6q1nyIe3Y7HhqjaMj72w,1
UCDPWkUX3sNNaCx-m1dV4glA,UCpsKOkt5iWTbenzeuq7dsmQ,1
UCDPWkUX3sNNaCx-m1dV4glA,UCi1b_TRQfgO1Z9O2gNGGWNA,1
UCDPWkUX3sNNaCx-m1dV4glA,UCZLG9qH0tUjNhEGFIUt0CYw,1
UCDPWkUX3sNNaCx-m1dV4glA,UCzoL2l5H5eVlorWGH8AZfAg,1
UCDPWkUX3sNNaCx-m1dV4glA,UCKDR0f2fu2UzWL8mBv5-BHw,1
UCDPWkUX3sNNaCx-m1dV4glA,UCjmPuazZJzscrwvk0QR9RVw,1
UCDPWkUX3sNNaCx-m1dV4glA,UCwha8rxULYMVtNwZWeSkE1A,1
UCDPWkUX3sNNaCx-m1dV4glA,UCQ_-LPP8JAbfkc-b1Q6NvWw,1
UCDPWkUX3sNNaCx-m1dV4glA,UCHhHUjaMAZ8SiXdCUCj9DkQ,1
UCDPWkUX3sNNaCx-m1dV4glA,UCRelkU8JiZBytTzebJxaa-w,1
UCDPWkUX3sNNaCx-m1dV4glA,UC3MYTqpQqlWBuCB7Th0e0PA,1
UCDPWkUX3sNNaCx-m1dV4glA,UCZ51R_9Q9C0c8I3pAWhtmjQ,1
UCDPWkUX3sNNaCx-m1dV4glA,UCujPF2nBgsTD62nWE3lcpIg,1
UCDPWkUX3sNNaCx-m1dV4glA,UC9xr9QvIcDvoZNUX5f-jaZw,1
UCDPWkUX3sNNaCx-m1dV4glA,UCYN4wSQ1Sx4_LurxLlW7MPg,1
UCDPWkUX3sNNaCx-m1dV4glA,UCOh6DaZC_x9HASnlRylEMfw,1
UCDPWkUX3sNNaCx-m1dV4glA,UCTP3O0rMnc8z8v8jaDQwL0w,1
UCDPWkUX3sNNaCx-m1dV4glA,UChep9kVb5gQmpodEEl10Xlg,1
UCDPWkUX3sNNaCx-m1dV4glA,UCFoIAE8k82D6AV-8gjjKaNg,1
UCwgCc9Jd_gG-uLE_SY-FfPg,UCDrmf9y9nLgFY5wnA2hTuGA,1
UCwgCc9Jd_gG-uLE_SY-FfPg,UCQqlPPUGqAfWjd-FSh_qn7Q,1
UCwgCc9Jd_gG-uLE_SY-FfPg,UCZeIIQrGAedW8tCbKWmGY-A,1
UCwgCc9Jd_gG-uLE_SY-FfPg,UClhMWQ7XKWywYvbRnuf8QsA,1
UCwgCc9Jd_gG-uLE_SY-FfPg,UC816IGbFCZinfYS1LRDaaHg,1
UCwgCc9Jd_gG-uLE_SY-FfPg,UCuXmOjxC-htcprLgeVXz6Tg,1
UCwgCc9Jd_gG-uLE_SY-FfPg,UC5hvEnRUzI4Kfvwnyi4QxqQ,1
UCwgCc9Jd_gG-uLE_SY-FfPg,UCgJNFj5dnxXpcMvmuhZDPxA,1
UCwgCc9Jd_gG-uLE_SY-FfPg,UCylqlpsh8ENNM1LqgQ1KbxA,1
UCwgCc9Jd_gG-uLE_SY-FfPg,UC-fiZBS5Gp1eCJd9ucgWnCg,1
UCwgCc9Jd_gG-uLE_SY-FfPg,UCe8JZoYkX5oKUZyivHYdXhw,1
UCwgCc9Jd_gG-uLE_SY-FfPg,UCkVtmkK07b2zaVVNssX4lOg,1
UCwgCc9Jd_gG-uLE_SY-FfPg,UCpe5jW3MIqkgTJ-PgkzvM6Q,1
UCwgCc9Jd_gG-uLE_SY-FfPg,UCdFlugHJJa4l3YqWuNRmvXw,1
UCwgCc9Jd_gG-uLE_SY-FfPg,UCpsKOkt5iWTbenzeuq7dsmQ,1
UCwgCc9Jd_gG-uLE_SY-FfPg,UCu8_3-Wg-YzNyvHYQDEscfw,1
UCwgCc9Jd_gG-uLE_SY-FfPg,UC_LYoGs5C3mbZKZuKuqYCvw,1
UCwgCc9Jd_gG-uLE_SY-FfPg,UCsGoJEvb-cFPZ2rWoJcXzEQ,1
UCwgCc9Jd_gG-uLE_SY-FfPg,UColMq7LmaoY3MT6aIDGrGvA,1
UCwgCc9Jd_gG-uLE_SY-FfPg,UCgQw_Sbq3ugruDUKsq1e0-A,1
UCwgCc9Jd_gG-uLE_SY-FfPg,UCV0lM03g5fg5pbPj97-sAtA,1
UCwgCc9Jd_gG-uLE_SY-FfPg,UC6Uj1FT5JjDSF8vudvDxPAA,1
UCwgCc9Jd_gG-uLE_SY-FfPg,UCRAquv8el-tQ30bN7MlmySQ,1
UCwgCc9Jd_gG-uLE_SY-FfPg,UCRvPToDkkumha7WJAfCDk1A,1
UCwgCc9Jd_gG-uLE_SY-FfPg,UC1DpqK6vaPEkBOMNvypsKYg,1
UCwgCc9Jd_gG-uLE_SY-FfPg,UCW80DaMjQlEUibC98Cot-Dg,1
UCwgCc9Jd_gG-uLE_SY-FfPg,UCqCrvuoJpC-aVb0f4logQRQ,1
UCwgCc9Jd_gG-uLE_SY-FfPg,UCNpt5CQlTzNjlAKY6CJtClQ,1
UCwgCc9Jd_gG-uLE_SY-FfPg,UCGGHbtfbbe0o68etrOf0qxw,1
UCwgCc9Jd_gG-uLE_SY-FfPg,UCQyOePccUP-fIJYzchAgZYw,1
UCwgCc9Jd_gG-uLE_SY-FfPg,UClqA491Xa5fQcXcJJa-vTWw,1
UCwgCc9Jd_gG-uLE_SY-FfPg,UCWoAVGVqCn4xtINCMOTM4jg,1
UCwgCc9Jd_gG-uLE_SY-FfPg,UCiC-Jn7wdgyQV4_Urk0DkWQ,1
UCZOmq6MwFDVoCaEl99BRRaw,UCpsKOkt5iWTbenzeuq7dsmQ,1
UCZOmq6MwFDVoCaEl99BRRaw,UCjJf-AJKRFFWtiN-CSwkDmA,1
UCZOmq6MwFDVoCaEl99BRRaw,UCvcu1kR8xMYy_I1Ty-2mV2Q,1
UCZOmq6MwFDVoCaEl99BRRaw,UC_6KbBY1bsYXz9fwFS0eQRg,1
UCZOmq6MwFDVoCaEl99BRRaw,UCJp3OrVYcBorC94sKwdch_A,1
UCZOmq6MwFDVoCaEl99BRRaw,UCVC2QugcI1G4RvlCiUqd1aQ,1
UCZOmq6MwFDVoCaEl99BRRaw,UCnU8wO1OurAmGstDw6VGjgQ,1
UCZOmq6MwFDVoCaEl99BRRaw,UCbrtvygfRT6QXqWDNrOf-cA,1
UC_3xuTXvMIWU5MYP9HkJ3vQ,UCLXYp1Cvc5DLtq5UQL5D9vw,1
UC_3xuTXvMIWU5MYP9HkJ3vQ,UCjZgFEowMBrsjodqfovzdKw,1
UC_3xuTXvMIWU5MYP9HkJ3vQ,UCfXykdbSU97rj987LDUGfvg,1
UC_3xuTXvMIWU5MYP9HkJ3vQ,UC2ngpd8UBQu4gcUYy0goAtg,1
UC_3xuTXvMIWU5MYP9HkJ3vQ,UCq3mDTTRZnUybct5M9OSXbg,1
UC_3xuTXvMIWU5MYP9HkJ3vQ,UCXN2s7DwTJm33xO-pNkAdaA,1
UC_3xuTXvMIWU5MYP9HkJ3vQ,UCwCfs-2zbD5k0lG-UVg_JBw,1
UC_3xuTXvMIWU5MYP9HkJ3vQ,UCfjhejO7LZy4doXURa7LZCQ,1
UC_3xuTXvMIWU5MYP9HkJ3vQ,UCvl1tzQeBeGy6efPTRJXSCw,1
UCg3eIfd7BrsLEqS0BLkftHA,UCNIeXbV_mEwpa412h1aqUWw,1
UCg3eIfd7BrsLEqS0BLkftHA,UCzZ6dDCEsLMXbc5pCFXIprw,1
UCg3eIfd7BrsLEqS0BLkftHA,UCVQf0tzL7xRzFJsABVVULpg,1
UCg3eIfd7BrsLEqS0BLkftHA,UClsrFGJKWPxxw7MiaEdKLXw,1
UCg3eIfd7BrsLEqS0BLkftHA,UCPZueDLrCS4BmTBRMA4q0fA,1
UCg3eIfd7BrsLEqS0BLkftHA,UCGX_UbAQOXGZknv5iqklwTA,1
UCg3eIfd7BrsLEqS0BLkftHA,UCusjriFsDHEc2AOjqk-p5ig,1
UCg3eIfd7BrsLEqS0BLkftHA,UCAV7QIjYhbDJaycQycM_0eQ,1
UCg3eIfd7BrsLEqS0BLkftHA,UCf5lnNZF7Qrtli9v4N_23WQ,1
UCg3eIfd7BrsLEqS0BLkftHA,UCgQJgI9vu1FI2dnC9mrFthw,1
UCg3eIfd7BrsLEqS0BLkftHA,UC8xlJWNHz1V_W6q3fbuQH8g,1
UCg3eIfd7BrsLEqS0BLkftHA,UC1Y7x3h0c95Z8kUhi-Tzaeg,1
UCNkcuy42zEwddwEcOd_HpnA,UC2weSE8rpqkGMOp6StYtVfg,1
UCNkcuy42zEwddwEcOd_HpnA,UCiGRBf2RNF0WRKhRVT7zFoA,1
UCNkcuy42zEwddwEcOd_HpnA,UC3E9mAgP7VoAE5mZoAexl5g,1
UCNkcuy42zEwddwEcOd_HpnA,UCut6b9S98nv84cVX89PmKzA,1
UCNkcuy42zEwddwEcOd_HpnA,UCXXh7yg5KUFIWylTiKVEFKQ,1
UCNkcuy42zEwddwEcOd_HpnA,UCz3gu01bmjNv0DpRq-K3XYg,1
UCNkcuy42zEwddwEcOd_HpnA,UCp4iw5_5SmV9VGTFSNVGOmQ,1
UCNkcuy42zEwddwEcOd_HpnA,UCWIZUtKJ636y-4TYrNvok0g,1
UCNkcuy42zEwddwEcOd_HpnA,UCvApqeCbLod-wejtT4CcVuA,1
UCNkcuy42zEwddwEcOd_HpnA,UCgvw7xIdGFupzpt1Y_BFkEA,1
UCNkcuy42zEwddwEcOd_HpnA,UCtUR3_CAiE7fCoZHM6cMfyQ,1
UCNkcuy42zEwddwEcOd_HpnA,UCmvOgzmmXbjUthHy-WJ52hQ,1
UCNkcuy42zEwddwEcOd_HpnA,UCtNfIBnc5S5DbbQj_yxgJTw,1
UCNkcuy42zEwddwEcOd_HpnA,UCmjppp6ujz3SAnULvP3sZMw,1
UCNkcuy42zEwddwEcOd_HpnA,UCYwpX26TrCxq8TvbKGRYLXA,1
UCNkcuy42zEwddwEcOd_HpnA,UCL13XhnRzbGokEkCkEOb0-g,1
UCNkcuy42zEwddwEcOd_HpnA,UChZknRmJkeGeQk0-mQuhDOg,1
UCNkcuy42zEwddwEcOd_HpnA,UCThW2XNsAaBKme5PUt7n-Zg,1
UCNkcuy42zEwddwEcOd_HpnA,UC5bG9nc_JV3FsNP2KseQiYw,1
UCNkcuy42zEwddwEcOd_HpnA,UCL1MT278vSaQ83ZDkVWn1gw,1
UCNkcuy42zEwddwEcOd_HpnA,UCh5ESQvtzyHDhCA7XyekCFA,1
UCNkcuy42zEwddwEcOd_HpnA,UCDftMWXQoJ6nONfY7GVOVjg,1
UCNkcuy42zEwddwEcOd_HpnA,UC8r11yOugM2NuRfitQOxLLg,1
UCNkcuy42zEwddwEcOd_HpnA,UCzSfZlOVxBSs5ObD25ywxDQ,1
UCNkcuy42zEwddwEcOd_HpnA,UC8G5cJONY8L9voMyBW8Eoug,1
UCNkcuy42zEwddwEcOd_HpnA,UCsJJAvrVGupdmhOqgtDp8dg,1
UCNkcuy42zEwddwEcOd_HpnA,UCEgEQmRbtL5fwr9_DqAC--g,1
UCNkcuy42zEwddwEcOd_HpnA,UCQgYjVngJRfPHDLGB5X6ZjA,1
UCNkcuy42zEwddwEcOd_HpnA,UCAmtbUiIrUIhikru0ZoTFig,1
UCNkcuy42zEwddwEcOd_HpnA,UCB5p8a5gklc80jJItP6xTHg,1
UCNkcuy42zEwddwEcOd_HpnA,UC4cXueR2bKGFJV0Fk76gwmA,1
UCNkcuy42zEwddwEcOd_HpnA,UCiMythXHsw7eQEMykCdmMUA,1
UCNkcuy42zEwddwEcOd_HpnA,UCUIIIPTVDVHAXqhC_5V6lPA,1
UCNkcuy42zEwddwEcOd_HpnA,UCRlCV9zSn7avAWh-9_XFWqQ,1
UCNkcuy42zEwddwEcOd_HpnA,UCDQaQv0hr2SS_PO-CMEwVHg,1
UCNkcuy42zEwddwEcOd_HpnA,UCDlr1VadSucIZgZ171pRBjQ,1
UCNkcuy42zEwddwEcOd_HpnA,UC7VUuJr9cGh845CmTvf7TlQ,1
UCNkcuy42zEwddwEcOd_HpnA,UCA93ym2TXs_Ibyxb4Vcn-6Q,1
UCNkcuy42zEwddwEcOd_HpnA,UCXgr7vXlRrsaskPdo097kGA,1
UCNkcuy42zEwddwEcOd_HpnA,UCj-LL25XJnjxepPKCc3NGog,1
UCNkcuy42zEwddwEcOd_HpnA,UChgkn5Jt5tWKYMoEOuCjz3Q,1
UCNkcuy42zEwddwEcOd_HpnA,UCLggDc_a5HriXv7I1h02sOA,1
UCNkcuy42zEwddwEcOd_HpnA,UC3NMzdMYryaw82kPTnsaljg,1
UCNkcuy42zEwddwEcOd_HpnA,UCylqlpsh8ENNM1LqgQ1KbxA,1
UCNkcuy42zEwddwEcOd_HpnA,UCCaYwkkbQGcvFoUmothVdQQ,1
UCNkcuy42zEwddwEcOd_HpnA,UC9vMq1YF-e7C-VO0SHkbUTA,1
UCNkcuy42zEwddwEcOd_HpnA,UCr1emrogPKkKTs_WTtx71xg,1
UCNkcuy42zEwddwEcOd_HpnA,UCV0iizTBoOfdAFX_thfI9BA,1
UCNkcuy42zEwddwEcOd_HpnA,UCTylKrsqkrBKIqubMu_5N0Q,1
UCNkcuy42zEwddwEcOd_HpnA,UCDUffaruH6dyUnUGwsTKpgg,1
UCNkcuy42zEwddwEcOd_HpnA,UCN6qbfPSzFtjhqUDZ3Cv3CQ,1
UCNkcuy42zEwddwEcOd_HpnA,UCplrIQtaPj6au60_f2-mOYw,1
UCNkcuy42zEwddwEcOd_HpnA,UCLFdHr9BEbXHkoJopbEPLZw,1
UCNkcuy42zEwddwEcOd_HpnA,UCipetjeiWj4CZB6EbyYziZg,1
UCNkcuy42zEwddwEcOd_HpnA,UCXSkL3ejZ8qWYyF_M7s_QKA,1
UCNkcuy42zEwddwEcOd_HpnA,UCueV9cTyTDwgQSec1x2dYgA,1
UCNkcuy42zEwddwEcOd_HpnA,UCFjudnPLoaSL1BaRuLahyHg,1
UCNkcuy42zEwddwEcOd_HpnA,UCFxE8GbokBrBsPEKM1xrOjQ,1
UCNkcuy42zEwddwEcOd_HpnA,UCDIMztpVm7G27qBuiWuT6oQ,1
UCNkcuy42zEwddwEcOd_HpnA,UC-jS_kA9w-OmpupXDx156Rg,1
UCNkcuy42zEwddwEcOd_HpnA,UCsjs5Hp_r86x1xbK6FAeqaA,1
UCNkcuy42zEwddwEcOd_HpnA,UCQqetiwzzmRNTM5OWuXarGQ,1
UCNkcuy42zEwddwEcOd_HpnA,UCQtSFINs1h6GHkpg9o5kMvg,1
UCNkcuy42zEwddwEcOd_HpnA,UCsUCN0Yq_UyTvKjOJLmNrnQ,1
UCNkcuy42zEwddwEcOd_HpnA,UCAlzM_N6xBlMYmM8EBzX86Q,1
UCNkcuy42zEwddwEcOd_HpnA,UCfM3nrxtTQMY5jFx1v1J4Gg,1
UCNkcuy42zEwddwEcOd_HpnA,UCFhxtoeARHPnXXPcDrOU3Xg,1
UCNkcuy42zEwddwEcOd_HpnA,UCNBnKqWf4d-rS4HwJRQljmQ,1
UCNkcuy42zEwddwEcOd_HpnA,UC650pRT-OYzny3GwOH8Cgfw,1
UCNkcuy42zEwddwEcOd_HpnA,UCxff05WuyvwELNITi7bj7UA,1
UCNkcuy42zEwddwEcOd_HpnA,UC-pNP6RMFuLg_-x7Ah_0kEA,1
UCNkcuy42zEwddwEcOd_HpnA,UCGzXwyCzMzGmjmCbH3Hg01Q,1
UCNkcuy42zEwddwEcOd_HpnA,UCQtICyzWmhC5woCtbNgaSmg,1
UCNkcuy42zEwddwEcOd_HpnA,UCTD6q1nyIe3Y7HhqjaMj72w,1
UCNkcuy42zEwddwEcOd_HpnA,UCpsKOkt5iWTbenzeuq7dsmQ,1
UCNkcuy42zEwddwEcOd_HpnA,UCi1b_TRQfgO1Z9O2gNGGWNA,1
UCNkcuy42zEwddwEcOd_HpnA,UCZLG9qH0tUjNhEGFIUt0CYw,1
UCNkcuy42zEwddwEcOd_HpnA,UCzoL2l5H5eVlorWGH8AZfAg,1
UCNkcuy42zEwddwEcOd_HpnA,UCKDR0f2fu2UzWL8mBv5-BHw,1
UCNkcuy42zEwddwEcOd_HpnA,UCjmPuazZJzscrwvk0QR9RVw,1
UCNkcuy42zEwddwEcOd_HpnA,UCwha8rxULYMVtNwZWeSkE1A,1
UCNkcuy42zEwddwEcOd_HpnA,UCQ_-LPP8JAbfkc-b1Q6NvWw,1
UCNkcuy42zEwddwEcOd_HpnA,UCHhHUjaMAZ8SiXdCUCj9DkQ,1
UCNkcuy42zEwddwEcOd_HpnA,UCRelkU8JiZBytTzebJxaa-w,1
UCNkcuy42zEwddwEcOd_HpnA,UC3MYTqpQqlWBuCB7Th0e0PA,1
UCNkcuy42zEwddwEcOd_HpnA,UCZ51R_9Q9C0c8I3pAWhtmjQ,1
UCNkcuy42zEwddwEcOd_HpnA,UCujPF2nBgsTD62nWE3lcpIg,1
UCNkcuy42zEwddwEcOd_HpnA,UC9xr9QvIcDvoZNUX5f-jaZw,1
UCNkcuy42zEwddwEcOd_HpnA,UCYN4wSQ1Sx4_LurxLlW7MPg,1
UCNkcuy42zEwddwEcOd_HpnA,UCOh6DaZC_x9HASnlRylEMfw,1
UCNkcuy42zEwddwEcOd_HpnA,UCTP3O0rMnc8z8v8jaDQwL0w,1
UCNkcuy42zEwddwEcOd_HpnA,UChep9kVb5gQmpodEEl10Xlg,1
UCNkcuy42zEwddwEcOd_HpnA,UCFoIAE8k82D6AV-8gjjKaNg,1
UCwUAv3_LpWVtTIi7lkmTL7A,UC5fvhAfm89JH8eDFdvc0xYw,1
UCwUAv3_LpWVtTIi7lkmTL7A,UC_ljZ1hZXR9pzexFz87P5ZA,1
UCwUAv3_LpWVtTIi7lkmTL7A,UCRcSR3Lvn9DZAmJpVPANfZQ,1
UCwUAv3_LpWVtTIi7lkmTL7A,UCY7Hq7F9Lnucf-Yr6JkHZNw,1
UCwUAv3_LpWVtTIi7lkmTL7A,UCIUhbSCy3-SGRe5UtqM4fzQ,1
UCwUAv3_LpWVtTIi7lkmTL7A,UCSTAUWVc1_82DHYeqOsqEFA,1
UCwUAv3_LpWVtTIi7lkmTL7A,UCGqKxQS-z3NZzZF-2w338AA,1
UCwUAv3_LpWVtTIi7lkmTL7A,UCtMBF_1O2jY2INlb_luuB_A,1
UCwUAv3_LpWVtTIi7lkmTL7A,UCIp19h9igblA2YKfSLPDAug,1
UCwUAv3_LpWVtTIi7lkmTL7A,UCs_5qeqdku9tGAq22y3OcuQ,1
UCwUAv3_LpWVtTIi7lkmTL7A,UCXmrpc6Li0spcKxtS0Q_ptg,1
UCwUAv3_LpWVtTIi7lkmTL7A,UCHMQ_lDhibZ-XZ_3fo6oxwg,1
UCwUAv3_LpWVtTIi7lkmTL7A,UCxKR3RA8T-kxMgq_2WWhRcQ,1
UCwUAv3_LpWVtTIi7lkmTL7A,UCgLrWFdYitoP-b7-PxtUr-w,1
UCwUAv3_LpWVtTIi7lkmTL7A,UCqilIa8r7iek5sGYg_q6ofA,1
UCwUAv3_LpWVtTIi7lkmTL7A,UCFOxCyF926Y9eHhMeVoWLzw,1
UCwUAv3_LpWVtTIi7lkmTL7A,UCRznz9-N3Qc1w-qNdLSIY2Q,1
UCvApqeCbLod-wejtT4CcVuA,UC2weSE8rpqkGMOp6StYtVfg,1
UCvApqeCbLod-wejtT4CcVuA,UCiGRBf2RNF0WRKhRVT7zFoA,1
UCvApqeCbLod-wejtT4CcVuA,UC3E9mAgP7VoAE5mZoAexl5g,1
UCvApqeCbLod-wejtT4CcVuA,UCut6b9S98nv84cVX89PmKzA,1
UCvApqeCbLod-wejtT4CcVuA,UCXXh7yg5KUFIWylTiKVEFKQ,1
UCvApqeCbLod-wejtT4CcVuA,UCz3gu01bmjNv0DpRq-K3XYg,1
UCvApqeCbLod-wejtT4CcVuA,UCp4iw5_5SmV9VGTFSNVGOmQ,1
UCvApqeCbLod-wejtT4CcVuA,UCWIZUtKJ636y-4TYrNvok0g,1
UCvApqeCbLod-wejtT4CcVuA,UCgvw7xIdGFupzpt1Y_BFkEA,1
UCvApqeCbLod-wejtT4CcVuA,UCtUR3_CAiE7fCoZHM6cMfyQ,1
UCvApqeCbLod-wejtT4CcVuA,UCmvOgzmmXbjUthHy-WJ52hQ,1
UCvApqeCbLod-wejtT4CcVuA,UCtNfIBnc5S5DbbQj_yxgJTw,1
UCvApqeCbLod-wejtT4CcVuA,UCmjppp6ujz3SAnULvP3sZMw,1
UCvApqeCbLod-wejtT4CcVuA,UCYwpX26TrCxq8TvbKGRYLXA,1
UCvApqeCbLod-wejtT4CcVuA,UCL13XhnRzbGokEkCkEOb0-g,1
UCvApqeCbLod-wejtT4CcVuA,UChZknRmJkeGeQk0-mQuhDOg,1
UCvApqeCbLod-wejtT4CcVuA,UCThW2XNsAaBKme5PUt7n-Zg,1
UCvApqeCbLod-wejtT4CcVuA,UC5bG9nc_JV3FsNP2KseQiYw,1
UCvApqeCbLod-wejtT4CcVuA,UCL1MT278vSaQ83ZDkVWn1gw,1
UCvApqeCbLod-wejtT4CcVuA,UCh5ESQvtzyHDhCA7XyekCFA,1
UCvApqeCbLod-wejtT4CcVuA,UCDftMWXQoJ6nONfY7GVOVjg,1
UCvApqeCbLod-wejtT4CcVuA,UC8r11yOugM2NuRfitQOxLLg,1
UCvApqeCbLod-wejtT4CcVuA,UCzSfZlOVxBSs5ObD25ywxDQ,1
UCvApqeCbLod-wejtT4CcVuA,UC8G5cJONY8L9voMyBW8Eoug,1
UCvApqeCbLod-wejtT4CcVuA,UCsJJAvrVGupdmhOqgtDp8dg,1
UCvApqeCbLod-wejtT4CcVuA,UCEgEQmRbtL5fwr9_DqAC--g,1
UCvApqeCbLod-wejtT4CcVuA,UCQgYjVngJRfPHDLGB5X6ZjA,1
UCvApqeCbLod-wejtT4CcVuA,UCAmtbUiIrUIhikru0ZoTFig,1
UCvApqeCbLod-wejtT4CcVuA,UCB5p8a5gklc80jJItP6xTHg,1
UCvApqeCbLod-wejtT4CcVuA,UC4cXueR2bKGFJV0Fk76gwmA,1
UCvApqeCbLod-wejtT4CcVuA,UCiMythXHsw7eQEMykCdmMUA,1
UCvApqeCbLod-wejtT4CcVuA,UCUIIIPTVDVHAXqhC_5V6lPA,1
UCvApqeCbLod-wejtT4CcVuA,UCRlCV9zSn7avAWh-9_XFWqQ,1
UCvApqeCbLod-wejtT4CcVuA,UCDQaQv0hr2SS_PO-CMEwVHg,1
UCvApqeCbLod-wejtT4CcVuA,UCDlr1VadSucIZgZ171pRBjQ,1
UCvApqeCbLod-wejtT4CcVuA,UC7VUuJr9cGh845CmTvf7TlQ,1
UCvApqeCbLod-wejtT4CcVuA,UCA93ym2TXs_Ibyxb4Vcn-6Q,1
UCvApqeCbLod-wejtT4CcVuA,UCXgr7vXlRrsaskPdo097kGA,1
UCvApqeCbLod-wejtT4CcVuA,UCj-LL25XJnjxepPKCc3NGog,1
UCvApqeCbLod-wejtT4CcVuA,UChgkn5Jt5tWKYMoEOuCjz3Q,1
UCvApqeCbLod-wejtT4CcVuA,UCLggDc_a5HriXv7I1h02sOA,1
UCvApqeCbLod-wejtT4CcVuA,UC3NMzdMYryaw82kPTnsaljg,1
UCvApqeCbLod-wejtT4CcVuA,UCylqlpsh8ENNM1LqgQ1KbxA,1
UCvApqeCbLod-wejtT4CcVuA,UCCaYwkkbQGcvFoUmothVdQQ,1
UCvApqeCbLod-wejtT4CcVuA,UC9vMq1YF-e7C-VO0SHkbUTA,1
UCvApqeCbLod-wejtT4CcVuA,UCr1emrogPKkKTs_WTtx71xg,1
UCvApqeCbLod-wejtT4CcVuA,UCV0iizTBoOfdAFX_thfI9BA,1
UCvApqeCbLod-wejtT4CcVuA,UCTylKrsqkrBKIqubMu_5N0Q,1
UCvApqeCbLod-wejtT4CcVuA,UCDUffaruH6dyUnUGwsTKpgg,1
UCvApqeCbLod-wejtT4CcVuA,UCN6qbfPSzFtjhqUDZ3Cv3CQ,1
UCvApqeCbLod-wejtT4CcVuA,UCplrIQtaPj6au60_f2-mOYw,1
UCvApqeCbLod-wejtT4CcVuA,UCLFdHr9BEbXHkoJopbEPLZw,1
UCvApqeCbLod-wejtT4CcVuA,UCipetjeiWj4CZB6EbyYziZg,1
UCvApqeCbLod-wejtT4CcVuA,UCXSkL3ejZ8qWYyF_M7s_QKA,1
UCvApqeCbLod-wejtT4CcVuA,UCueV9cTyTDwgQSec1x2dYgA,1
UCvApqeCbLod-wejtT4CcVuA,UCFjudnPLoaSL1BaRuLahyHg,1
UCvApqeCbLod-wejtT4CcVuA,UCFxE8GbokBrBsPEKM1xrOjQ,1
UCvApqeCbLod-wejtT4CcVuA,UCDIMztpVm7G27qBuiWuT6oQ,1
UCvApqeCbLod-wejtT4CcVuA,UC-jS_kA9w-OmpupXDx156Rg,1
UCvApqeCbLod-wejtT4CcVuA,UCsjs5Hp_r86x1xbK6FAeqaA,1
UCvApqeCbLod-wejtT4CcVuA,UCQqetiwzzmRNTM5OWuXarGQ,1
UCvApqeCbLod-wejtT4CcVuA,UCQtSFINs1h6GHkpg9o5kMvg,1
UCvApqeCbLod-wejtT4CcVuA,UCsUCN0Yq_UyTvKjOJLmNrnQ,1
UCvApqeCbLod-wejtT4CcVuA,UCAlzM_N6xBlMYmM8EBzX86Q,1
UCvApqeCbLod-wejtT4CcVuA,UCfM3nrxtTQMY5jFx1v1J4Gg,1
UCvApqeCbLod-wejtT4CcVuA,UCFhxtoeARHPnXXPcDrOU3Xg,1
UCvApqeCbLod-wejtT4CcVuA,UCNBnKqWf4d-rS4HwJRQljmQ,1
UCvApqeCbLod-wejtT4CcVuA,UC650pRT-OYzny3GwOH8Cgfw,1
UCvApqeCbLod-wejtT4CcVuA,UCxff05WuyvwELNITi7bj7UA,1
UCvApqeCbLod-wejtT4CcVuA,UC-pNP6RMFuLg_-x7Ah_0kEA,1
UCvApqeCbLod-wejtT4CcVuA,UCGzXwyCzMzGmjmCbH3Hg01Q,1
UCvApqeCbLod-wejtT4CcVuA,UCQtICyzWmhC5woCtbNgaSmg,1
UCvApqeCbLod-wejtT4CcVuA,UCTD6q1nyIe3Y7HhqjaMj72w,1
UCvApqeCbLod-wejtT4CcVuA,UCpsKOkt5iWTbenzeuq7dsmQ,1
UCvApqeCbLod-wejtT4CcVuA,UCi1b_TRQfgO1Z9O2gNGGWNA,1
UCvApqeCbLod-wejtT4CcVuA,UCZLG9qH0tUjNhEGFIUt0CYw,1
UCvApqeCbLod-wejtT4CcVuA,UCzoL2l5H5eVlorWGH8AZfAg,1
UCvApqeCbLod-wejtT4CcVuA,UCKDR0f2fu2UzWL8mBv5-BHw,1
UCvApqeCbLod-wejtT4CcVuA,UCjmPuazZJzscrwvk0QR9RVw,1
UCvApqeCbLod-wejtT4CcVuA,UCwha8rxULYMVtNwZWeSkE1A,1
UCvApqeCbLod-wejtT4CcVuA,UCQ_-LPP8JAbfkc-b1Q6NvWw,1
UCvApqeCbLod-wejtT4CcVuA,UCHhHUjaMAZ8SiXdCUCj9DkQ,1
UCvApqeCbLod-wejtT4CcVuA,UCRelkU8JiZBytTzebJxaa-w,1
UCvApqeCbLod-wejtT4CcVuA,UC3MYTqpQqlWBuCB7Th0e0PA,1
UCvApqeCbLod-wejtT4CcVuA,UCZ51R_9Q9C0c8I3pAWhtmjQ,1
UCvApqeCbLod-wejtT4CcVuA,UCujPF2nBgsTD62nWE3lcpIg,1
UCvApqeCbLod-wejtT4CcVuA,UC9xr9QvIcDvoZNUX5f-jaZw,1
UCvApqeCbLod-wejtT4CcVuA,UCYN4wSQ1Sx4_LurxLlW7MPg,1
UCvApqeCbLod-wejtT4CcVuA,UCOh6DaZC_x9HASnlRylEMfw,1
UCvApqeCbLod-wejtT4CcVuA,UCTP3O0rMnc8z8v8jaDQwL0w,1
UCvApqeCbLod-wejtT4CcVuA,UChep9kVb5gQmpodEEl10Xlg,1
UCvApqeCbLod-wejtT4CcVuA,UCFoIAE8k82D6AV-8gjjKaNg,1
UCtUR3_CAiE7fCoZHM6cMfyQ,UC2weSE8rpqkGMOp6StYtVfg,1
UCtUR3_CAiE7fCoZHM6cMfyQ,UCiGRBf2RNF0WRKhRVT7zFoA,1
UCtUR3_CAiE7fCoZHM6cMfyQ,UC3E9mAgP7VoAE5mZoAexl5g,1
UCtUR3_CAiE7fCoZHM6cMfyQ,UCut6b9S98nv84cVX89PmKzA,1
UCtUR3_CAiE7fCoZHM6cMfyQ,UCXXh7yg5KUFIWylTiKVEFKQ,1
UCtUR3_CAiE7fCoZHM6cMfyQ,UCz3gu01bmjNv0DpRq-K3XYg,1
UCtUR3_CAiE7fCoZHM6cMfyQ,UCp4iw5_5SmV9VGTFSNVGOmQ,1
UCtUR3_CAiE7fCoZHM6cMfyQ,UCWIZUtKJ636y-4TYrNvok0g,1
UCtUR3_CAiE7fCoZHM6cMfyQ,UCgvw7xIdGFupzpt1Y_BFkEA,1
UCtUR3_CAiE7fCoZHM6cMfyQ,UCmvOgzmmXbjUthHy-WJ52hQ,1
UCtUR3_CAiE7fCoZHM6cMfyQ,UCtNfIBnc5S5DbbQj_yxgJTw,1
UCtUR3_CAiE7fCoZHM6cMfyQ,UCmjppp6ujz3SAnULvP3sZMw,1
UCtUR3_CAiE7fCoZHM6cMfyQ,UCYwpX26TrCxq8TvbKGRYLXA,1
UCtUR3_CAiE7fCoZHM6cMfyQ,UCL13XhnRzbGokEkCkEOb0-g,1
UCtUR3_CAiE7fCoZHM6cMfyQ,UChZknRmJkeGeQk0-mQuhDOg,1
UCtUR3_CAiE7fCoZHM6cMfyQ,UCThW2XNsAaBKme5PUt7n-Zg,1
UCtUR3_CAiE7fCoZHM6cMfyQ,UC5bG9nc_JV3FsNP2KseQiYw,1
UCtUR3_CAiE7fCoZHM6cMfyQ,UCL1MT278vSaQ83ZDkVWn1gw,1
UCtUR3_CAiE7fCoZHM6cMfyQ,UCh5ESQvtzyHDhCA7XyekCFA,1
UCtUR3_CAiE7fCoZHM6cMfyQ,UCDftMWXQoJ6nONfY7GVOVjg,1
UCtUR3_CAiE7fCoZHM6cMfyQ,UC8r11yOugM2NuRfitQOxLLg,1
UCtUR3_CAiE7fCoZHM6cMfyQ,UCzSfZlOVxBSs5ObD25ywxDQ,1
UCtUR3_CAiE7fCoZHM6cMfyQ,UC8G5cJONY8L9voMyBW8Eoug,1
UCtUR3_CAiE7fCoZHM6cMfyQ,UCsJJAvrVGupdmhOqgtDp8dg,1
UCtUR3_CAiE7fCoZHM6cMfyQ,UCEgEQmRbtL5fwr9_DqAC--g,1
UCtUR3_CAiE7fCoZHM6cMfyQ,UCQgYjVngJRfPHDLGB5X6ZjA,1
UCtUR3_CAiE7fCoZHM6cMfyQ,UCAmtbUiIrUIhikru0ZoTFig,1
UCtUR3_CAiE7fCoZHM6cMfyQ,UCB5p8a5gklc80jJItP6xTHg,1
UCtUR3_CAiE7fCoZHM6cMfyQ,UC4cXueR2bKGFJV0Fk76gwmA,1
UCtUR3_CAiE7fCoZHM6cMfyQ,UCiMythXHsw7eQEMykCdmMUA,1
UCtUR3_CAiE7fCoZHM6cMfyQ,UCUIIIPTVDVHAXqhC_5V6lPA,1
UCtUR3_CAiE7fCoZHM6cMfyQ,UCRlCV9zSn7avAWh-9_XFWqQ,1
UCtUR3_CAiE7fCoZHM6cMfyQ,UCDQaQv0hr2SS_PO-CMEwVHg,1
UCtUR3_CAiE7fCoZHM6cMfyQ,UCDlr1VadSucIZgZ171pRBjQ,1
UCtUR3_CAiE7fCoZHM6cMfyQ,UC7VUuJr9cGh845CmTvf7TlQ,1
UCtUR3_CAiE7fCoZHM6cMfyQ,UCA93ym2TXs_Ibyxb4Vcn-6Q,1
UCtUR3_CAiE7fCoZHM6cMfyQ,UCXgr7vXlRrsaskPdo097kGA,1
UCtUR3_CAiE7fCoZHM6cMfyQ,UCj-LL25XJnjxepPKCc3NGog,1
UCtUR3_CAiE7fCoZHM6cMfyQ,UChgkn5Jt5tWKYMoEOuCjz3Q,1
UCtUR3_CAiE7fCoZHM6cMfyQ,UCLggDc_a5HriXv7I1h02sOA,1
UCtUR3_CAiE7fCoZHM6cMfyQ,UC3NMzdMYryaw82kPTnsaljg,1
UCtUR3_CAiE7fCoZHM6cMfyQ,UCylqlpsh8ENNM1LqgQ1KbxA,1
UCtUR3_CAiE7fCoZHM6cMfyQ,UCCaYwkkbQGcvFoUmothVdQQ,1
UCtUR3_CAiE7fCoZHM6cMfyQ,UC9vMq1YF-e7C-VO0SHkbUTA,1
UCtUR3_CAiE7fCoZHM6cMfyQ,UCr1emrogPKkKTs_WTtx71xg,1
UCtUR3_CAiE7fCoZHM6cMfyQ,UCV0iizTBoOfdAFX_thfI9BA,1
UCtUR3_CAiE7fCoZHM6cMfyQ,UCTylKrsqkrBKIqubMu_5N0Q,1
UCtUR3_CAiE7fCoZHM6cMfyQ,UCDUffaruH6dyUnUGwsTKpgg,1
UCtUR3_CAiE7fCoZHM6cMfyQ,UCN6qbfPSzFtjhqUDZ3Cv3CQ,1
UCtUR3_CAiE7fCoZHM6cMfyQ,UCplrIQtaPj6au60_f2-mOYw,1
UCtUR3_CAiE7fCoZHM6cMfyQ,UCLFdHr9BEbXHkoJopbEPLZw,1
UCtUR3_CAiE7fCoZHM6cMfyQ,UCipetjeiWj4CZB6EbyYziZg,1
UCtUR3_CAiE7fCoZHM6cMfyQ,UCXSkL3ejZ8qWYyF_M7s_QKA,1
UCtUR3_CAiE7fCoZHM6cMfyQ,UCueV9cTyTDwgQSec1x2dYgA,1
UCtUR3_CAiE7fCoZHM6cMfyQ,UCFjudnPLoaSL1BaRuLahyHg,1
UCtUR3_CAiE7fCoZHM6cMfyQ,UCFxE8GbokBrBsPEKM1xrOjQ,1
UCtUR3_CAiE7fCoZHM6cMfyQ,UCDIMztpVm7G27qBuiWuT6oQ,1
UCtUR3_CAiE7fCoZHM6cMfyQ,UC-jS_kA9w-OmpupXDx156Rg,1
UCtUR3_CAiE7fCoZHM6cMfyQ,UCsjs5Hp_r86x1xbK6FAeqaA,1
UCtUR3_CAiE7fCoZHM6cMfyQ,UCQqetiwzzmRNTM5OWuXarGQ,1
UCtUR3_CAiE7fCoZHM6cMfyQ,UCQtSFINs1h6GHkpg9o5kMvg,1
UCtUR3_CAiE7fCoZHM6cMfyQ,UCsUCN0Yq_UyTvKjOJLmNrnQ,1
UCtUR3_CAiE7fCoZHM6cMfyQ,UCAlzM_N6xBlMYmM8EBzX86Q,1
UCtUR3_CAiE7fCoZHM6cMfyQ,UCfM3nrxtTQMY5jFx1v1J4Gg,1
UCtUR3_CAiE7fCoZHM6cMfyQ,UCFhxtoeARHPnXXPcDrOU3Xg,1
UCtUR3_CAiE7fCoZHM6cMfyQ,UCNBnKqWf4d-rS4HwJRQljmQ,1
UCtUR3_CAiE7fCoZHM6cMfyQ,UC650pRT-OYzny3GwOH8Cgfw,1
UCtUR3_CAiE7fCoZHM6cMfyQ,UCxff05WuyvwELNITi7bj7UA,1
UCtUR3_CAiE7fCoZHM6cMfyQ,UC-pNP6RMFuLg_-x7Ah_0kEA,1
UCtUR3_CAiE7fCoZHM6cMfyQ,UCGzXwyCzMzGmjmCbH3Hg01Q,1
UCtUR3_CAiE7fCoZHM6cMfyQ,UCQtICyzWmhC5woCtbNgaSmg,1
UCtUR3_CAiE7fCoZHM6cMfyQ,UCTD6q1nyIe3Y7HhqjaMj72w,1
UCtUR3_CAiE7fCoZHM6cMfyQ,UCpsKOkt5iWTbenzeuq7dsmQ,1
UCtUR3_CAiE7fCoZHM6cMfyQ,UCi1b_TRQfgO1Z9O2gNGGWNA,1
UCtUR3_CAiE7fCoZHM6cMfyQ,UCZLG9qH0tUjNhEGFIUt0CYw,1
UCtUR3_CAiE7fCoZHM6cMfyQ,UCzoL2l5H5eVlorWGH8AZfAg,1
UCtUR3_CAiE7fCoZHM6cMfyQ,UCKDR0f2fu2UzWL8mBv5-BHw,1
UCtUR3_CAiE7fCoZHM6cMfyQ,UCjmPuazZJzscrwvk0QR9RVw,1
UCtUR3_CAiE7fCoZHM6cMfyQ,UCwha8rxULYMVtNwZWeSkE1A,1
UCtUR3_CAiE7fCoZHM6cMfyQ,UCQ_-LPP8JAbfkc-b1Q6NvWw,1
UCtUR3_CAiE7fCoZHM6cMfyQ,UCHhHUjaMAZ8SiXdCUCj9DkQ,1
UCtUR3_CAiE7fCoZHM6cMfyQ,UCRelkU8JiZBytTzebJxaa-w,1
UCtUR3_CAiE7fCoZHM6cMfyQ,UC3MYTqpQqlWBuCB7Th0e0PA,1
UCtUR3_CAiE7fCoZHM6cMfyQ,UCZ51R_9Q9C0c8I3pAWhtmjQ,1
UCtUR3_CAiE7fCoZHM6cMfyQ,UCujPF2nBgsTD62nWE3lcpIg,1
UCtUR3_CAiE7fCoZHM6cMfyQ,UC9xr9QvIcDvoZNUX5f-jaZw,1
UCtUR3_CAiE7fCoZHM6cMfyQ,UCYN4wSQ1Sx4_LurxLlW7MPg,1
UCtUR3_CAiE7fCoZHM6cMfyQ,UCOh6DaZC_x9HASnlRylEMfw,1
UCtUR3_CAiE7fCoZHM6cMfyQ,UCTP3O0rMnc8z8v8jaDQwL0w,1
UCtUR3_CAiE7fCoZHM6cMfyQ,UChep9kVb5gQmpodEEl10Xlg,1
UCtUR3_CAiE7fCoZHM6cMfyQ,UCFoIAE8k82D6AV-8gjjKaNg,1
UCmvOgzmmXbjUthHy-WJ52hQ,UC2weSE8rpqkGMOp6StYtVfg,1
UCmvOgzmmXbjUthHy-WJ52hQ,UCiGRBf2RNF0WRKhRVT7zFoA,1
UCmvOgzmmXbjUthHy-WJ52hQ,UC3E9mAgP7VoAE5mZoAexl5g,1
UCmvOgzmmXbjUthHy-WJ52hQ,UCut6b9S98nv84cVX89PmKzA,1
UCmvOgzmmXbjUthHy-WJ52hQ,UCXXh7yg5KUFIWylTiKVEFKQ,1
UCmvOgzmmXbjUthHy-WJ52hQ,UCz3gu01bmjNv0DpRq-K3XYg,1
UCmvOgzmmXbjUthHy-WJ52hQ,UCp4iw5_5SmV9VGTFSNVGOmQ,1
UCmvOgzmmXbjUthHy-WJ52hQ,UCWIZUtKJ636y-4TYrNvok0g,1
UCmvOgzmmXbjUthHy-WJ52hQ,UCgvw7xIdGFupzpt1Y_BFkEA,1
UCmvOgzmmXbjUthHy-WJ52hQ,UCtNfIBnc5S5DbbQj_yxgJTw,1
UCmvOgzmmXbjUthHy-WJ52hQ,UCmjppp6ujz3SAnULvP3sZMw,1
UCmvOgzmmXbjUthHy-WJ52hQ,UCYwpX26TrCxq8TvbKGRYLXA,1
UCmvOgzmmXbjUthHy-WJ52hQ,UCL13XhnRzbGokEkCkEOb0-g,1
UCmvOgzmmXbjUthHy-WJ52hQ,UChZknRmJkeGeQk0-mQuhDOg,1
UCmvOgzmmXbjUthHy-WJ52hQ,UCThW2XNsAaBKme5PUt7n-Zg,1
UCmvOgzmmXbjUthHy-WJ52hQ,UC5bG9nc_JV3FsNP2KseQiYw,1
UCmvOgzmmXbjUthHy-WJ52hQ,UCL1MT278vSaQ83ZDkVWn1gw,1
UCmvOgzmmXbjUthHy-WJ52hQ,UCh5ESQvtzyHDhCA7XyekCFA,1
UCmvOgzmmXbjUthHy-WJ52hQ,UCDftMWXQoJ6nONfY7GVOVjg,1
UCmvOgzmmXbjUthHy-WJ52hQ,UC8r11yOugM2NuRfitQOxLLg,1
UCmvOgzmmXbjUthHy-WJ52hQ,UCzSfZlOVxBSs5ObD25ywxDQ,1
UCmvOgzmmXbjUthHy-WJ52hQ,UC8G5cJONY8L9voMyBW8Eoug,1
UCmvOgzmmXbjUthHy-WJ52hQ,UCsJJAvrVGupdmhOqgtDp8dg,1
UCmvOgzmmXbjUthHy-WJ52hQ,UCEgEQmRbtL5fwr9_DqAC--g,1
UCmvOgzmmXbjUthHy-WJ52hQ,UCQgYjVngJRfPHDLGB5X6ZjA,1
UCmvOgzmmXbjUthHy-WJ52hQ,UCAmtbUiIrUIhikru0ZoTFig,1
UCmvOgzmmXbjUthHy-WJ52hQ,UCB5p8a5gklc80jJItP6xTHg,1
UCmvOgzmmXbjUthHy-WJ52hQ,UC4cXueR2bKGFJV0Fk76gwmA,1
UCmvOgzmmXbjUthHy-WJ52hQ,UCiMythXHsw7eQEMykCdmMUA,1
UCmvOgzmmXbjUthHy-WJ52hQ,UCUIIIPTVDVHAXqhC_5V6lPA,1
UCmvOgzmmXbjUthHy-WJ52hQ,UCRlCV9zSn7avAWh-9_XFWqQ,1
UCmvOgzmmXbjUthHy-WJ52hQ,UCDQaQv0hr2SS_PO-CMEwVHg,1
UCmvOgzmmXbjUthHy-WJ52hQ,UCDlr1VadSucIZgZ171pRBjQ,1
UCmvOgzmmXbjUthHy-WJ52hQ,UC7VUuJr9cGh845CmTvf7TlQ,1
UCmvOgzmmXbjUthHy-WJ52hQ,UCA93ym2TXs_Ibyxb4Vcn-6Q,1
UCmvOgzmmXbjUthHy-WJ52hQ,UCXgr7vXlRrsaskPdo097kGA,1
UCmvOgzmmXbjUthHy-WJ52hQ,UCj-LL25XJnjxepPKCc3NGog,1
UCmvOgzmmXbjUthHy-WJ52hQ,UChgkn5Jt5tWKYMoEOuCjz3Q,1
UCmvOgzmmXbjUthHy-WJ52hQ,UCLggDc_a5HriXv7I1h02sOA,1
UCmvOgzmmXbjUthHy-WJ52hQ,UC3NMzdMYryaw82kPTnsaljg,1
UCmvOgzmmXbjUthHy-WJ52hQ,UCylqlpsh8ENNM1LqgQ1KbxA,1
UCmvOgzmmXbjUthHy-WJ52hQ,UCCaYwkkbQGcvFoUmothVdQQ,1
UCmvOgzmmXbjUthHy-WJ52hQ,UC9vMq1YF-e7C-VO0SHkbUTA,1
UCmvOgzmmXbjUthHy-WJ52hQ,UCr1emrogPKkKTs_WTtx71xg,1
UCmvOgzmmXbjUthHy-WJ52hQ,UCV0iizTBoOfdAFX_thfI9BA,1
UCmvOgzmmXbjUthHy-WJ52hQ,UCTylKrsqkrBKIqubMu_5N0Q,1
UCmvOgzmmXbjUthHy-WJ52hQ,UCDUffaruH6dyUnUGwsTKpgg,1
UCmvOgzmmXbjUthHy-WJ52hQ,UCN6qbfPSzFtjhqUDZ3Cv3CQ,1
UCmvOgzmmXbjUthHy-WJ52hQ,UCplrIQtaPj6au60_f2-mOYw,1
UCmvOgzmmXbjUthHy-WJ52hQ,UCLFdHr9BEbXHkoJopbEPLZw,1
UCmvOgzmmXbjUthHy-WJ52hQ,UCipetjeiWj4CZB6EbyYziZg,1
UCmvOgzmmXbjUthHy-WJ52hQ,UCXSkL3ejZ8qWYyF_M7s_QKA,1
UCmvOgzmmXbjUthHy-WJ52hQ,UCueV9cTyTDwgQSec1x2dYgA,1
UCmvOgzmmXbjUthHy-WJ52hQ,UCFjudnPLoaSL1BaRuLahyHg,1
UCmvOgzmmXbjUthHy-WJ52hQ,UCFxE8GbokBrBsPEKM1xrOjQ,1
UCmvOgzmmXbjUthHy-WJ52hQ,UCDIMztpVm7G27qBuiWuT6oQ,1
UCmvOgzmmXbjUthHy-WJ52hQ,UC-jS_kA9w-OmpupXDx156Rg,1
UCmvOgzmmXbjUthHy-WJ52hQ,UCsjs5Hp_r86x1xbK6FAeqaA,1
UCmvOgzmmXbjUthHy-WJ52hQ,UCQqetiwzzmRNTM5OWuXarGQ,1
UCmvOgzmmXbjUthHy-WJ52hQ,UCQtSFINs1h6GHkpg9o5kMvg,1
UCmvOgzmmXbjUthHy-WJ52hQ,UCsUCN0Yq_UyTvKjOJLmNrnQ,1
UCmvOgzmmXbjUthHy-WJ52hQ,UCAlzM_N6xBlMYmM8EBzX86Q,1
UCmvOgzmmXbjUthHy-WJ52hQ,UCfM3nrxtTQMY5jFx1v1J4Gg,1
UCmvOgzmmXbjUthHy-WJ52hQ,UCFhxtoeARHPnXXPcDrOU3Xg,1
UCmvOgzmmXbjUthHy-WJ52hQ,UCNBnKqWf4d-rS4HwJRQljmQ,1
UCmvOgzmmXbjUthHy-WJ52hQ,UC650pRT-OYzny3GwOH8Cgfw,1
UCmvOgzmmXbjUthHy-WJ52hQ,UCxff05WuyvwELNITi7bj7UA,1
UCmvOgzmmXbjUthHy-WJ52hQ,UC-pNP6RMFuLg_-x7Ah_0kEA,1
UCmvOgzmmXbjUthHy-WJ52hQ,UCGzXwyCzMzGmjmCbH3Hg01Q,1
UCmvOgzmmXbjUthHy-WJ52hQ,UCQtICyzWmhC5woCtbNgaSmg,1
UCmvOgzmmXbjUthHy-WJ52hQ,UCTD6q1nyIe3Y7HhqjaMj72w,1
UCmvOgzmmXbjUthHy-WJ52hQ,UCpsKOkt5iWTbenzeuq7dsmQ,1
UCmvOgzmmXbjUthHy-WJ52hQ,UCi1b_TRQfgO1Z9O2gNGGWNA,1
UCmvOgzmmXbjUthHy-WJ52hQ,UCZLG9qH0tUjNhEGFIUt0CYw,1
UCmvOgzmmXbjUthHy-WJ52hQ,UCzoL2l5H5eVlorWGH8AZfAg,1
UCmvOgzmmXbjUthHy-WJ52hQ,UCKDR0f2fu2UzWL8mBv5-BHw,1
UCmvOgzmmXbjUthHy-WJ52hQ,UCjmPuazZJzscrwvk0QR9RVw,1
UCmvOgzmmXbjUthHy-WJ52hQ,UCwha8rxULYMVtNwZWeSkE1A,1
UCmvOgzmmXbjUthHy-WJ52hQ,UCQ_-LPP8JAbfkc-b1Q6NvWw,1
UCmvOgzmmXbjUthHy-WJ52hQ,UCHhHUjaMAZ8SiXdCUCj9DkQ,1
UCmvOgzmmXbjUthHy-WJ52hQ,UCRelkU8JiZBytTzebJxaa-w,1
UCmvOgzmmXbjUthHy-WJ52hQ,UC3MYTqpQqlWBuCB7Th0e0PA,1
UCmvOgzmmXbjUthHy-WJ52hQ,UCZ51R_9Q9C0c8I3pAWhtmjQ,1
UCmvOgzmmXbjUthHy-WJ52hQ,UCujPF2nBgsTD62nWE3lcpIg,1
UCmvOgzmmXbjUthHy-WJ52hQ,UC9xr9QvIcDvoZNUX5f-jaZw,1
UCmvOgzmmXbjUthHy-WJ52hQ,UCYN4wSQ1Sx4_LurxLlW7MPg,1
UCmvOgzmmXbjUthHy-WJ52hQ,UCOh6DaZC_x9HASnlRylEMfw,1
UCmvOgzmmXbjUthHy-WJ52hQ,UCTP3O0rMnc8z8v8jaDQwL0w,1
UCmvOgzmmXbjUthHy-WJ52hQ,UChep9kVb5gQmpodEEl10Xlg,1
UCmvOgzmmXbjUthHy-WJ52hQ,UCFoIAE8k82D6AV-8gjjKaNg,1
UCusjriFsDHEc2AOjqk-p5ig,UCNIeXbV_mEwpa412h1aqUWw,1
UCusjriFsDHEc2AOjqk-p5ig,UCzZ6dDCEsLMXbc5pCFXIprw,1
UCusjriFsDHEc2AOjqk-p5ig,UCVQf0tzL7xRzFJsABVVULpg,1
UCusjriFsDHEc2AOjqk-p5ig,UClsrFGJKWPxxw7MiaEdKLXw,1
UCusjriFsDHEc2AOjqk-p5ig,UCPZueDLrCS4BmTBRMA4q0fA,1
UCusjriFsDHEc2AOjqk-p5ig,UCGX_UbAQOXGZknv5iqklwTA,1
UCusjriFsDHEc2AOjqk-p5ig,UCAV7QIjYhbDJaycQycM_0eQ,1
UCusjriFsDHEc2AOjqk-p5ig,UCf5lnNZF7Qrtli9v4N_23WQ,1
UCusjriFsDHEc2AOjqk-p5ig,UCgQJgI9vu1FI2dnC9mrFthw,1
UCusjriFsDHEc2AOjqk-p5ig,UC8xlJWNHz1V_W6q3fbuQH8g,1
UCusjriFsDHEc2AOjqk-p5ig,UC1Y7x3h0c95Z8kUhi-Tzaeg,1
UCtCtts20bW6F9CSohau51Iw,UCtsxPYw8VUsH_FfnKg-0lmw,1
UCtCtts20bW6F9CSohau51Iw,UCgGqw4aqMdMVSGkKiMgrJRQ,1
UCtCtts20bW6F9CSohau51Iw,UCvDwJBBY1mHK70aTEYl6rsA,1
UCtCtts20bW6F9CSohau51Iw,UCzZ6dDCEsLMXbc5pCFXIprw,1
UCtCtts20bW6F9CSohau51Iw,UCyJhqmMbsvjpoarBBStA2kg,1
UCtCtts20bW6F9CSohau51Iw,UCV3fr-YOixFKCZBbJP1-X4w,1
UCtCtts20bW6F9CSohau51Iw,UCWvntqPQx99k_Z_skWKqNSA,1
UCtCtts20bW6F9CSohau51Iw,UCEHXl4VvvVpq-_4xC5tsbhg,1
UCtCtts20bW6F9CSohau51Iw,UC63tFvbQ_hJhGDi2nbjssjw,1
UCtCtts20bW6F9CSohau51Iw,UCp29O_C7cchZV8IxV7Crdag,1
UCtCtts20bW6F9CSohau51Iw,UC-HeUTT6_g-VoiWds2a4H-w,1
UCtCtts20bW6F9CSohau51Iw,UC1NiEdJ7gk6FlDexIalWnGg,1
UCtCtts20bW6F9CSohau51Iw,UCaT4saRcyqCLE657Rq2hhZQ,1
UCtCtts20bW6F9CSohau51Iw,UCjZgFEowMBrsjodqfovzdKw,1
UCtCtts20bW6F9CSohau51Iw,UCFybmWapGvBKcQod7cPPH9w,1
UCtCtts20bW6F9CSohau51Iw,UC0HvfEWozTHbwl_iEmJNvVA,1
UCtCtts20bW6F9CSohau51Iw,UCeQk-WfEA-cJRq4EKeE7TOw,1
UCtCtts20bW6F9CSohau51Iw,UCheEJ5GZuIvV0fj-nXyVwXw,1
UCtCtts20bW6F9CSohau51Iw,UChyps3dqY-VY1_wLeq-2lhw,1
UCtCtts20bW6F9CSohau51Iw,UC14qlobYKqD-DO0j6b75lcA,1
UCtCtts20bW6F9CSohau51Iw,UC3YpzAr7pcdKC7BVFEpYzog,1
UCtCtts20bW6F9CSohau51Iw,UCwxoKK59nGCeBqB2sXfDBIw,1
UCL13XhnRzbGokEkCkEOb0-g,UC2weSE8rpqkGMOp6StYtVfg,1
UCL13XhnRzbGokEkCkEOb0-g,UCiGRBf2RNF0WRKhRVT7zFoA,1
UCL13XhnRzbGokEkCkEOb0-g,UC3E9mAgP7VoAE5mZoAexl5g,1
UCL13XhnRzbGokEkCkEOb0-g,UCut6b9S98nv84cVX89PmKzA,1
UCL13XhnRzbGokEkCkEOb0-g,UCXXh7yg5KUFIWylTiKVEFKQ,1
UCL13XhnRzbGokEkCkEOb0-g,UCz3gu01bmjNv0DpRq-K3XYg,1
UCL13XhnRzbGokEkCkEOb0-g,UCp4iw5_5SmV9VGTFSNVGOmQ,1
UCL13XhnRzbGokEkCkEOb0-g,UCWIZUtKJ636y-4TYrNvok0g,1
UCL13XhnRzbGokEkCkEOb0-g,UCgvw7xIdGFupzpt1Y_BFkEA,1
UCL13XhnRzbGokEkCkEOb0-g,UCtNfIBnc5S5DbbQj_yxgJTw,1
UCL13XhnRzbGokEkCkEOb0-g,UCmjppp6ujz3SAnULvP3sZMw,1
UCL13XhnRzbGokEkCkEOb0-g,UCYwpX26TrCxq8TvbKGRYLXA,1
UCL13XhnRzbGokEkCkEOb0-g,UChZknRmJkeGeQk0-mQuhDOg,1
UCL13XhnRzbGokEkCkEOb0-g,UCThW2XNsAaBKme5PUt7n-Zg,1
UCL13XhnRzbGokEkCkEOb0-g,UC5bG9nc_JV3FsNP2KseQiYw,1
UCL13XhnRzbGokEkCkEOb0-g,UCL1MT278vSaQ83ZDkVWn1gw,1
UCL13XhnRzbGokEkCkEOb0-g,UCh5ESQvtzyHDhCA7XyekCFA,1
UCL13XhnRzbGokEkCkEOb0-g,UCDftMWXQoJ6nONfY7GVOVjg,1
UCL13XhnRzbGokEkCkEOb0-g,UC8r11yOugM2NuRfitQOxLLg,1
UCL13XhnRzbGokEkCkEOb0-g,UCzSfZlOVxBSs5ObD25ywxDQ,1
UCL13XhnRzbGokEkCkEOb0-g,UC8G5cJONY8L9voMyBW8Eoug,1
UCL13XhnRzbGokEkCkEOb0-g,UCsJJAvrVGupdmhOqgtDp8dg,1
UCL13XhnRzbGokEkCkEOb0-g,UCEgEQmRbtL5fwr9_DqAC--g,1
UCL13XhnRzbGokEkCkEOb0-g,UCQgYjVngJRfPHDLGB5X6ZjA,1
UCL13XhnRzbGokEkCkEOb0-g,UCAmtbUiIrUIhikru0ZoTFig,1
UCL13XhnRzbGokEkCkEOb0-g,UCB5p8a5gklc80jJItP6xTHg,1
UCL13XhnRzbGokEkCkEOb0-g,UC4cXueR2bKGFJV0Fk76gwmA,1
UCL13XhnRzbGokEkCkEOb0-g,UCiMythXHsw7eQEMykCdmMUA,1
UCL13XhnRzbGokEkCkEOb0-g,UCUIIIPTVDVHAXqhC_5V6lPA,1
UCL13XhnRzbGokEkCkEOb0-g,UCRlCV9zSn7avAWh-9_XFWqQ,1
UCL13XhnRzbGokEkCkEOb0-g,UCDQaQv0hr2SS_PO-CMEwVHg,1
UCL13XhnRzbGokEkCkEOb0-g,UCDlr1VadSucIZgZ171pRBjQ,1
UCL13XhnRzbGokEkCkEOb0-g,UC7VUuJr9cGh845CmTvf7TlQ,1
UCL13XhnRzbGokEkCkEOb0-g,UCA93ym2TXs_Ibyxb4Vcn-6Q,1
UCL13XhnRzbGokEkCkEOb0-g,UCXgr7vXlRrsaskPdo097kGA,1
UCL13XhnRzbGokEkCkEOb0-g,UCj-LL25XJnjxepPKCc3NGog,1
UCL13XhnRzbGokEkCkEOb0-g,UChgkn5Jt5tWKYMoEOuCjz3Q,1
UCL13XhnRzbGokEkCkEOb0-g,UCLggDc_a5HriXv7I1h02sOA,1
UCL13XhnRzbGokEkCkEOb0-g,UC3NMzdMYryaw82kPTnsaljg,1
UCL13XhnRzbGokEkCkEOb0-g,UCylqlpsh8ENNM1LqgQ1KbxA,1
UCL13XhnRzbGokEkCkEOb0-g,UCCaYwkkbQGcvFoUmothVdQQ,1
UCL13XhnRzbGokEkCkEOb0-g,UC9vMq1YF-e7C-VO0SHkbUTA,1
UCL13XhnRzbGokEkCkEOb0-g,UCr1emrogPKkKTs_WTtx71xg,1
UCL13XhnRzbGokEkCkEOb0-g,UCV0iizTBoOfdAFX_thfI9BA,1
UCL13XhnRzbGokEkCkEOb0-g,UCTylKrsqkrBKIqubMu_5N0Q,1
UCL13XhnRzbGokEkCkEOb0-g,UCDUffaruH6dyUnUGwsTKpgg,1
UCL13XhnRzbGokEkCkEOb0-g,UCN6qbfPSzFtjhqUDZ3Cv3CQ,1
UCL13XhnRzbGokEkCkEOb0-g,UCplrIQtaPj6au60_f2-mOYw,1
UCL13XhnRzbGokEkCkEOb0-g,UCLFdHr9BEbXHkoJopbEPLZw,1
UCL13XhnRzbGokEkCkEOb0-g,UCipetjeiWj4CZB6EbyYziZg,1
UCL13XhnRzbGokEkCkEOb0-g,UCXSkL3ejZ8qWYyF_M7s_QKA,1
UCL13XhnRzbGokEkCkEOb0-g,UCueV9cTyTDwgQSec1x2dYgA,1
UCL13XhnRzbGokEkCkEOb0-g,UCFjudnPLoaSL1BaRuLahyHg,1
UCL13XhnRzbGokEkCkEOb0-g,UCFxE8GbokBrBsPEKM1xrOjQ,1
UCL13XhnRzbGokEkCkEOb0-g,UCDIMztpVm7G27qBuiWuT6oQ,1
UCL13XhnRzbGokEkCkEOb0-g,UC-jS_kA9w-OmpupXDx156Rg,1
UCL13XhnRzbGokEkCkEOb0-g,UCsjs5Hp_r86x1xbK6FAeqaA,1
UCL13XhnRzbGokEkCkEOb0-g,UCQqetiwzzmRNTM5OWuXarGQ,1
UCL13XhnRzbGokEkCkEOb0-g,UCQtSFINs1h6GHkpg9o5kMvg,1
UCL13XhnRzbGokEkCkEOb0-g,UCsUCN0Yq_UyTvKjOJLmNrnQ,1
UCL13XhnRzbGokEkCkEOb0-g,UCAlzM_N6xBlMYmM8EBzX86Q,1
UCL13XhnRzbGokEkCkEOb0-g,UCfM3nrxtTQMY5jFx1v1J4Gg,1
UCL13XhnRzbGokEkCkEOb0-g,UCFhxtoeARHPnXXPcDrOU3Xg,1
UCL13XhnRzbGokEkCkEOb0-g,UCNBnKqWf4d-rS4HwJRQljmQ,1
UCL13XhnRzbGokEkCkEOb0-g,UC650pRT-OYzny3GwOH8Cgfw,1
UCL13XhnRzbGokEkCkEOb0-g,UCxff05WuyvwELNITi7bj7UA,1
UCL13XhnRzbGokEkCkEOb0-g,UC-pNP6RMFuLg_-x7Ah_0kEA,1
UCL13XhnRzbGokEkCkEOb0-g,UCGzXwyCzMzGmjmCbH3Hg01Q,1
UCL13XhnRzbGokEkCkEOb0-g,UCQtICyzWmhC5woCtbNgaSmg,1
UCL13XhnRzbGokEkCkEOb0-g,UCTD6q1nyIe3Y7HhqjaMj72w,1
UCL13XhnRzbGokEkCkEOb0-g,UCpsKOkt5iWTbenzeuq7dsmQ,1
UCL13XhnRzbGokEkCkEOb0-g,UCi1b_TRQfgO1Z9O2gNGGWNA,1
UCL13XhnRzbGokEkCkEOb0-g,UCZLG9qH0tUjNhEGFIUt0CYw,1
UCL13XhnRzbGokEkCkEOb0-g,UCzoL2l5H5eVlorWGH8AZfAg,1
UCL13XhnRzbGokEkCkEOb0-g,UCKDR0f2fu2UzWL8mBv5-BHw,1
UCL13XhnRzbGokEkCkEOb0-g,UCjmPuazZJzscrwvk0QR9RVw,1
UCL13XhnRzbGokEkCkEOb0-g,UCwha8rxULYMVtNwZWeSkE1A,1
UCL13XhnRzbGokEkCkEOb0-g,UCQ_-LPP8JAbfkc-b1Q6NvWw,1
UCL13XhnRzbGokEkCkEOb0-g,UCHhHUjaMAZ8SiXdCUCj9DkQ,1
UCL13XhnRzbGokEkCkEOb0-g,UCRelkU8JiZBytTzebJxaa-w,1
UCL13XhnRzbGokEkCkEOb0-g,UC3MYTqpQqlWBuCB7Th0e0PA,1
UCL13XhnRzbGokEkCkEOb0-g,UCZ51R_9Q9C0c8I3pAWhtmjQ,1
UCL13XhnRzbGokEkCkEOb0-g,UCujPF2nBgsTD62nWE3lcpIg,1
UCL13XhnRzbGokEkCkEOb0-g,UC9xr9QvIcDvoZNUX5f-jaZw,1
UCL13XhnRzbGokEkCkEOb0-g,UCYN4wSQ1Sx4_LurxLlW7MPg,1
UCL13XhnRzbGokEkCkEOb0-g,UCOh6DaZC_x9HASnlRylEMfw,1
UCL13XhnRzbGokEkCkEOb0-g,UCTP3O0rMnc8z8v8jaDQwL0w,1
UCL13XhnRzbGokEkCkEOb0-g,UChep9kVb5gQmpodEEl10Xlg,1
UCL13XhnRzbGokEkCkEOb0-g,UCFoIAE8k82D6AV-8gjjKaNg,1
UCThW2XNsAaBKme5PUt7n-Zg,UC2weSE8rpqkGMOp6StYtVfg,1
UCThW2XNsAaBKme5PUt7n-Zg,UCiGRBf2RNF0WRKhRVT7zFoA,1
UCThW2XNsAaBKme5PUt7n-Zg,UC3E9mAgP7VoAE5mZoAexl5g,1
UCThW2XNsAaBKme5PUt7n-Zg,UCut6b9S98nv84cVX89PmKzA,1
UCThW2XNsAaBKme5PUt7n-Zg,UCXXh7yg5KUFIWylTiKVEFKQ,1
UCThW2XNsAaBKme5PUt7n-Zg,UCz3gu01bmjNv0DpRq-K3XYg,1
UCThW2XNsAaBKme5PUt7n-Zg,UCp4iw5_5SmV9VGTFSNVGOmQ,1
UCThW2XNsAaBKme5PUt7n-Zg,UCWIZUtKJ636y-4TYrNvok0g,1
UCThW2XNsAaBKme5PUt7n-Zg,UCgvw7xIdGFupzpt1Y_BFkEA,1
UCThW2XNsAaBKme5PUt7n-Zg,UCtNfIBnc5S5DbbQj_yxgJTw,1
UCThW2XNsAaBKme5PUt7n-Zg,UCmjppp6ujz3SAnULvP3sZMw,1
UCThW2XNsAaBKme5PUt7n-Zg,UCYwpX26TrCxq8TvbKGRYLXA,1
UCThW2XNsAaBKme5PUt7n-Zg,UChZknRmJkeGeQk0-mQuhDOg,1
UCThW2XNsAaBKme5PUt7n-Zg,UC5bG9nc_JV3FsNP2KseQiYw,1
UCThW2XNsAaBKme5PUt7n-Zg,UCL1MT278vSaQ83ZDkVWn1gw,1
UCThW2XNsAaBKme5PUt7n-Zg,UCh5ESQvtzyHDhCA7XyekCFA,1
UCThW2XNsAaBKme5PUt7n-Zg,UCDftMWXQoJ6nONfY7GVOVjg,1
UCThW2XNsAaBKme5PUt7n-Zg,UC8r11yOugM2NuRfitQOxLLg,1
UCThW2XNsAaBKme5PUt7n-Zg,UCzSfZlOVxBSs5ObD25ywxDQ,1
UCThW2XNsAaBKme5PUt7n-Zg,UC8G5cJONY8L9voMyBW8Eoug,1
UCThW2XNsAaBKme5PUt7n-Zg,UCsJJAvrVGupdmhOqgtDp8dg,1
UCThW2XNsAaBKme5PUt7n-Zg,UCEgEQmRbtL5fwr9_DqAC--g,1
UCThW2XNsAaBKme5PUt7n-Zg,UCQgYjVngJRfPHDLGB5X6ZjA,1
UCThW2XNsAaBKme5PUt7n-Zg,UCAmtbUiIrUIhikru0ZoTFig,1
UCThW2XNsAaBKme5PUt7n-Zg,UCB5p8a5gklc80jJItP6xTHg,1
UCThW2XNsAaBKme5PUt7n-Zg,UC4cXueR2bKGFJV0Fk76gwmA,1
UCThW2XNsAaBKme5PUt7n-Zg,UCiMythXHsw7eQEMykCdmMUA,1
UCThW2XNsAaBKme5PUt7n-Zg,UCUIIIPTVDVHAXqhC_5V6lPA,1
UCThW2XNsAaBKme5PUt7n-Zg,UCRlCV9zSn7avAWh-9_XFWqQ,1
UCThW2XNsAaBKme5PUt7n-Zg,UCDQaQv0hr2SS_PO-CMEwVHg,1
UCThW2XNsAaBKme5PUt7n-Zg,UCDlr1VadSucIZgZ171pRBjQ,1
UCThW2XNsAaBKme5PUt7n-Zg,UC7VUuJr9cGh845CmTvf7TlQ,1
UCThW2XNsAaBKme5PUt7n-Zg,UCA93ym2TXs_Ibyxb4Vcn-6Q,1
UCThW2XNsAaBKme5PUt7n-Zg,UCXgr7vXlRrsaskPdo097kGA,1
UCThW2XNsAaBKme5PUt7n-Zg,UCj-LL25XJnjxepPKCc3NGog,1
UCThW2XNsAaBKme5PUt7n-Zg,UChgkn5Jt5tWKYMoEOuCjz3Q,1
UCThW2XNsAaBKme5PUt7n-Zg,UCLggDc_a5HriXv7I1h02sOA,1
UCThW2XNsAaBKme5PUt7n-Zg,UC3NMzdMYryaw82kPTnsaljg,1
UCThW2XNsAaBKme5PUt7n-Zg,UCylqlpsh8ENNM1LqgQ1KbxA,1
UCThW2XNsAaBKme5PUt7n-Zg,UCCaYwkkbQGcvFoUmothVdQQ,1
UCThW2XNsAaBKme5PUt7n-Zg,UC9vMq1YF-e7C-VO0SHkbUTA,1
UCThW2XNsAaBKme5PUt7n-Zg,UCr1emrogPKkKTs_WTtx71xg,1
UCThW2XNsAaBKme5PUt7n-Zg,UCV0iizTBoOfdAFX_thfI9BA,1
UCThW2XNsAaBKme5PUt7n-Zg,UCTylKrsqkrBKIqubMu_5N0Q,1
UCThW2XNsAaBKme5PUt7n-Zg,UCDUffaruH6dyUnUGwsTKpgg,1
UCThW2XNsAaBKme5PUt7n-Zg,UCN6qbfPSzFtjhqUDZ3Cv3CQ,1
UCThW2XNsAaBKme5PUt7n-Zg,UCplrIQtaPj6au60_f2-mOYw,1
UCThW2XNsAaBKme5PUt7n-Zg,UCLFdHr9BEbXHkoJopbEPLZw,1
UCThW2XNsAaBKme5PUt7n-Zg,UCipetjeiWj4CZB6EbyYziZg,1
UCThW2XNsAaBKme5PUt7n-Zg,UCXSkL3ejZ8qWYyF_M7s_QKA,1
UCThW2XNsAaBKme5PUt7n-Zg,UCueV9cTyTDwgQSec1x2dYgA,1
UCThW2XNsAaBKme5PUt7n-Zg,UCFjudnPLoaSL1BaRuLahyHg,1
UCThW2XNsAaBKme5PUt7n-Zg,UCFxE8GbokBrBsPEKM1xrOjQ,1
UCThW2XNsAaBKme5PUt7n-Zg,UCDIMztpVm7G27qBuiWuT6oQ,1
UCThW2XNsAaBKme5PUt7n-Zg,UC-jS_kA9w-OmpupXDx156Rg,1
UCThW2XNsAaBKme5PUt7n-Zg,UCsjs5Hp_r86x1xbK6FAeqaA,1
UCThW2XNsAaBKme5PUt7n-Zg,UCQqetiwzzmRNTM5OWuXarGQ,1
UCThW2XNsAaBKme5PUt7n-Zg,UCQtSFINs1h6GHkpg9o5kMvg,1
UCThW2XNsAaBKme5PUt7n-Zg,UCsUCN0Yq_UyTvKjOJLmNrnQ,1
UCThW2XNsAaBKme5PUt7n-Zg,UCAlzM_N6xBlMYmM8EBzX86Q,1
UCThW2XNsAaBKme5PUt7n-Zg,UCfM3nrxtTQMY5jFx1v1J4Gg,1
UCThW2XNsAaBKme5PUt7n-Zg,UCFhxtoeARHPnXXPcDrOU3Xg,1
UCThW2XNsAaBKme5PUt7n-Zg,UCNBnKqWf4d-rS4HwJRQljmQ,1
UCThW2XNsAaBKme5PUt7n-Zg,UC650pRT-OYzny3GwOH8Cgfw,1
UCThW2XNsAaBKme5PUt7n-Zg,UCxff05WuyvwELNITi7bj7UA,1
UCThW2XNsAaBKme5PUt7n-Zg,UC-pNP6RMFuLg_-x7Ah_0kEA,1
UCThW2XNsAaBKme5PUt7n-Zg,UCGzXwyCzMzGmjmCbH3Hg01Q,1
UCThW2XNsAaBKme5PUt7n-Zg,UCQtICyzWmhC5woCtbNgaSmg,1
UCThW2XNsAaBKme5PUt7n-Zg,UCTD6q1nyIe3Y7HhqjaMj72w,1
UCThW2XNsAaBKme5PUt7n-Zg,UCpsKOkt5iWTbenzeuq7dsmQ,1
UCThW2XNsAaBKme5PUt7n-Zg,UCi1b_TRQfgO1Z9O2gNGGWNA,1
UCThW2XNsAaBKme5PUt7n-Zg,UCZLG9qH0tUjNhEGFIUt0CYw,1
UCThW2XNsAaBKme5PUt7n-Zg,UCzoL2l5H5eVlorWGH8AZfAg,1
UCThW2XNsAaBKme5PUt7n-Zg,UCKDR0f2fu2UzWL8mBv5-BHw,1
UCThW2XNsAaBKme5PUt7n-Zg,UCjmPuazZJzscrwvk0QR9RVw,1
UCThW2XNsAaBKme5PUt7n-Zg,UCwha8rxULYMVtNwZWeSkE1A,1
UCThW2XNsAaBKme5PUt7n-Zg,UCQ_-LPP8JAbfkc-b1Q6NvWw,1
UCThW2XNsAaBKme5PUt7n-Zg,UCHhHUjaMAZ8SiXdCUCj9DkQ,1
UCThW2XNsAaBKme5PUt7n-Zg,UCRelkU8JiZBytTzebJxaa-w,1
UCThW2XNsAaBKme5PUt7n-Zg,UC3MYTqpQqlWBuCB7Th0e0PA,1
UCThW2XNsAaBKme5PUt7n-Zg,UCZ51R_9Q9C0c8I3pAWhtmjQ,1
UCThW2XNsAaBKme5PUt7n-Zg,UCujPF2nBgsTD62nWE3lcpIg,1
UCThW2XNsAaBKme5PUt7n-Zg,UC9xr9QvIcDvoZNUX5f-jaZw,1
UCThW2XNsAaBKme5PUt7n-Zg,UCYN4wSQ1Sx4_LurxLlW7MPg,1
UCThW2XNsAaBKme5PUt7n-Zg,UCOh6DaZC_x9HASnlRylEMfw,1
UCThW2XNsAaBKme5PUt7n-Zg,UCTP3O0rMnc8z8v8jaDQwL0w,1
UCThW2XNsAaBKme5PUt7n-Zg,UChep9kVb5gQmpodEEl10Xlg,1
UCThW2XNsAaBKme5PUt7n-Zg,UCFoIAE8k82D6AV-8gjjKaNg,1
UC5bG9nc_JV3FsNP2KseQiYw,UC2weSE8rpqkGMOp6StYtVfg,1
UC5bG9nc_JV3FsNP2KseQiYw,UCiGRBf2RNF0WRKhRVT7zFoA,1
UC5bG9nc_JV3FsNP2KseQiYw,UC3E9mAgP7VoAE5mZoAexl5g,1
UC5bG9nc_JV3FsNP2KseQiYw,UCut6b9S98nv84cVX89PmKzA,1
UC5bG9nc_JV3FsNP2KseQiYw,UCXXh7yg5KUFIWylTiKVEFKQ,1
UC5bG9nc_JV3FsNP2KseQiYw,UCz3gu01bmjNv0DpRq-K3XYg,1
UC5bG9nc_JV3FsNP2KseQiYw,UCp4iw5_5SmV9VGTFSNVGOmQ,1
UC5bG9nc_JV3FsNP2KseQiYw,UCWIZUtKJ636y-4TYrNvok0g,1
UC5bG9nc_JV3FsNP2KseQiYw,UCgvw7xIdGFupzpt1Y_BFkEA,1
UC5bG9nc_JV3FsNP2KseQiYw,UCtNfIBnc5S5DbbQj_yxgJTw,1
UC5bG9nc_JV3FsNP2KseQiYw,UCmjppp6ujz3SAnULvP3sZMw,1
UC5bG9nc_JV3FsNP2KseQiYw,UCYwpX26TrCxq8TvbKGRYLXA,1
UC5bG9nc_JV3FsNP2KseQiYw,UChZknRmJkeGeQk0-mQuhDOg,1
UC5bG9nc_JV3FsNP2KseQiYw,UCL1MT278vSaQ83ZDkVWn1gw,1
UC5bG9nc_JV3FsNP2KseQiYw,UCh5ESQvtzyHDhCA7XyekCFA,1
UC5bG9nc_JV3FsNP2KseQiYw,UCDftMWXQoJ6nONfY7GVOVjg,1
UC5bG9nc_JV3FsNP2KseQiYw,UC8r11yOugM2NuRfitQOxLLg,1
UC5bG9nc_JV3FsNP2KseQiYw,UCzSfZlOVxBSs5ObD25ywxDQ,1
UC5bG9nc_JV3FsNP2KseQiYw,UC8G5cJONY8L9voMyBW8Eoug,1
UC5bG9nc_JV3FsNP2KseQiYw,UCsJJAvrVGupdmhOqgtDp8dg,1
UC5bG9nc_JV3FsNP2KseQiYw,UCEgEQmRbtL5fwr9_DqAC--g,1
UC5bG9nc_JV3FsNP2KseQiYw,UCQgYjVngJRfPHDLGB5X6ZjA,1
UC5bG9nc_JV3FsNP2KseQiYw,UCAmtbUiIrUIhikru0ZoTFig,1
UC5bG9nc_JV3FsNP2KseQiYw,UCB5p8a5gklc80jJItP6xTHg,1
UC5bG9nc_JV3FsNP2KseQiYw,UC4cXueR2bKGFJV0Fk76gwmA,1
UC5bG9nc_JV3FsNP2KseQiYw,UCiMythXHsw7eQEMykCdmMUA,1
UC5bG9nc_JV3FsNP2KseQiYw,UCUIIIPTVDVHAXqhC_5V6lPA,1
UC5bG9nc_JV3FsNP2KseQiYw,UCRlCV9zSn7avAWh-9_XFWqQ,1
UC5bG9nc_JV3FsNP2KseQiYw,UCDQaQv0hr2SS_PO-CMEwVHg,1
UC5bG9nc_JV3FsNP2KseQiYw,UCDlr1VadSucIZgZ171pRBjQ,1
UC5bG9nc_JV3FsNP2KseQiYw,UC7VUuJr9cGh845CmTvf7TlQ,1
UC5bG9nc_JV3FsNP2KseQiYw,UCA93ym2TXs_Ibyxb4Vcn-6Q,1
UC5bG9nc_JV3FsNP2KseQiYw,UCXgr7vXlRrsaskPdo097kGA,1
UC5bG9nc_JV3FsNP2KseQiYw,UCj-LL25XJnjxepPKCc3NGog,1
UC5bG9nc_JV3FsNP2KseQiYw,UChgkn5Jt5tWKYMoEOuCjz3Q,1
UC5bG9nc_JV3FsNP2KseQiYw,UCLggDc_a5HriXv7I1h02sOA,1
UC5bG9nc_JV3FsNP2KseQiYw,UC3NMzdMYryaw82kPTnsaljg,1
UC5bG9nc_JV3FsNP2KseQiYw,UCylqlpsh8ENNM1LqgQ1KbxA,1
UC5bG9nc_JV3FsNP2KseQiYw,UCCaYwkkbQGcvFoUmothVdQQ,1
UC5bG9nc_JV3FsNP2KseQiYw,UC9vMq1YF-e7C-VO0SHkbUTA,1
UC5bG9nc_JV3FsNP2KseQiYw,UCr1emrogPKkKTs_WTtx71xg,1
UC5bG9nc_JV3FsNP2KseQiYw,UCV0iizTBoOfdAFX_thfI9BA,1
UC5bG9nc_JV3FsNP2KseQiYw,UCTylKrsqkrBKIqubMu_5N0Q,1
UC5bG9nc_JV3FsNP2KseQiYw,UCDUffaruH6dyUnUGwsTKpgg,1
UC5bG9nc_JV3FsNP2KseQiYw,UCN6qbfPSzFtjhqUDZ3Cv3CQ,1
UC5bG9nc_JV3FsNP2KseQiYw,UCplrIQtaPj6au60_f2-mOYw,1
UC5bG9nc_JV3FsNP2KseQiYw,UCLFdHr9BEbXHkoJopbEPLZw,1
UC5bG9nc_JV3FsNP2KseQiYw,UCipetjeiWj4CZB6EbyYziZg,1
UC5bG9nc_JV3FsNP2KseQiYw,UCXSkL3ejZ8qWYyF_M7s_QKA,1
UC5bG9nc_JV3FsNP2KseQiYw,UCueV9cTyTDwgQSec1x2dYgA,1
UC5bG9nc_JV3FsNP2KseQiYw,UCFjudnPLoaSL1BaRuLahyHg,1
UC5bG9nc_JV3FsNP2KseQiYw,UCFxE8GbokBrBsPEKM1xrOjQ,1
UC5bG9nc_JV3FsNP2KseQiYw,UCDIMztpVm7G27qBuiWuT6oQ,1
UC5bG9nc_JV3FsNP2KseQiYw,UC-jS_kA9w-OmpupXDx156Rg,1
UC5bG9nc_JV3FsNP2KseQiYw,UCsjs5Hp_r86x1xbK6FAeqaA,1
UC5bG9nc_JV3FsNP2KseQiYw,UCQqetiwzzmRNTM5OWuXarGQ,1
UC5bG9nc_JV3FsNP2KseQiYw,UCQtSFINs1h6GHkpg9o5kMvg,1
UC5bG9nc_JV3FsNP2KseQiYw,UCsUCN0Yq_UyTvKjOJLmNrnQ,1
UC5bG9nc_JV3FsNP2KseQiYw,UCAlzM_N6xBlMYmM8EBzX86Q,1
UC5bG9nc_JV3FsNP2KseQiYw,UCfM3nrxtTQMY5jFx1v1J4Gg,1
UC5bG9nc_JV3FsNP2KseQiYw,UCFhxtoeARHPnXXPcDrOU3Xg,1
UC5bG9nc_JV3FsNP2KseQiYw,UCNBnKqWf4d-rS4HwJRQljmQ,1
UC5bG9nc_JV3FsNP2KseQiYw,UC650pRT-OYzny3GwOH8Cgfw,1
UC5bG9nc_JV3FsNP2KseQiYw,UCxff05WuyvwELNITi7bj7UA,1
UC5bG9nc_JV3FsNP2KseQiYw,UC-pNP6RMFuLg_-x7Ah_0kEA,1
UC5bG9nc_JV3FsNP2KseQiYw,UCGzXwyCzMzGmjmCbH3Hg01Q,1
UC5bG9nc_JV3FsNP2KseQiYw,UCQtICyzWmhC5woCtbNgaSmg,1
UC5bG9nc_JV3FsNP2KseQiYw,UCTD6q1nyIe3Y7HhqjaMj72w,1
UC5bG9nc_JV3FsNP2KseQiYw,UCpsKOkt5iWTbenzeuq7dsmQ,1
UC5bG9nc_JV3FsNP2KseQiYw,UCi1b_TRQfgO1Z9O2gNGGWNA,1
UC5bG9nc_JV3FsNP2KseQiYw,UCZLG9qH0tUjNhEGFIUt0CYw,1
UC5bG9nc_JV3FsNP2KseQiYw,UCzoL2l5H5eVlorWGH8AZfAg,1
UC5bG9nc_JV3FsNP2KseQiYw,UCKDR0f2fu2UzWL8mBv5-BHw,1
UC5bG9nc_JV3FsNP2KseQiYw,UCjmPuazZJzscrwvk0QR9RVw,1
UC5bG9nc_JV3FsNP2KseQiYw,UCwha8rxULYMVtNwZWeSkE1A,1
UC5bG9nc_JV3FsNP2KseQiYw,UCQ_-LPP8JAbfkc-b1Q6NvWw,1
UC5bG9nc_JV3FsNP2KseQiYw,UCHhHUjaMAZ8SiXdCUCj9DkQ,1
UC5bG9nc_JV3FsNP2KseQiYw,UCRelkU8JiZBytTzebJxaa-w,1
UC5bG9nc_JV3FsNP2KseQiYw,UC3MYTqpQqlWBuCB7Th0e0PA,1
UC5bG9nc_JV3FsNP2KseQiYw,UCZ51R_9Q9C0c8I3pAWhtmjQ,1
UC5bG9nc_JV3FsNP2KseQiYw,UCujPF2nBgsTD62nWE3lcpIg,1
UC5bG9nc_JV3FsNP2KseQiYw,UC9xr9QvIcDvoZNUX5f-jaZw,1
UC5bG9nc_JV3FsNP2KseQiYw,UCYN4wSQ1Sx4_LurxLlW7MPg,1
UC5bG9nc_JV3FsNP2KseQiYw,UCOh6DaZC_x9HASnlRylEMfw,1
UC5bG9nc_JV3FsNP2KseQiYw,UCTP3O0rMnc8z8v8jaDQwL0w,1
UC5bG9nc_JV3FsNP2KseQiYw,UChep9kVb5gQmpodEEl10Xlg,1
UC5bG9nc_JV3FsNP2KseQiYw,UCFoIAE8k82D6AV-8gjjKaNg,1
UCDftMWXQoJ6nONfY7GVOVjg,UC2weSE8rpqkGMOp6StYtVfg,1
UCDftMWXQoJ6nONfY7GVOVjg,UCiGRBf2RNF0WRKhRVT7zFoA,1
UCDftMWXQoJ6nONfY7GVOVjg,UC3E9mAgP7VoAE5mZoAexl5g,1
UCDftMWXQoJ6nONfY7GVOVjg,UCut6b9S98nv84cVX89PmKzA,1
UCDftMWXQoJ6nONfY7GVOVjg,UCXXh7yg5KUFIWylTiKVEFKQ,1
UCDftMWXQoJ6nONfY7GVOVjg,UCz3gu01bmjNv0DpRq-K3XYg,1
UCDftMWXQoJ6nONfY7GVOVjg,UCp4iw5_5SmV9VGTFSNVGOmQ,1
UCDftMWXQoJ6nONfY7GVOVjg,UCWIZUtKJ636y-4TYrNvok0g,1
UCDftMWXQoJ6nONfY7GVOVjg,UCgvw7xIdGFupzpt1Y_BFkEA,1
UCDftMWXQoJ6nONfY7GVOVjg,UCtNfIBnc5S5DbbQj_yxgJTw,1
UCDftMWXQoJ6nONfY7GVOVjg,UCmjppp6ujz3SAnULvP3sZMw,1
UCDftMWXQoJ6nONfY7GVOVjg,UCYwpX26TrCxq8TvbKGRYLXA,1
UCDftMWXQoJ6nONfY7GVOVjg,UChZknRmJkeGeQk0-mQuhDOg,1
UCDftMWXQoJ6nONfY7GVOVjg,UCL1MT278vSaQ83ZDkVWn1gw,1
UCDftMWXQoJ6nONfY7GVOVjg,UCh5ESQvtzyHDhCA7XyekCFA,1
UCDftMWXQoJ6nONfY7GVOVjg,UC8r11yOugM2NuRfitQOxLLg,1
UCDftMWXQoJ6nONfY7GVOVjg,UCzSfZlOVxBSs5ObD25ywxDQ,1
UCDftMWXQoJ6nONfY7GVOVjg,UC8G5cJONY8L9voMyBW8Eoug,1
UCDftMWXQoJ6nONfY7GVOVjg,UCsJJAvrVGupdmhOqgtDp8dg,1
UCDftMWXQoJ6nONfY7GVOVjg,UCEgEQmRbtL5fwr9_DqAC--g,1
UCDftMWXQoJ6nONfY7GVOVjg,UCQgYjVngJRfPHDLGB5X6ZjA,1
UCDftMWXQoJ6nONfY7GVOVjg,UCAmtbUiIrUIhikru0ZoTFig,1
UCDftMWXQoJ6nONfY7GVOVjg,UCB5p8a5gklc80jJItP6xTHg,1
UCDftMWXQoJ6nONfY7GVOVjg,UC4cXueR2bKGFJV0Fk76gwmA,1
UCDftMWXQoJ6nONfY7GVOVjg,UCiMythXHsw7eQEMykCdmMUA,1
UCDftMWXQoJ6nONfY7GVOVjg,UCUIIIPTVDVHAXqhC_5V6lPA,1
UCDftMWXQoJ6nONfY7GVOVjg,UCRlCV9zSn7avAWh-9_XFWqQ,1
UCDftMWXQoJ6nONfY7GVOVjg,UCDQaQv0hr2SS_PO-CMEwVHg,1
UCDftMWXQoJ6nONfY7GVOVjg,UCDlr1VadSucIZgZ171pRBjQ,1
UCDftMWXQoJ6nONfY7GVOVjg,UC7VUuJr9cGh845CmTvf7TlQ,1
UCDftMWXQoJ6nONfY7GVOVjg,UCA93ym2TXs_Ibyxb4Vcn-6Q,1
UCDftMWXQoJ6nONfY7GVOVjg,UCXgr7vXlRrsaskPdo097kGA,1
UCDftMWXQoJ6nONfY7GVOVjg,UCj-LL25XJnjxepPKCc3NGog,1
UCDftMWXQoJ6nONfY7GVOVjg,UChgkn5Jt5tWKYMoEOuCjz3Q,1
UCDftMWXQoJ6nONfY7GVOVjg,UCLggDc_a5HriXv7I1h02sOA,1
UCDftMWXQoJ6nONfY7GVOVjg,UC3NMzdMYryaw82kPTnsaljg,1
UCDftMWXQoJ6nONfY7GVOVjg,UCylqlpsh8ENNM1LqgQ1KbxA,1
UCDftMWXQoJ6nONfY7GVOVjg,UCCaYwkkbQGcvFoUmothVdQQ,1
UCDftMWXQoJ6nONfY7GVOVjg,UC9vMq1YF-e7C-VO0SHkbUTA,1
UCDftMWXQoJ6nONfY7GVOVjg,UCr1emrogPKkKTs_WTtx71xg,1
UCDftMWXQoJ6nONfY7GVOVjg,UCV0iizTBoOfdAFX_thfI9BA,1
UCDftMWXQoJ6nONfY7GVOVjg,UCTylKrsqkrBKIqubMu_5N0Q,1
UCDftMWXQoJ6nONfY7GVOVjg,UCDUffaruH6dyUnUGwsTKpgg,1
UCDftMWXQoJ6nONfY7GVOVjg,UCN6qbfPSzFtjhqUDZ3Cv3CQ,1
UCDftMWXQoJ6nONfY7GVOVjg,UCplrIQtaPj6au60_f2-mOYw,1
UCDftMWXQoJ6nONfY7GVOVjg,UCLFdHr9BEbXHkoJopbEPLZw,1
UCDftMWXQoJ6nONfY7GVOVjg,UCipetjeiWj4CZB6EbyYziZg,1
UCDftMWXQoJ6nONfY7GVOVjg,UCXSkL3ejZ8qWYyF_M7s_QKA,1
UCDftMWXQoJ6nONfY7GVOVjg,UCueV9cTyTDwgQSec1x2dYgA,1
UCDftMWXQoJ6nONfY7GVOVjg,UCFjudnPLoaSL1BaRuLahyHg,1
UCDftMWXQoJ6nONfY7GVOVjg,UCFxE8GbokBrBsPEKM1xrOjQ,1
UCDftMWXQoJ6nONfY7GVOVjg,UCDIMztpVm7G27qBuiWuT6oQ,1
UCDftMWXQoJ6nONfY7GVOVjg,UC-jS_kA9w-OmpupXDx156Rg,1
UCDftMWXQoJ6nONfY7GVOVjg,UCsjs5Hp_r86x1xbK6FAeqaA,1
UCDftMWXQoJ6nONfY7GVOVjg,UCQqetiwzzmRNTM5OWuXarGQ,1
UCDftMWXQoJ6nONfY7GVOVjg,UCQtSFINs1h6GHkpg9o5kMvg,1
UCDftMWXQoJ6nONfY7GVOVjg,UCsUCN0Yq_UyTvKjOJLmNrnQ,1
UCDftMWXQoJ6nONfY7GVOVjg,UCAlzM_N6xBlMYmM8EBzX86Q,1
UCDftMWXQoJ6nONfY7GVOVjg,UCfM3nrxtTQMY5jFx1v1J4Gg,1
UCDftMWXQoJ6nONfY7GVOVjg,UCFhxtoeARHPnXXPcDrOU3Xg,1
UCDftMWXQoJ6nONfY7GVOVjg,UCNBnKqWf4d-rS4HwJRQljmQ,1
UCDftMWXQoJ6nONfY7GVOVjg,UC650pRT-OYzny3GwOH8Cgfw,1
UCDftMWXQoJ6nONfY7GVOVjg,UCxff05WuyvwELNITi7bj7UA,1
UCDftMWXQoJ6nONfY7GVOVjg,UC-pNP6RMFuLg_-x7Ah_0kEA,1
UCDftMWXQoJ6nONfY7GVOVjg,UCGzXwyCzMzGmjmCbH3Hg01Q,1
UCDftMWXQoJ6nONfY7GVOVjg,UCQtICyzWmhC5woCtbNgaSmg,1
UCDftMWXQoJ6nONfY7GVOVjg,UCTD6q1nyIe3Y7HhqjaMj72w,1
UCDftMWXQoJ6nONfY7GVOVjg,UCpsKOkt5iWTbenzeuq7dsmQ,1
UCDftMWXQoJ6nONfY7GVOVjg,UCi1b_TRQfgO1Z9O2gNGGWNA,1
UCDftMWXQoJ6nONfY7GVOVjg,UCZLG9qH0tUjNhEGFIUt0CYw,1
UCDftMWXQoJ6nONfY7GVOVjg,UCzoL2l5H5eVlorWGH8AZfAg,1
UCDftMWXQoJ6nONfY7GVOVjg,UCKDR0f2fu2UzWL8mBv5-BHw,1
UCDftMWXQoJ6nONfY7GVOVjg,UCjmPuazZJzscrwvk0QR9RVw,1
UCDftMWXQoJ6nONfY7GVOVjg,UCwha8rxULYMVtNwZWeSkE1A,1
UCDftMWXQoJ6nONfY7GVOVjg,UCQ_-LPP8JAbfkc-b1Q6NvWw,1
UCDftMWXQoJ6nONfY7GVOVjg,UCHhHUjaMAZ8SiXdCUCj9DkQ,1
UCDftMWXQoJ6nONfY7GVOVjg,UCRelkU8JiZBytTzebJxaa-w,1
UCDftMWXQoJ6nONfY7GVOVjg,UC3MYTqpQqlWBuCB7Th0e0PA,1
UCDftMWXQoJ6nONfY7GVOVjg,UCZ51R_9Q9C0c8I3pAWhtmjQ,1
UCDftMWXQoJ6nONfY7GVOVjg,UCujPF2nBgsTD62nWE3lcpIg,1
UCDftMWXQoJ6nONfY7GVOVjg,UC9xr9QvIcDvoZNUX5f-jaZw,1
UCDftMWXQoJ6nONfY7GVOVjg,UCYN4wSQ1Sx4_LurxLlW7MPg,1
UCDftMWXQoJ6nONfY7GVOVjg,UCOh6DaZC_x9HASnlRylEMfw,1
UCDftMWXQoJ6nONfY7GVOVjg,UCTP3O0rMnc8z8v8jaDQwL0w,1
UCDftMWXQoJ6nONfY7GVOVjg,UChep9kVb5gQmpodEEl10Xlg,1
UCDftMWXQoJ6nONfY7GVOVjg,UCFoIAE8k82D6AV-8gjjKaNg,1
UCBlm80VQ4YoV3bUJR_XhkaQ,UCozFYHN0e_-vlQbX3wQGOug,1
UCBlm80VQ4YoV3bUJR_XhkaQ,UCat2qkYvqmtDNEmo2PVuhXw,1
UCBlm80VQ4YoV3bUJR_XhkaQ,UCPNXmbOBVeC4HS-xemvcPtQ,1
UCBlm80VQ4YoV3bUJR_XhkaQ,UCIgoiXdIKJyUGmUoH2Lxdzg,1
UCBlm80VQ4YoV3bUJR_XhkaQ,UCrqXyRsg-_hTosURZ-uvoKg,1
UCBlm80VQ4YoV3bUJR_XhkaQ,UCQMMuADgqWUOcJpLwHOzC-g,1
UCBlm80VQ4YoV3bUJR_XhkaQ,UCGZMgmM92E3njyXNe9-kjAQ,1
UCBlm80VQ4YoV3bUJR_XhkaQ,UC-QOpE7GOxlXcHZ8b7HbQKA,1
UCBlm80VQ4YoV3bUJR_XhkaQ,UCtiHFjFu7d5v2XxHnKFUYig,1
UCBlm80VQ4YoV3bUJR_XhkaQ,UCbNanjFI51cwGqMAb2rOrBw,1
UCBlm80VQ4YoV3bUJR_XhkaQ,UCi2KiZq63sRq8Mfbcp-MelQ,1
UCBlm80VQ4YoV3bUJR_XhkaQ,UCVdjCrh4tQoX3haNAZv-n5A,1
UC8r11yOugM2NuRfitQOxLLg,UC2weSE8rpqkGMOp6StYtVfg,1
UC8r11yOugM2NuRfitQOxLLg,UCiGRBf2RNF0WRKhRVT7zFoA,1
UC8r11yOugM2NuRfitQOxLLg,UC3E9mAgP7VoAE5mZoAexl5g,1
UC8r11yOugM2NuRfitQOxLLg,UCut6b9S98nv84cVX89PmKzA,1
UC8r11yOugM2NuRfitQOxLLg,UCXXh7yg5KUFIWylTiKVEFKQ,1
UC8r11yOugM2NuRfitQOxLLg,UCz3gu01bmjNv0DpRq-K3XYg,1
UC8r11yOugM2NuRfitQOxLLg,UCp4iw5_5SmV9VGTFSNVGOmQ,1
UC8r11yOugM2NuRfitQOxLLg,UCWIZUtKJ636y-4TYrNvok0g,1
UC8r11yOugM2NuRfitQOxLLg,UCgvw7xIdGFupzpt1Y_BFkEA,1
UC8r11yOugM2NuRfitQOxLLg,UCtNfIBnc5S5DbbQj_yxgJTw,1
UC8r11yOugM2NuRfitQOxLLg,UCmjppp6ujz3SAnULvP3sZMw,1
UC8r11yOugM2NuRfitQOxLLg,UCYwpX26TrCxq8TvbKGRYLXA,1
UC8r11yOugM2NuRfitQOxLLg,UChZknRmJkeGeQk0-mQuhDOg,1
UC8r11yOugM2NuRfitQOxLLg,UCL1MT278vSaQ83ZDkVWn1gw,1
UC8r11yOugM2NuRfitQOxLLg,UCh5ESQvtzyHDhCA7XyekCFA,1
UC8r11yOugM2NuRfitQOxLLg,UCzSfZlOVxBSs5ObD25ywxDQ,1
UC8r11yOugM2NuRfitQOxLLg,UC8G5cJONY8L9voMyBW8Eoug,1
UC8r11yOugM2NuRfitQOxLLg,UCsJJAvrVGupdmhOqgtDp8dg,1
UC8r11yOugM2NuRfitQOxLLg,UCEgEQmRbtL5fwr9_DqAC--g,1
UC8r11yOugM2NuRfitQOxLLg,UCQgYjVngJRfPHDLGB5X6ZjA,1
UC8r11yOugM2NuRfitQOxLLg,UCAmtbUiIrUIhikru0ZoTFig,1
UC8r11yOugM2NuRfitQOxLLg,UCB5p8a5gklc80jJItP6xTHg,1
UC8r11yOugM2NuRfitQOxLLg,UC4cXueR2bKGFJV0Fk76gwmA,1
UC8r11yOugM2NuRfitQOxLLg,UCiMythXHsw7eQEMykCdmMUA,1
UC8r11yOugM2NuRfitQOxLLg,UCUIIIPTVDVHAXqhC_5V6lPA,1
UC8r11yOugM2NuRfitQOxLLg,UCRlCV9zSn7avAWh-9_XFWqQ,1
UC8r11yOugM2NuRfitQOxLLg,UCDQaQv0hr2SS_PO-CMEwVHg,1
UC8r11yOugM2NuRfitQOxLLg,UCDlr1VadSucIZgZ171pRBjQ,1
UC8r11yOugM2NuRfitQOxLLg,UC7VUuJr9cGh845CmTvf7TlQ,1
UC8r11yOugM2NuRfitQOxLLg,UCA93ym2TXs_Ibyxb4Vcn-6Q,1
UC8r11yOugM2NuRfitQOxLLg,UCXgr7vXlRrsaskPdo097kGA,1
UC8r11yOugM2NuRfitQOxLLg,UCj-LL25XJnjxepPKCc3NGog,1
UC8r11yOugM2NuRfitQOxLLg,UChgkn5Jt5tWKYMoEOuCjz3Q,1
UC8r11yOugM2NuRfitQOxLLg,UCLggDc_a5HriXv7I1h02sOA,1
UC8r11yOugM2NuRfitQOxLLg,UC3NMzdMYryaw82kPTnsaljg,1
UC8r11yOugM2NuRfitQOxLLg,UCylqlpsh8ENNM1LqgQ1KbxA,1
UC8r11yOugM2NuRfitQOxLLg,UCCaYwkkbQGcvFoUmothVdQQ,1
UC8r11yOugM2NuRfitQOxLLg,UC9vMq1YF-e7C-VO0SHkbUTA,1
UC8r11yOugM2NuRfitQOxLLg,UCr1emrogPKkKTs_WTtx71xg,1
UC8r11yOugM2NuRfitQOxLLg,UCV0iizTBoOfdAFX_thfI9BA,1
UC8r11yOugM2NuRfitQOxLLg,UCTylKrsqkrBKIqubMu_5N0Q,1
UC8r11yOugM2NuRfitQOxLLg,UCDUffaruH6dyUnUGwsTKpgg,1
UC8r11yOugM2NuRfitQOxLLg,UCN6qbfPSzFtjhqUDZ3Cv3CQ,1
UC8r11yOugM2NuRfitQOxLLg,UCplrIQtaPj6au60_f2-mOYw,1
UC8r11yOugM2NuRfitQOxLLg,UCLFdHr9BEbXHkoJopbEPLZw,1
UC8r11yOugM2NuRfitQOxLLg,UCipetjeiWj4CZB6EbyYziZg,1
UC8r11yOugM2NuRfitQOxLLg,UCXSkL3ejZ8qWYyF_M7s_QKA,1
UC8r11yOugM2NuRfitQOxLLg,UCueV9cTyTDwgQSec1x2dYgA,1
UC8r11yOugM2NuRfitQOxLLg,UCFjudnPLoaSL1BaRuLahyHg,1
UC8r11yOugM2NuRfitQOxLLg,UCFxE8GbokBrBsPEKM1xrOjQ,1
UC8r11yOugM2NuRfitQOxLLg,UCDIMztpVm7G27qBuiWuT6oQ,1
UC8r11yOugM2NuRfitQOxLLg,UC-jS_kA9w-OmpupXDx156Rg,1
UC8r11yOugM2NuRfitQOxLLg,UCsjs5Hp_r86x1xbK6FAeqaA,1
UC8r11yOugM2NuRfitQOxLLg,UCQqetiwzzmRNTM5OWuXarGQ,1
UC8r11yOugM2NuRfitQOxLLg,UCQtSFINs1h6GHkpg9o5kMvg,1
UC8r11yOugM2NuRfitQOxLLg,UCsUCN0Yq_UyTvKjOJLmNrnQ,1
UC8r11yOugM2NuRfitQOxLLg,UCAlzM_N6xBlMYmM8EBzX86Q,1
UC8r11yOugM2NuRfitQOxLLg,UCfM3nrxtTQMY5jFx1v1J4Gg,1
UC8r11yOugM2NuRfitQOxLLg,UCFhxtoeARHPnXXPcDrOU3Xg,1
UC8r11yOugM2NuRfitQOxLLg,UCNBnKqWf4d-rS4HwJRQljmQ,1
UC8r11yOugM2NuRfitQOxLLg,UC650pRT-OYzny3GwOH8Cgfw,1
UC8r11yOugM2NuRfitQOxLLg,UCxff05WuyvwELNITi7bj7UA,1
UC8r11yOugM2NuRfitQOxLLg,UC-pNP6RMFuLg_-x7Ah_0kEA,1
UC8r11yOugM2NuRfitQOxLLg,UCGzXwyCzMzGmjmCbH3Hg01Q,1
UC8r11yOugM2NuRfitQOxLLg,UCQtICyzWmhC5woCtbNgaSmg,1
UC8r11yOugM2NuRfitQOxLLg,UCTD6q1nyIe3Y7HhqjaMj72w,1
UC8r11yOugM2NuRfitQOxLLg,UCpsKOkt5iWTbenzeuq7dsmQ,1
UC8r11yOugM2NuRfitQOxLLg,UCi1b_TRQfgO1Z9O2gNGGWNA,1
UC8r11yOugM2NuRfitQOxLLg,UCZLG9qH0tUjNhEGFIUt0CYw,1
UC8r11yOugM2NuRfitQOxLLg,UCzoL2l5H5eVlorWGH8AZfAg,1
UC8r11yOugM2NuRfitQOxLLg,UCKDR0f2fu2UzWL8mBv5-BHw,1
UC8r11yOugM2NuRfitQOxLLg,UCjmPuazZJzscrwvk0QR9RVw,1
UC8r11yOugM2NuRfitQOxLLg,UCwha8rxULYMVtNwZWeSkE1A,1
UC8r11yOugM2NuRfitQOxLLg,UCQ_-LPP8JAbfkc-b1Q6NvWw,1
UC8r11yOugM2NuRfitQOxLLg,UCHhHUjaMAZ8SiXdCUCj9DkQ,1
UC8r11yOugM2NuRfitQOxLLg,UCRelkU8JiZBytTzebJxaa-w,1
UC8r11yOugM2NuRfitQOxLLg,UC3MYTqpQqlWBuCB7Th0e0PA,1
UC8r11yOugM2NuRfitQOxLLg,UCZ51R_9Q9C0c8I3pAWhtmjQ,1
UC8r11yOugM2NuRfitQOxLLg,UCujPF2nBgsTD62nWE3lcpIg,1
UC8r11yOugM2NuRfitQOxLLg,UC9xr9QvIcDvoZNUX5f-jaZw,1
UC8r11yOugM2NuRfitQOxLLg,UCYN4wSQ1Sx4_LurxLlW7MPg,1
UC8r11yOugM2NuRfitQOxLLg,UCOh6DaZC_x9HASnlRylEMfw,1
UC8r11yOugM2NuRfitQOxLLg,UCTP3O0rMnc8z8v8jaDQwL0w,1
UC8r11yOugM2NuRfitQOxLLg,UChep9kVb5gQmpodEEl10Xlg,1
UC8r11yOugM2NuRfitQOxLLg,UCFoIAE8k82D6AV-8gjjKaNg,1
UCc_F88PzGWtA1OPNUEASulA,UCvcu1kR8xMYy_I1Ty-2mV2Q,1
UCc_F88PzGWtA1OPNUEASulA,UCXO1BBohNWXkK9SBDAG2ySg,1
UCc_F88PzGWtA1OPNUEASulA,UCdQAuWwyC99MB7Y02Umj26Q,1
UCc_F88PzGWtA1OPNUEASulA,UChT7pzGytNd92Nmvi-zuWog,1
UCc_F88PzGWtA1OPNUEASulA,UCTTILH6QCIxbTnEWxwRqs1g,1
UCc_F88PzGWtA1OPNUEASulA,UCbrtvygfRT6QXqWDNrOf-cA,1
UCc_F88PzGWtA1OPNUEASulA,UCXVLc8CmAO813ubM-fLvCDw,1
UCc_F88PzGWtA1OPNUEASulA,UCxcoDvP-g2_KTZDmVZtvb3w,1
UCc_F88PzGWtA1OPNUEASulA,UCwEe1RKlEv1UpNWmWYfSh4w,1
UCc_F88PzGWtA1OPNUEASulA,UCOY3XpD9qMCRSA8AA8c4CAw,1
UCc_F88PzGWtA1OPNUEASulA,UCCUmP4PlbwgikVFpYwbtRTg,1
UCc_F88PzGWtA1OPNUEASulA,UCXl30Y_upRqbti52fmjK4YA,1
UCIgoiXdIKJyUGmUoH2Lxdzg,UCozFYHN0e_-vlQbX3wQGOug,1
UCIgoiXdIKJyUGmUoH2Lxdzg,UCat2qkYvqmtDNEmo2PVuhXw,1
UCIgoiXdIKJyUGmUoH2Lxdzg,UCPNXmbOBVeC4HS-xemvcPtQ,1
UCIgoiXdIKJyUGmUoH2Lxdzg,UCrqXyRsg-_hTosURZ-uvoKg,1
UCIgoiXdIKJyUGmUoH2Lxdzg,UCQMMuADgqWUOcJpLwHOzC-g,1
UCIgoiXdIKJyUGmUoH2Lxdzg,UCGZMgmM92E3njyXNe9-kjAQ,1
UCIgoiXdIKJyUGmUoH2Lxdzg,UC-QOpE7GOxlXcHZ8b7HbQKA,1
UCIgoiXdIKJyUGmUoH2Lxdzg,UCtiHFjFu7d5v2XxHnKFUYig,1
UCIgoiXdIKJyUGmUoH2Lxdzg,UCbNanjFI51cwGqMAb2rOrBw,1
UCIgoiXdIKJyUGmUoH2Lxdzg,UCi2KiZq63sRq8Mfbcp-MelQ,1
UCIgoiXdIKJyUGmUoH2Lxdzg,UCVdjCrh4tQoX3haNAZv-n5A,1
UClsrFGJKWPxxw7MiaEdKLXw,UCNIeXbV_mEwpa412h1aqUWw,1
UClsrFGJKWPxxw7MiaEdKLXw,UCzZ6dDCEsLMXbc5pCFXIprw,1
UClsrFGJKWPxxw7MiaEdKLXw,UCVQf0tzL7xRzFJsABVVULpg,1
UClsrFGJKWPxxw7MiaEdKLXw,UCPZueDLrCS4BmTBRMA4q0fA,1
UClsrFGJKWPxxw7MiaEdKLXw,UCGX_UbAQOXGZknv5iqklwTA,1
UClsrFGJKWPxxw7MiaEdKLXw,UCAV7QIjYhbDJaycQycM_0eQ,1
UClsrFGJKWPxxw7MiaEdKLXw,UCf5lnNZF7Qrtli9v4N_23WQ,1
UClsrFGJKWPxxw7MiaEdKLXw,UCgQJgI9vu1FI2dnC9mrFthw,1
UClsrFGJKWPxxw7MiaEdKLXw,UC8xlJWNHz1V_W6q3fbuQH8g,1
UClsrFGJKWPxxw7MiaEdKLXw,UC1Y7x3h0c95Z8kUhi-Tzaeg,1
UCLh1Kde4_vI1sTZBkTNP7RQ,UCdFlugHJJa4l3YqWuNRmvXw,1
UCLh1Kde4_vI1sTZBkTNP7RQ,UCBtB5dIyx-C16UN8ClUD2UA,1
UCLh1Kde4_vI1sTZBkTNP7RQ,UCfRqgt2O-vjzUDMZY_tnxQw,1
UCLh1Kde4_vI1sTZBkTNP7RQ,UC4kg7zuTfqQKLd2bkZrSYBA,1
UCkVtmkK07b2zaVVNssX4lOg,UCDrmf9y9nLgFY5wnA2hTuGA,1
UCkVtmkK07b2zaVVNssX4lOg,UCQqlPPUGqAfWjd-FSh_qn7Q,1
UCkVtmkK07b2zaVVNssX4lOg,UCZeIIQrGAedW8tCbKWmGY-A,1
UCkVtmkK07b2zaVVNssX4lOg,UClhMWQ7XKWywYvbRnuf8QsA,1
UCkVtmkK07b2zaVVNssX4lOg,UC816IGbFCZinfYS1LRDaaHg,1
UCkVtmkK07b2zaVVNssX4lOg,UCuXmOjxC-htcprLgeVXz6Tg,1
UCkVtmkK07b2zaVVNssX4lOg,UC5hvEnRUzI4Kfvwnyi4QxqQ,1
UCkVtmkK07b2zaVVNssX4lOg,UCgJNFj5dnxXpcMvmuhZDPxA,1
UCkVtmkK07b2zaVVNssX4lOg,UCylqlpsh8ENNM1LqgQ1KbxA,1
UCkVtmkK07b2zaVVNssX4lOg,UC-fiZBS5Gp1eCJd9ucgWnCg,1
UCkVtmkK07b2zaVVNssX4lOg,UCe8JZoYkX5oKUZyivHYdXhw,1
UCkVtmkK07b2zaVVNssX4lOg,UCpe5jW3MIqkgTJ-PgkzvM6Q,1
UCkVtmkK07b2zaVVNssX4lOg,UCdFlugHJJa4l3YqWuNRmvXw,1
UCkVtmkK07b2zaVVNssX4lOg,UCpsKOkt5iWTbenzeuq7dsmQ,1
UCkVtmkK07b2zaVVNssX4lOg,UCu8_3-Wg-YzNyvHYQDEscfw,1
UCkVtmkK07b2zaVVNssX4lOg,UC_LYoGs5C3mbZKZuKuqYCvw,1
UCkVtmkK07b2zaVVNssX4lOg,UCsGoJEvb-cFPZ2rWoJcXzEQ,1
UCkVtmkK07b2zaVVNssX4lOg,UColMq7LmaoY3MT6aIDGrGvA,1
UCkVtmkK07b2zaVVNssX4lOg,UCgQw_Sbq3ugruDUKsq1e0-A,1
UCkVtmkK07b2zaVVNssX4lOg,UCV0lM03g5fg5pbPj97-sAtA,1
UCkVtmkK07b2zaVVNssX4lOg,UC6Uj1FT5JjDSF8vudvDxPAA,1
UCkVtmkK07b2zaVVNssX4lOg,UCRAquv8el-tQ30bN7MlmySQ,1
UCkVtmkK07b2zaVVNssX4lOg,UCRvPToDkkumha7WJAfCDk1A,1
UCkVtmkK07b2zaVVNssX4lOg,UC1DpqK6vaPEkBOMNvypsKYg,1
UCkVtmkK07b2zaVVNssX4lOg,UCW80DaMjQlEUibC98Cot-Dg,1
UCkVtmkK07b2zaVVNssX4lOg,UCqCrvuoJpC-aVb0f4logQRQ,1
UCkVtmkK07b2zaVVNssX4lOg,UCNpt5CQlTzNjlAKY6CJtClQ,1
UCkVtmkK07b2zaVVNssX4lOg,UCGGHbtfbbe0o68etrOf0qxw,1
UCkVtmkK07b2zaVVNssX4lOg,UCQyOePccUP-fIJYzchAgZYw,1
UCkVtmkK07b2zaVVNssX4lOg,UClqA491Xa5fQcXcJJa-vTWw,1
UCkVtmkK07b2zaVVNssX4lOg,UCWoAVGVqCn4xtINCMOTM4jg,1
UCkVtmkK07b2zaVVNssX4lOg,UCiC-Jn7wdgyQV4_Urk0DkWQ,1
UC8G5cJONY8L9voMyBW8Eoug,UC2weSE8rpqkGMOp6StYtVfg,1
UC8G5cJONY8L9voMyBW8Eoug,UCiGRBf2RNF0WRKhRVT7zFoA,1
UC8G5cJONY8L9voMyBW8Eoug,UC3E9mAgP7VoAE5mZoAexl5g,1
UC8G5cJONY8L9voMyBW8Eoug,UCut6b9S98nv84cVX89PmKzA,1
UC8G5cJONY8L9voMyBW8Eoug,UCXXh7yg5KUFIWylTiKVEFKQ,1
UC8G5cJONY8L9voMyBW8Eoug,UCz3gu01bmjNv0DpRq-K3XYg,1
UC8G5cJONY8L9voMyBW8Eoug,UCp4iw5_5SmV9VGTFSNVGOmQ,1
UC8G5cJONY8L9voMyBW8Eoug,UCWIZUtKJ636y-4TYrNvok0g,1
UC8G5cJONY8L9voMyBW8Eoug,UCgvw7xIdGFupzpt1Y_BFkEA,1
UC8G5cJONY8L9voMyBW8Eoug,UCtNfIBnc5S5DbbQj_yxgJTw,1
UC8G5cJONY8L9voMyBW8Eoug,UCmjppp6ujz3SAnULvP3sZMw,1
UC8G5cJONY8L9voMyBW8Eoug,UCYwpX26TrCxq8TvbKGRYLXA,1
UC8G5cJONY8L9voMyBW8Eoug,UChZknRmJkeGeQk0-mQuhDOg,1
UC8G5cJONY8L9voMyBW8Eoug,UCL1MT278vSaQ83ZDkVWn1gw,1
UC8G5cJONY8L9voMyBW8Eoug,UCh5ESQvtzyHDhCA7XyekCFA,1
UC8G5cJONY8L9voMyBW8Eoug,UCzSfZlOVxBSs5ObD25ywxDQ,1
UC8G5cJONY8L9voMyBW8Eoug,UCsJJAvrVGupdmhOqgtDp8dg,1
UC8G5cJONY8L9voMyBW8Eoug,UCEgEQmRbtL5fwr9_DqAC--g,1
UC8G5cJONY8L9voMyBW8Eoug,UCQgYjVngJRfPHDLGB5X6ZjA,1
UC8G5cJONY8L9voMyBW8Eoug,UCAmtbUiIrUIhikru0ZoTFig,1
UC8G5cJONY8L9voMyBW8Eoug,UCB5p8a5gklc80jJItP6xTHg,1
UC8G5cJONY8L9voMyBW8Eoug,UC4cXueR2bKGFJV0Fk76gwmA,1
UC8G5cJONY8L9voMyBW8Eoug,UCiMythXHsw7eQEMykCdmMUA,1
UC8G5cJONY8L9voMyBW8Eoug,UCUIIIPTVDVHAXqhC_5V6lPA,1
UC8G5cJONY8L9voMyBW8Eoug,UCRlCV9zSn7avAWh-9_XFWqQ,1
UC8G5cJONY8L9voMyBW8Eoug,UCDQaQv0hr2SS_PO-CMEwVHg,1
UC8G5cJONY8L9voMyBW8Eoug,UCDlr1VadSucIZgZ171pRBjQ,1
UC8G5cJONY8L9voMyBW8Eoug,UC7VUuJr9cGh845CmTvf7TlQ,1
UC8G5cJONY8L9voMyBW8Eoug,UCA93ym2TXs_Ibyxb4Vcn-6Q,1
UC8G5cJONY8L9voMyBW8Eoug,UCXgr7vXlRrsaskPdo097kGA,1
UC8G5cJONY8L9voMyBW8Eoug,UCj-LL25XJnjxepPKCc3NGog,1
UC8G5cJONY8L9voMyBW8Eoug,UChgkn5Jt5tWKYMoEOuCjz3Q,1
UC8G5cJONY8L9voMyBW8Eoug,UCLggDc_a5HriXv7I1h02sOA,1
UC8G5cJONY8L9voMyBW8Eoug,UC3NMzdMYryaw82kPTnsaljg,1
UC8G5cJONY8L9voMyBW8Eoug,UCylqlpsh8ENNM1LqgQ1KbxA,1
UC8G5cJONY8L9voMyBW8Eoug,UCCaYwkkbQGcvFoUmothVdQQ,1
UC8G5cJONY8L9voMyBW8Eoug,UC9vMq1YF-e7C-VO0SHkbUTA,1
UC8G5cJONY8L9voMyBW8Eoug,UCr1emrogPKkKTs_WTtx71xg,1
UC8G5cJONY8L9voMyBW8Eoug,UCV0iizTBoOfdAFX_thfI9BA,1
UC8G5cJONY8L9voMyBW8Eoug,UCTylKrsqkrBKIqubMu_5N0Q,1
UC8G5cJONY8L9voMyBW8Eoug,UCDUffaruH6dyUnUGwsTKpgg,1
UC8G5cJONY8L9voMyBW8Eoug,UCN6qbfPSzFtjhqUDZ3Cv3CQ,1
UC8G5cJONY8L9voMyBW8Eoug,UCplrIQtaPj6au60_f2-mOYw,1
UC8G5cJONY8L9voMyBW8Eoug,UCLFdHr9BEbXHkoJopbEPLZw,1
UC8G5cJONY8L9voMyBW8Eoug,UCipetjeiWj4CZB6EbyYziZg,1
UC8G5cJONY8L9voMyBW8Eoug,UCXSkL3ejZ8qWYyF_M7s_QKA,1
UC8G5cJONY8L9voMyBW8Eoug,UCueV9cTyTDwgQSec1x2dYgA,1
UC8G5cJONY8L9voMyBW8Eoug,UCFjudnPLoaSL1BaRuLahyHg,1
UC8G5cJONY8L9voMyBW8Eoug,UCFxE8GbokBrBsPEKM1xrOjQ,1
UC8G5cJONY8L9voMyBW8Eoug,UCDIMztpVm7G27qBuiWuT6oQ,1
UC8G5cJONY8L9voMyBW8Eoug,UC-jS_kA9w-OmpupXDx156Rg,1
UC8G5cJONY8L9voMyBW8Eoug,UCsjs5Hp_r86x1xbK6FAeqaA,1
UC8G5cJONY8L9voMyBW8Eoug,UCQqetiwzzmRNTM5OWuXarGQ,1
UC8G5cJONY8L9voMyBW8Eoug,UCQtSFINs1h6GHkpg9o5kMvg,1
UC8G5cJONY8L9voMyBW8Eoug,UCsUCN0Yq_UyTvKjOJLmNrnQ,1
UC8G5cJONY8L9voMyBW8Eoug,UCAlzM_N6xBlMYmM8EBzX86Q,1
UC8G5cJONY8L9voMyBW8Eoug,UCfM3nrxtTQMY5jFx1v1J4Gg,1
UC8G5cJONY8L9voMyBW8Eoug,UCFhxtoeARHPnXXPcDrOU3Xg,1
UC8G5cJONY8L9voMyBW8Eoug,UCNBnKqWf4d-rS4HwJRQljmQ,1
UC8G5cJONY8L9voMyBW8Eoug,UC650pRT-OYzny3GwOH8Cgfw,1
UC8G5cJONY8L9voMyBW8Eoug,UCxff05WuyvwELNITi7bj7UA,1
UC8G5cJONY8L9voMyBW8Eoug,UC-pNP6RMFuLg_-x7Ah_0kEA,1
UC8G5cJONY8L9voMyBW8Eoug,UCGzXwyCzMzGmjmCbH3Hg01Q,1
UC8G5cJONY8L9voMyBW8Eoug,UCQtICyzWmhC5woCtbNgaSmg,1
UC8G5cJONY8L9voMyBW8Eoug,UCTD6q1nyIe3Y7HhqjaMj72w,1
UC8G5cJONY8L9voMyBW8Eoug,UCpsKOkt5iWTbenzeuq7dsmQ,1
UC8G5cJONY8L9voMyBW8Eoug,UCi1b_TRQfgO1Z9O2gNGGWNA,1
UC8G5cJONY8L9voMyBW8Eoug,UCZLG9qH0tUjNhEGFIUt0CYw,1
UC8G5cJONY8L9voMyBW8Eoug,UCzoL2l5H5eVlorWGH8AZfAg,1
UC8G5cJONY8L9voMyBW8Eoug,UCKDR0f2fu2UzWL8mBv5-BHw,1
UC8G5cJONY8L9voMyBW8Eoug,UCjmPuazZJzscrwvk0QR9RVw,1
UC8G5cJONY8L9voMyBW8Eoug,UCwha8rxULYMVtNwZWeSkE1A,1
UC8G5cJONY8L9voMyBW8Eoug,UCQ_-LPP8JAbfkc-b1Q6NvWw,1
UC8G5cJONY8L9voMyBW8Eoug,UCHhHUjaMAZ8SiXdCUCj9DkQ,1
UC8G5cJONY8L9voMyBW8Eoug,UCRelkU8JiZBytTzebJxaa-w,1
UC8G5cJONY8L9voMyBW8Eoug,UC3MYTqpQqlWBuCB7Th0e0PA,1
UC8G5cJONY8L9voMyBW8Eoug,UCZ51R_9Q9C0c8I3pAWhtmjQ,1
UC8G5cJONY8L9voMyBW8Eoug,UCujPF2nBgsTD62nWE3lcpIg,1
UC8G5cJONY8L9voMyBW8Eoug,UC9xr9QvIcDvoZNUX5f-jaZw,1
UC8G5cJONY8L9voMyBW8Eoug,UCYN4wSQ1Sx4_LurxLlW7MPg,1
UC8G5cJONY8L9voMyBW8Eoug,UCOh6DaZC_x9HASnlRylEMfw,1
UC8G5cJONY8L9voMyBW8Eoug,UCTP3O0rMnc8z8v8jaDQwL0w,1
UC8G5cJONY8L9voMyBW8Eoug,UChep9kVb5gQmpodEEl10Xlg,1
UC8G5cJONY8L9voMyBW8Eoug,UCFoIAE8k82D6AV-8gjjKaNg,1
UCsJJAvrVGupdmhOqgtDp8dg,UC2weSE8rpqkGMOp6StYtVfg,1
UCsJJAvrVGupdmhOqgtDp8dg,UCiGRBf2RNF0WRKhRVT7zFoA,1
UCsJJAvrVGupdmhOqgtDp8dg,UC3E9mAgP7VoAE5mZoAexl5g,1
UCsJJAvrVGupdmhOqgtDp8dg,UCut6b9S98nv84cVX89PmKzA,1
UCsJJAvrVGupdmhOqgtDp8dg,UCXXh7yg5KUFIWylTiKVEFKQ,1
UCsJJAvrVGupdmhOqgtDp8dg,UCz3gu01bmjNv0DpRq-K3XYg,1
UCsJJAvrVGupdmhOqgtDp8dg,UCp4iw5_5SmV9VGTFSNVGOmQ,1
UCsJJAvrVGupdmhOqgtDp8dg,UCWIZUtKJ636y-4TYrNvok0g,1
UCsJJAvrVGupdmhOqgtDp8dg,UCgvw7xIdGFupzpt1Y_BFkEA,1
UCsJJAvrVGupdmhOqgtDp8dg,UCtNfIBnc5S5DbbQj_yxgJTw,1
UCsJJAvrVGupdmhOqgtDp8dg,UCmjppp6ujz3SAnULvP3sZMw,1
UCsJJAvrVGupdmhOqgtDp8dg,UCYwpX26TrCxq8TvbKGRYLXA,1
UCsJJAvrVGupdmhOqgtDp8dg,UChZknRmJkeGeQk0-mQuhDOg,1
UCsJJAvrVGupdmhOqgtDp8dg,UCL1MT278vSaQ83ZDkVWn1gw,1
UCsJJAvrVGupdmhOqgtDp8dg,UCh5ESQvtzyHDhCA7XyekCFA,1
UCsJJAvrVGupdmhOqgtDp8dg,UCzSfZlOVxBSs5ObD25ywxDQ,1
UCsJJAvrVGupdmhOqgtDp8dg,UCEgEQmRbtL5fwr9_DqAC--g,1
UCsJJAvrVGupdmhOqgtDp8dg,UCQgYjVngJRfPHDLGB5X6ZjA,1
UCsJJAvrVGupdmhOqgtDp8dg,UCAmtbUiIrUIhikru0ZoTFig,1
UCsJJAvrVGupdmhOqgtDp8dg,UCB5p8a5gklc80jJItP6xTHg,1
UCsJJAvrVGupdmhOqgtDp8dg,UC4cXueR2bKGFJV0Fk76gwmA,1
UCsJJAvrVGupdmhOqgtDp8dg,UCiMythXHsw7eQEMykCdmMUA,1
UCsJJAvrVGupdmhOqgtDp8dg,UCUIIIPTVDVHAXqhC_5V6lPA,1
UCsJJAvrVGupdmhOqgtDp8dg,UCRlCV9zSn7avAWh-9_XFWqQ,1
UCsJJAvrVGupdmhOqgtDp8dg,UCDQaQv0hr2SS_PO-CMEwVHg,1
UCsJJAvrVGupdmhOqgtDp8dg,UCDlr1VadSucIZgZ171pRBjQ,1
UCsJJAvrVGupdmhOqgtDp8dg,UC7VUuJr9cGh845CmTvf7TlQ,1
UCsJJAvrVGupdmhOqgtDp8dg,UCA93ym2TXs_Ibyxb4Vcn-6Q,1
UCsJJAvrVGupdmhOqgtDp8dg,UCXgr7vXlRrsaskPdo097kGA,1
UCsJJAvrVGupdmhOqgtDp8dg,UCj-LL25XJnjxepPKCc3NGog,1
UCsJJAvrVGupdmhOqgtDp8dg,UChgkn5Jt5tWKYMoEOuCjz3Q,1
UCsJJAvrVGupdmhOqgtDp8dg,UCLggDc_a5HriXv7I1h02sOA,1
UCsJJAvrVGupdmhOqgtDp8dg,UC3NMzdMYryaw82kPTnsaljg,1
UCsJJAvrVGupdmhOqgtDp8dg,UCylqlpsh8ENNM1LqgQ1KbxA,1
UCsJJAvrVGupdmhOqgtDp8dg,UCCaYwkkbQGcvFoUmothVdQQ,1
UCsJJAvrVGupdmhOqgtDp8dg,UC9vMq1YF-e7C-VO0SHkbUTA,1
UCsJJAvrVGupdmhOqgtDp8dg,UCr1emrogPKkKTs_WTtx71xg,1
UCsJJAvrVGupdmhOqgtDp8dg,UCV0iizTBoOfdAFX_thfI9BA,1
UCsJJAvrVGupdmhOqgtDp8dg,UCTylKrsqkrBKIqubMu_5N0Q,1
UCsJJAvrVGupdmhOqgtDp8dg,UCDUffaruH6dyUnUGwsTKpgg,1
UCsJJAvrVGupdmhOqgtDp8dg,UCN6qbfPSzFtjhqUDZ3Cv3CQ,1
UCsJJAvrVGupdmhOqgtDp8dg,UCplrIQtaPj6au60_f2-mOYw,1
UCsJJAvrVGupdmhOqgtDp8dg,UCLFdHr9BEbXHkoJopbEPLZw,1
UCsJJAvrVGupdmhOqgtDp8dg,UCipetjeiWj4CZB6EbyYziZg,1
UCsJJAvrVGupdmhOqgtDp8dg,UCXSkL3ejZ8qWYyF_M7s_QKA,1
UCsJJAvrVGupdmhOqgtDp8dg,UCueV9cTyTDwgQSec1x2dYgA,1
UCsJJAvrVGupdmhOqgtDp8dg,UCFjudnPLoaSL1BaRuLahyHg,1
UCsJJAvrVGupdmhOqgtDp8dg,UCFxE8GbokBrBsPEKM1xrOjQ,1
UCsJJAvrVGupdmhOqgtDp8dg,UCDIMztpVm7G27qBuiWuT6oQ,1
UCsJJAvrVGupdmhOqgtDp8dg,UC-jS_kA9w-OmpupXDx156Rg,1
UCsJJAvrVGupdmhOqgtDp8dg,UCsjs5Hp_r86x1xbK6FAeqaA,1
UCsJJAvrVGupdmhOqgtDp8dg,UCQqetiwzzmRNTM5OWuXarGQ,1
UCsJJAvrVGupdmhOqgtDp8dg,UCQtSFINs1h6GHkpg9o5kMvg,1
UCsJJAvrVGupdmhOqgtDp8dg,UCsUCN0Yq_UyTvKjOJLmNrnQ,1
UCsJJAvrVGupdmhOqgtDp8dg,UCAlzM_N6xBlMYmM8EBzX86Q,1
UCsJJAvrVGupdmhOqgtDp8dg,UCfM3nrxtTQMY5jFx1v1J4Gg,1
UCsJJAvrVGupdmhOqgtDp8dg,UCFhxtoeARHPnXXPcDrOU3Xg,1
UCsJJAvrVGupdmhOqgtDp8dg,UCNBnKqWf4d-rS4HwJRQljmQ,1
UCsJJAvrVGupdmhOqgtDp8dg,UC650pRT-OYzny3GwOH8Cgfw,1
UCsJJAvrVGupdmhOqgtDp8dg,UCxff05WuyvwELNITi7bj7UA,1
UCsJJAvrVGupdmhOqgtDp8dg,UC-pNP6RMFuLg_-x7Ah_0kEA,1
UCsJJAvrVGupdmhOqgtDp8dg,UCGzXwyCzMzGmjmCbH3Hg01Q,1
UCsJJAvrVGupdmhOqgtDp8dg,UCQtICyzWmhC5woCtbNgaSmg,1
UCsJJAvrVGupdmhOqgtDp8dg,UCTD6q1nyIe3Y7HhqjaMj72w,1
UCsJJAvrVGupdmhOqgtDp8dg,UCpsKOkt5iWTbenzeuq7dsmQ,1
UCsJJAvrVGupdmhOqgtDp8dg,UCi1b_TRQfgO1Z9O2gNGGWNA,1
UCsJJAvrVGupdmhOqgtDp8dg,UCZLG9qH0tUjNhEGFIUt0CYw,1
UCsJJAvrVGupdmhOqgtDp8dg,UCzoL2l5H5eVlorWGH8AZfAg,1
UCsJJAvrVGupdmhOqgtDp8dg,UCKDR0f2fu2UzWL8mBv5-BHw,1
UCsJJAvrVGupdmhOqgtDp8dg,UCjmPuazZJzscrwvk0QR9RVw,1
UCsJJAvrVGupdmhOqgtDp8dg,UCwha8rxULYMVtNwZWeSkE1A,1
UCsJJAvrVGupdmhOqgtDp8dg,UCQ_-LPP8JAbfkc-b1Q6NvWw,1
UCsJJAvrVGupdmhOqgtDp8dg,UCHhHUjaMAZ8SiXdCUCj9DkQ,1
UCsJJAvrVGupdmhOqgtDp8dg,UCRelkU8JiZBytTzebJxaa-w,1
UCsJJAvrVGupdmhOqgtDp8dg,UC3MYTqpQqlWBuCB7Th0e0PA,1
UCsJJAvrVGupdmhOqgtDp8dg,UCZ51R_9Q9C0c8I3pAWhtmjQ,1
UCsJJAvrVGupdmhOqgtDp8dg,UCujPF2nBgsTD62nWE3lcpIg,1
UCsJJAvrVGupdmhOqgtDp8dg,UC9xr9QvIcDvoZNUX5f-jaZw,1
UCsJJAvrVGupdmhOqgtDp8dg,UCYN4wSQ1Sx4_LurxLlW7MPg,1
UCsJJAvrVGupdmhOqgtDp8dg,UCOh6DaZC_x9HASnlRylEMfw,1
UCsJJAvrVGupdmhOqgtDp8dg,UCTP3O0rMnc8z8v8jaDQwL0w,1
UCsJJAvrVGupdmhOqgtDp8dg,UChep9kVb5gQmpodEEl10Xlg,1
UCsJJAvrVGupdmhOqgtDp8dg,UCFoIAE8k82D6AV-8gjjKaNg,1
UColMq7LmaoY3MT6aIDGrGvA,UCDrmf9y9nLgFY5wnA2hTuGA,1
UColMq7LmaoY3MT6aIDGrGvA,UCQqlPPUGqAfWjd-FSh_qn7Q,1
UColMq7LmaoY3MT6aIDGrGvA,UCZeIIQrGAedW8tCbKWmGY-A,1
UColMq7LmaoY3MT6aIDGrGvA,UClhMWQ7XKWywYvbRnuf8QsA,1
UColMq7LmaoY3MT6aIDGrGvA,UC816IGbFCZinfYS1LRDaaHg,1
UColMq7LmaoY3MT6aIDGrGvA,UCuXmOjxC-htcprLgeVXz6Tg,1
UColMq7LmaoY3MT6aIDGrGvA,UC5hvEnRUzI4Kfvwnyi4QxqQ,1
UColMq7LmaoY3MT6aIDGrGvA,UCgJNFj5dnxXpcMvmuhZDPxA,1
UColMq7LmaoY3MT6aIDGrGvA,UCylqlpsh8ENNM1LqgQ1KbxA,1
UColMq7LmaoY3MT6aIDGrGvA,UC-fiZBS5Gp1eCJd9ucgWnCg,1
UColMq7LmaoY3MT6aIDGrGvA,UCe8JZoYkX5oKUZyivHYdXhw,1
UColMq7LmaoY3MT6aIDGrGvA,UCpe5jW3MIqkgTJ-PgkzvM6Q,1
UColMq7LmaoY3MT6aIDGrGvA,UCdFlugHJJa4l3YqWuNRmvXw,1
UColMq7LmaoY3MT6aIDGrGvA,UCpsKOkt5iWTbenzeuq7dsmQ,1
UColMq7LmaoY3MT6aIDGrGvA,UCu8_3-Wg-YzNyvHYQDEscfw,1
UColMq7LmaoY3MT6aIDGrGvA,UC_LYoGs5C3mbZKZuKuqYCvw,1
UColMq7LmaoY3MT6aIDGrGvA,UCsGoJEvb-cFPZ2rWoJcXzEQ,1
UColMq7LmaoY3MT6aIDGrGvA,UCgQw_Sbq3ugruDUKsq1e0-A,1
UColMq7LmaoY3MT6aIDGrGvA,UCV0lM03g5fg5pbPj97-sAtA,1
UColMq7LmaoY3MT6aIDGrGvA,UC6Uj1FT5JjDSF8vudvDxPAA,1
UColMq7LmaoY3MT6aIDGrGvA,UCRAquv8el-tQ30bN7MlmySQ,1
UColMq7LmaoY3MT6aIDGrGvA,UCRvPToDkkumha7WJAfCDk1A,1
UColMq7LmaoY3MT6aIDGrGvA,UC1DpqK6vaPEkBOMNvypsKYg,1
UColMq7LmaoY3MT6aIDGrGvA,UCW80DaMjQlEUibC98Cot-Dg,1
UColMq7LmaoY3MT6aIDGrGvA,UCqCrvuoJpC-aVb0f4logQRQ,1
UColMq7LmaoY3MT6aIDGrGvA,UCNpt5CQlTzNjlAKY6CJtClQ,1
UColMq7LmaoY3MT6aIDGrGvA,UCGGHbtfbbe0o68etrOf0qxw,1
UColMq7LmaoY3MT6aIDGrGvA,UCQyOePccUP-fIJYzchAgZYw,1
UColMq7LmaoY3MT6aIDGrGvA,UClqA491Xa5fQcXcJJa-vTWw,1
UColMq7LmaoY3MT6aIDGrGvA,UCWoAVGVqCn4xtINCMOTM4jg,1
UColMq7LmaoY3MT6aIDGrGvA,UCiC-Jn7wdgyQV4_Urk0DkWQ,1
UCat2qkYvqmtDNEmo2PVuhXw,UCozFYHN0e_-vlQbX3wQGOug,1
UCat2qkYvqmtDNEmo2PVuhXw,UCPNXmbOBVeC4HS-xemvcPtQ,1
UCat2qkYvqmtDNEmo2PVuhXw,UCrqXyRsg-_hTosURZ-uvoKg,1
UCat2qkYvqmtDNEmo2PVuhXw,UCQMMuADgqWUOcJpLwHOzC-g,1
UCat2qkYvqmtDNEmo2PVuhXw,UCGZMgmM92E3njyXNe9-kjAQ,1
UCat2qkYvqmtDNEmo2PVuhXw,UC-QOpE7GOxlXcHZ8b7HbQKA,1
UCat2qkYvqmtDNEmo2PVuhXw,UCtiHFjFu7d5v2XxHnKFUYig,1
UCat2qkYvqmtDNEmo2PVuhXw,UCbNanjFI51cwGqMAb2rOrBw,1
UCat2qkYvqmtDNEmo2PVuhXw,UCi2KiZq63sRq8Mfbcp-MelQ,1
UCat2qkYvqmtDNEmo2PVuhXw,UCVdjCrh4tQoX3haNAZv-n5A,1
UCeQk-WfEA-cJRq4EKeE7TOw,UCtsxPYw8VUsH_FfnKg-0lmw,1
UCeQk-WfEA-cJRq4EKeE7TOw,UCgGqw4aqMdMVSGkKiMgrJRQ,1
UCeQk-WfEA-cJRq4EKeE7TOw,UCvDwJBBY1mHK70aTEYl6rsA,1
UCeQk-WfEA-cJRq4EKeE7TOw,UCzZ6dDCEsLMXbc5pCFXIprw,1
UCeQk-WfEA-cJRq4EKeE7TOw,UCyJhqmMbsvjpoarBBStA2kg,1
UCeQk-WfEA-cJRq4EKeE7TOw,UCV3fr-YOixFKCZBbJP1-X4w,1
UCeQk-WfEA-cJRq4EKeE7TOw,UCWvntqPQx99k_Z_skWKqNSA,1
UCeQk-WfEA-cJRq4EKeE7TOw,UCEHXl4VvvVpq-_4xC5tsbhg,1
UCeQk-WfEA-cJRq4EKeE7TOw,UC63tFvbQ_hJhGDi2nbjssjw,1
UCeQk-WfEA-cJRq4EKeE7TOw,UCp29O_C7cchZV8IxV7Crdag,1
UCeQk-WfEA-cJRq4EKeE7TOw,UC-HeUTT6_g-VoiWds2a4H-w,1
UCeQk-WfEA-cJRq4EKeE7TOw,UC1NiEdJ7gk6FlDexIalWnGg,1
UCeQk-WfEA-cJRq4EKeE7TOw,UCaT4saRcyqCLE657Rq2hhZQ,1
UCeQk-WfEA-cJRq4EKeE7TOw,UCjZgFEowMBrsjodqfovzdKw,1
UCeQk-WfEA-cJRq4EKeE7TOw,UCFybmWapGvBKcQod7cPPH9w,1
UCeQk-WfEA-cJRq4EKeE7TOw,UC0HvfEWozTHbwl_iEmJNvVA,1
UCeQk-WfEA-cJRq4EKeE7TOw,UCheEJ5GZuIvV0fj-nXyVwXw,1
UCeQk-WfEA-cJRq4EKeE7TOw,UChyps3dqY-VY1_wLeq-2lhw,1
UCeQk-WfEA-cJRq4EKeE7TOw,UC14qlobYKqD-DO0j6b75lcA,1
UCeQk-WfEA-cJRq4EKeE7TOw,UC3YpzAr7pcdKC7BVFEpYzog,1
UCeQk-WfEA-cJRq4EKeE7TOw,UCwxoKK59nGCeBqB2sXfDBIw,1
UCB5p8a5gklc80jJItP6xTHg,UC2weSE8rpqkGMOp6StYtVfg,1
UCB5p8a5gklc80jJItP6xTHg,UCiGRBf2RNF0WRKhRVT7zFoA,1
UCB5p8a5gklc80jJItP6xTHg,UC3E9mAgP7VoAE5mZoAexl5g,1
UCB5p8a5gklc80jJItP6xTHg,UCut6b9S98nv84cVX89PmKzA,1
UCB5p8a5gklc80jJItP6xTHg,UCXXh7yg5KUFIWylTiKVEFKQ,1
UCB5p8a5gklc80jJItP6xTHg,UCz3gu01bmjNv0DpRq-K3XYg,1
UCB5p8a5gklc80jJItP6xTHg,UCp4iw5_5SmV9VGTFSNVGOmQ,1
UCB5p8a5gklc80jJItP6xTHg,UCWIZUtKJ636y-4TYrNvok0g,1
UCB5p8a5gklc80jJItP6xTHg,UCgvw7xIdGFupzpt1Y_BFkEA,1
UCB5p8a5gklc80jJItP6xTHg,UCtNfIBnc5S5DbbQj_yxgJTw,1
UCB5p8a5gklc80jJItP6xTHg,UCmjppp6ujz3SAnULvP3sZMw,1
UCB5p8a5gklc80jJItP6xTHg,UCYwpX26TrCxq8TvbKGRYLXA,1
UCB5p8a5gklc80jJItP6xTHg,UChZknRmJkeGeQk0-mQuhDOg,1
UCB5p8a5gklc80jJItP6xTHg,UCL1MT278vSaQ83ZDkVWn1gw,1
UCB5p8a5gklc80jJItP6xTHg,UCh5ESQvtzyHDhCA7XyekCFA,1
UCB5p8a5gklc80jJItP6xTHg,UCzSfZlOVxBSs5ObD25ywxDQ,1
UCB5p8a5gklc80jJItP6xTHg,UCEgEQmRbtL5fwr9_DqAC--g,1
UCB5p8a5gklc80jJItP6xTHg,UCQgYjVngJRfPHDLGB5X6ZjA,1
UCB5p8a5gklc80jJItP6xTHg,UCAmtbUiIrUIhikru0ZoTFig,1
UCB5p8a5gklc80jJItP6xTHg,UC4cXueR2bKGFJV0Fk76gwmA,1
UCB5p8a5gklc80jJItP6xTHg,UCiMythXHsw7eQEMykCdmMUA,1
UCB5p8a5gklc80jJItP6xTHg,UCUIIIPTVDVHAXqhC_5V6lPA,1
UCB5p8a5gklc80jJItP6xTHg,UCRlCV9zSn7avAWh-9_XFWqQ,1
UCB5p8a5gklc80jJItP6xTHg,UCDQaQv0hr2SS_PO-CMEwVHg,1
UCB5p8a5gklc80jJItP6xTHg,UCDlr1VadSucIZgZ171pRBjQ,1
UCB5p8a5gklc80jJItP6xTHg,UC7VUuJr9cGh845CmTvf7TlQ,1
UCB5p8a5gklc80jJItP6xTHg,UCA93ym2TXs_Ibyxb4Vcn-6Q,1
UCB5p8a5gklc80jJItP6xTHg,UCXgr7vXlRrsaskPdo097kGA,1
UCB5p8a5gklc80jJItP6xTHg,UCj-LL25XJnjxepPKCc3NGog,1
UCB5p8a5gklc80jJItP6xTHg,UChgkn5Jt5tWKYMoEOuCjz3Q,1
UCB5p8a5gklc80jJItP6xTHg,UCLggDc_a5HriXv7I1h02sOA,1
UCB5p8a5gklc80jJItP6xTHg,UC3NMzdMYryaw82kPTnsaljg,1
UCB5p8a5gklc80jJItP6xTHg,UCylqlpsh8ENNM1LqgQ1KbxA,1
UCB5p8a5gklc80jJItP6xTHg,UCCaYwkkbQGcvFoUmothVdQQ,1
UCB5p8a5gklc80jJItP6xTHg,UC9vMq1YF-e7C-VO0SHkbUTA,1
UCB5p8a5gklc80jJItP6xTHg,UCr1emrogPKkKTs_WTtx71xg,1
UCB5p8a5gklc80jJItP6xTHg,UCV0iizTBoOfdAFX_thfI9BA,1
UCB5p8a5gklc80jJItP6xTHg,UCTylKrsqkrBKIqubMu_5N0Q,1
UCB5p8a5gklc80jJItP6xTHg,UCDUffaruH6dyUnUGwsTKpgg,1
UCB5p8a5gklc80jJItP6xTHg,UCN6qbfPSzFtjhqUDZ3Cv3CQ,1
UCB5p8a5gklc80jJItP6xTHg,UCplrIQtaPj6au60_f2-mOYw,1
UCB5p8a5gklc80jJItP6xTHg,UCLFdHr9BEbXHkoJopbEPLZw,1
UCB5p8a5gklc80jJItP6xTHg,UCipetjeiWj4CZB6EbyYziZg,1
UCB5p8a5gklc80jJItP6xTHg,UCXSkL3ejZ8qWYyF_M7s_QKA,1
UCB5p8a5gklc80jJItP6xTHg,UCueV9cTyTDwgQSec1x2dYgA,1
UCB5p8a5gklc80jJItP6xTHg,UCFjudnPLoaSL1BaRuLahyHg,1
UCB5p8a5gklc80jJItP6xTHg,UCFxE8GbokBrBsPEKM1xrOjQ,1
UCB5p8a5gklc80jJItP6xTHg,UCDIMztpVm7G27qBuiWuT6oQ,1
UCB5p8a5gklc80jJItP6xTHg,UC-jS_kA9w-OmpupXDx156Rg,1
UCB5p8a5gklc80jJItP6xTHg,UCsjs5Hp_r86x1xbK6FAeqaA,1
UCB5p8a5gklc80jJItP6xTHg,UCQqetiwzzmRNTM5OWuXarGQ,1
UCB5p8a5gklc80jJItP6xTHg,UCQtSFINs1h6GHkpg9o5kMvg,1
UCB5p8a5gklc80jJItP6xTHg,UCsUCN0Yq_UyTvKjOJLmNrnQ,1
UCB5p8a5gklc80jJItP6xTHg,UCAlzM_N6xBlMYmM8EBzX86Q,1
UCB5p8a5gklc80jJItP6xTHg,UCfM3nrxtTQMY5jFx1v1J4Gg,1
UCB5p8a5gklc80jJItP6xTHg,UCFhxtoeARHPnXXPcDrOU3Xg,1
UCB5p8a5gklc80jJItP6xTHg,UCNBnKqWf4d-rS4HwJRQljmQ,1
UCB5p8a5gklc80jJItP6xTHg,UC650pRT-OYzny3GwOH8Cgfw,1
UCB5p8a5gklc80jJItP6xTHg,UCxff05WuyvwELNITi7bj7UA,1
UCB5p8a5gklc80jJItP6xTHg,UC-pNP6RMFuLg_-x7Ah_0kEA,1
UCB5p8a5gklc80jJItP6xTHg,UCGzXwyCzMzGmjmCbH3Hg01Q,1
UCB5p8a5gklc80jJItP6xTHg,UCQtICyzWmhC5woCtbNgaSmg,1
UCB5p8a5gklc80jJItP6xTHg,UCTD6q1nyIe3Y7HhqjaMj72w,1
UCB5p8a5gklc80jJItP6xTHg,UCpsKOkt5iWTbenzeuq7dsmQ,1
UCB5p8a5gklc80jJItP6xTHg,UCi1b_TRQfgO1Z9O2gNGGWNA,1
UCB5p8a5gklc80jJItP6xTHg,UCZLG9qH0tUjNhEGFIUt0CYw,1
UCB5p8a5gklc80jJItP6xTHg,UCzoL2l5H5eVlorWGH8AZfAg,1
UCB5p8a5gklc80jJItP6xTHg,UCKDR0f2fu2UzWL8mBv5-BHw,1
UCB5p8a5gklc80jJItP6xTHg,UCjmPuazZJzscrwvk0QR9RVw,1
UCB5p8a5gklc80jJItP6xTHg,UCwha8rxULYMVtNwZWeSkE1A,1
UCB5p8a5gklc80jJItP6xTHg,UCQ_-LPP8JAbfkc-b1Q6NvWw,1
UCB5p8a5gklc80jJItP6xTHg,UCHhHUjaMAZ8SiXdCUCj9DkQ,1
UCB5p8a5gklc80jJItP6xTHg,UCRelkU8JiZBytTzebJxaa-w,1
UCB5p8a5gklc80jJItP6xTHg,UC3MYTqpQqlWBuCB7Th0e0PA,1
UCB5p8a5gklc80jJItP6xTHg,UCZ51R_9Q9C0c8I3pAWhtmjQ,1
UCB5p8a5gklc80jJItP6xTHg,UCujPF2nBgsTD62nWE3lcpIg,1
UCB5p8a5gklc80jJItP6xTHg,UC9xr9QvIcDvoZNUX5f-jaZw,1
UCB5p8a5gklc80jJItP6xTHg,UCYN4wSQ1Sx4_LurxLlW7MPg,1
UCB5p8a5gklc80jJItP6xTHg,UCOh6DaZC_x9HASnlRylEMfw,1
UCB5p8a5gklc80jJItP6xTHg,UCTP3O0rMnc8z8v8jaDQwL0w,1
UCB5p8a5gklc80jJItP6xTHg,UChep9kVb5gQmpodEEl10Xlg,1
UCB5p8a5gklc80jJItP6xTHg,UCFoIAE8k82D6AV-8gjjKaNg,1
UCheEJ5GZuIvV0fj-nXyVwXw,UCtsxPYw8VUsH_FfnKg-0lmw,1
UCheEJ5GZuIvV0fj-nXyVwXw,UCgGqw4aqMdMVSGkKiMgrJRQ,1
UCheEJ5GZuIvV0fj-nXyVwXw,UCvDwJBBY1mHK70aTEYl6rsA,1
UCheEJ5GZuIvV0fj-nXyVwXw,UCzZ6dDCEsLMXbc5pCFXIprw,1
UCheEJ5GZuIvV0fj-nXyVwXw,UCyJhqmMbsvjpoarBBStA2kg,1
UCheEJ5GZuIvV0fj-nXyVwXw,UCV3fr-YOixFKCZBbJP1-X4w,1
UCheEJ5GZuIvV0fj-nXyVwXw,UCWvntqPQx99k_Z_skWKqNSA,1
UCheEJ5GZuIvV0fj-nXyVwXw,UCEHXl4VvvVpq-_4xC5tsbhg,1
UCheEJ5GZuIvV0fj-nXyVwXw,UC63tFvbQ_hJhGDi2nbjssjw,1
UCheEJ5GZuIvV0fj-nXyVwXw,UCp29O_C7cchZV8IxV7Crdag,1
UCheEJ5GZuIvV0fj-nXyVwXw,UC-HeUTT6_g-VoiWds2a4H-w,1
UCheEJ5GZuIvV0fj-nXyVwXw,UC1NiEdJ7gk6FlDexIalWnGg,1
UCheEJ5GZuIvV0fj-nXyVwXw,UCaT4saRcyqCLE657Rq2hhZQ,1
UCheEJ5GZuIvV0fj-nXyVwXw,UCjZgFEowMBrsjodqfovzdKw,1
UCheEJ5GZuIvV0fj-nXyVwXw,UCFybmWapGvBKcQod7cPPH9w,1
UCheEJ5GZuIvV0fj-nXyVwXw,UC0HvfEWozTHbwl_iEmJNvVA,1
UCheEJ5GZuIvV0fj-nXyVwXw,UChyps3dqY-VY1_wLeq-2lhw,1
UCheEJ5GZuIvV0fj-nXyVwXw,UC14qlobYKqD-DO0j6b75lcA,1
UCheEJ5GZuIvV0fj-nXyVwXw,UC3YpzAr7pcdKC7BVFEpYzog,1
UCheEJ5GZuIvV0fj-nXyVwXw,UCwxoKK59nGCeBqB2sXfDBIw,1
UCiMythXHsw7eQEMykCdmMUA,UC2weSE8rpqkGMOp6StYtVfg,1
UCiMythXHsw7eQEMykCdmMUA,UCiGRBf2RNF0WRKhRVT7zFoA,1
UCiMythXHsw7eQEMykCdmMUA,UC3E9mAgP7VoAE5mZoAexl5g,1
UCiMythXHsw7eQEMykCdmMUA,UCut6b9S98nv84cVX89PmKzA,1
UCiMythXHsw7eQEMykCdmMUA,UCXXh7yg5KUFIWylTiKVEFKQ,1
UCiMythXHsw7eQEMykCdmMUA,UCz3gu01bmjNv0DpRq-K3XYg,1
UCiMythXHsw7eQEMykCdmMUA,UCp4iw5_5SmV9VGTFSNVGOmQ,1
UCiMythXHsw7eQEMykCdmMUA,UCWIZUtKJ636y-4TYrNvok0g,1
UCiMythXHsw7eQEMykCdmMUA,UCgvw7xIdGFupzpt1Y_BFkEA,1
UCiMythXHsw7eQEMykCdmMUA,UCtNfIBnc5S5DbbQj_yxgJTw,1
UCiMythXHsw7eQEMykCdmMUA,UCmjppp6ujz3SAnULvP3sZMw,1
UCiMythXHsw7eQEMykCdmMUA,UCYwpX26TrCxq8TvbKGRYLXA,1
UCiMythXHsw7eQEMykCdmMUA,UChZknRmJkeGeQk0-mQuhDOg,1
UCiMythXHsw7eQEMykCdmMUA,UCL1MT278vSaQ83ZDkVWn1gw,1
UCiMythXHsw7eQEMykCdmMUA,UCh5ESQvtzyHDhCA7XyekCFA,1
UCiMythXHsw7eQEMykCdmMUA,UCzSfZlOVxBSs5ObD25ywxDQ,1
UCiMythXHsw7eQEMykCdmMUA,UCEgEQmRbtL5fwr9_DqAC--g,1
UCiMythXHsw7eQEMykCdmMUA,UCQgYjVngJRfPHDLGB5X6ZjA,1
UCiMythXHsw7eQEMykCdmMUA,UCAmtbUiIrUIhikru0ZoTFig,1
UCiMythXHsw7eQEMykCdmMUA,UC4cXueR2bKGFJV0Fk76gwmA,1
UCiMythXHsw7eQEMykCdmMUA,UCUIIIPTVDVHAXqhC_5V6lPA,1
UCiMythXHsw7eQEMykCdmMUA,UCRlCV9zSn7avAWh-9_XFWqQ,1
UCiMythXHsw7eQEMykCdmMUA,UCDQaQv0hr2SS_PO-CMEwVHg,1
UCiMythXHsw7eQEMykCdmMUA,UCDlr1VadSucIZgZ171pRBjQ,1
UCiMythXHsw7eQEMykCdmMUA,UC7VUuJr9cGh845CmTvf7TlQ,1
UCiMythXHsw7eQEMykCdmMUA,UCA93ym2TXs_Ibyxb4Vcn-6Q,1
UCiMythXHsw7eQEMykCdmMUA,UCXgr7vXlRrsaskPdo097kGA,1
UCiMythXHsw7eQEMykCdmMUA,UCj-LL25XJnjxepPKCc3NGog,1
UCiMythXHsw7eQEMykCdmMUA,UChgkn5Jt5tWKYMoEOuCjz3Q,1
UCiMythXHsw7eQEMykCdmMUA,UCLggDc_a5HriXv7I1h02sOA,1
UCiMythXHsw7eQEMykCdmMUA,UC3NMzdMYryaw82kPTnsaljg,1
UCiMythXHsw7eQEMykCdmMUA,UCylqlpsh8ENNM1LqgQ1KbxA,1
UCiMythXHsw7eQEMykCdmMUA,UCCaYwkkbQGcvFoUmothVdQQ,1
UCiMythXHsw7eQEMykCdmMUA,UC9vMq1YF-e7C-VO0SHkbUTA,1
UCiMythXHsw7eQEMykCdmMUA,UCr1emrogPKkKTs_WTtx71xg,1
UCiMythXHsw7eQEMykCdmMUA,UCV0iizTBoOfdAFX_thfI9BA,1
UCiMythXHsw7eQEMykCdmMUA,UCTylKrsqkrBKIqubMu_5N0Q,1
UCiMythXHsw7eQEMykCdmMUA,UCDUffaruH6dyUnUGwsTKpgg,1
UCiMythXHsw7eQEMykCdmMUA,UCN6qbfPSzFtjhqUDZ3Cv3CQ,1
UCiMythXHsw7eQEMykCdmMUA,UCplrIQtaPj6au60_f2-mOYw,1
UCiMythXHsw7eQEMykCdmMUA,UCLFdHr9BEbXHkoJopbEPLZw,1
UCiMythXHsw7eQEMykCdmMUA,UCipetjeiWj4CZB6EbyYziZg,1
UCiMythXHsw7eQEMykCdmMUA,UCXSkL3ejZ8qWYyF_M7s_QKA,1
UCiMythXHsw7eQEMykCdmMUA,UCueV9cTyTDwgQSec1x2dYgA,1
UCiMythXHsw7eQEMykCdmMUA,UCFjudnPLoaSL1BaRuLahyHg,1
UCiMythXHsw7eQEMykCdmMUA,UCFxE8GbokBrBsPEKM1xrOjQ,1
UCiMythXHsw7eQEMykCdmMUA,UCDIMztpVm7G27qBuiWuT6oQ,1
UCiMythXHsw7eQEMykCdmMUA,UC-jS_kA9w-OmpupXDx156Rg,1
UCiMythXHsw7eQEMykCdmMUA,UCsjs5Hp_r86x1xbK6FAeqaA,1
UCiMythXHsw7eQEMykCdmMUA,UCQqetiwzzmRNTM5OWuXarGQ,1
UCiMythXHsw7eQEMykCdmMUA,UCQtSFINs1h6GHkpg9o5kMvg,1
UCiMythXHsw7eQEMykCdmMUA,UCsUCN0Yq_UyTvKjOJLmNrnQ,1
UCiMythXHsw7eQEMykCdmMUA,UCAlzM_N6xBlMYmM8EBzX86Q,1
UCiMythXHsw7eQEMykCdmMUA,UCfM3nrxtTQMY5jFx1v1J4Gg,1
UCiMythXHsw7eQEMykCdmMUA,UCFhxtoeARHPnXXPcDrOU3Xg,1
UCiMythXHsw7eQEMykCdmMUA,UCNBnKqWf4d-rS4HwJRQljmQ,1
UCiMythXHsw7eQEMykCdmMUA,UC650pRT-OYzny3GwOH8Cgfw,1
UCiMythXHsw7eQEMykCdmMUA,UCxff05WuyvwELNITi7bj7UA,1
UCiMythXHsw7eQEMykCdmMUA,UC-pNP6RMFuLg_-x7Ah_0kEA,1
UCiMythXHsw7eQEMykCdmMUA,UCGzXwyCzMzGmjmCbH3Hg01Q,1
UCiMythXHsw7eQEMykCdmMUA,UCQtICyzWmhC5woCtbNgaSmg,1
UCiMythXHsw7eQEMykCdmMUA,UCTD6q1nyIe3Y7HhqjaMj72w,1
UCiMythXHsw7eQEMykCdmMUA,UCpsKOkt5iWTbenzeuq7dsmQ,1
UCiMythXHsw7eQEMykCdmMUA,UCi1b_TRQfgO1Z9O2gNGGWNA,1
UCiMythXHsw7eQEMykCdmMUA,UCZLG9qH0tUjNhEGFIUt0CYw,1
UCiMythXHsw7eQEMykCdmMUA,UCzoL2l5H5eVlorWGH8AZfAg,1
UCiMythXHsw7eQEMykCdmMUA,UCKDR0f2fu2UzWL8mBv5-BHw,1
UCiMythXHsw7eQEMykCdmMUA,UCjmPuazZJzscrwvk0QR9RVw,1
UCiMythXHsw7eQEMykCdmMUA,UCwha8rxULYMVtNwZWeSkE1A,1
UCiMythXHsw7eQEMykCdmMUA,UCQ_-LPP8JAbfkc-b1Q6NvWw,1
UCiMythXHsw7eQEMykCdmMUA,UCHhHUjaMAZ8SiXdCUCj9DkQ,1
UCiMythXHsw7eQEMykCdmMUA,UCRelkU8JiZBytTzebJxaa-w,1
UCiMythXHsw7eQEMykCdmMUA,UC3MYTqpQqlWBuCB7Th0e0PA,1
UCiMythXHsw7eQEMykCdmMUA,UCZ51R_9Q9C0c8I3pAWhtmjQ,1
UCiMythXHsw7eQEMykCdmMUA,UCujPF2nBgsTD62nWE3lcpIg,1
UCiMythXHsw7eQEMykCdmMUA,UC9xr9QvIcDvoZNUX5f-jaZw,1
UCiMythXHsw7eQEMykCdmMUA,UCYN4wSQ1Sx4_LurxLlW7MPg,1
UCiMythXHsw7eQEMykCdmMUA,UCOh6DaZC_x9HASnlRylEMfw,1
UCiMythXHsw7eQEMykCdmMUA,UCTP3O0rMnc8z8v8jaDQwL0w,1
UCiMythXHsw7eQEMykCdmMUA,UChep9kVb5gQmpodEEl10Xlg,1
UCiMythXHsw7eQEMykCdmMUA,UCFoIAE8k82D6AV-8gjjKaNg,1
UCq3mDTTRZnUybct5M9OSXbg,UCLXYp1Cvc5DLtq5UQL5D9vw,1
UCq3mDTTRZnUybct5M9OSXbg,UCjZgFEowMBrsjodqfovzdKw,1
UCq3mDTTRZnUybct5M9OSXbg,UCfXykdbSU97rj987LDUGfvg,1
UCq3mDTTRZnUybct5M9OSXbg,UC2ngpd8UBQu4gcUYy0goAtg,1
UCq3mDTTRZnUybct5M9OSXbg,UCXN2s7DwTJm33xO-pNkAdaA,1
UCq3mDTTRZnUybct5M9OSXbg,UCwCfs-2zbD5k0lG-UVg_JBw,1
UCq3mDTTRZnUybct5M9OSXbg,UCfjhejO7LZy4doXURa7LZCQ,1
UCq3mDTTRZnUybct5M9OSXbg,UCvl1tzQeBeGy6efPTRJXSCw,1
UCRlCV9zSn7avAWh-9_XFWqQ,UC2weSE8rpqkGMOp6StYtVfg,1
UCRlCV9zSn7avAWh-9_XFWqQ,UCiGRBf2RNF0WRKhRVT7zFoA,1
UCRlCV9zSn7avAWh-9_XFWqQ,UC3E9mAgP7VoAE5mZoAexl5g,1
UCRlCV9zSn7avAWh-9_XFWqQ,UCut6b9S98nv84cVX89PmKzA,1
UCRlCV9zSn7avAWh-9_XFWqQ,UCXXh7yg5KUFIWylTiKVEFKQ,1
UCRlCV9zSn7avAWh-9_XFWqQ,UCz3gu01bmjNv0DpRq-K3XYg,1
UCRlCV9zSn7avAWh-9_XFWqQ,UCp4iw5_5SmV9VGTFSNVGOmQ,1
UCRlCV9zSn7avAWh-9_XFWqQ,UCWIZUtKJ636y-4TYrNvok0g,1
UCRlCV9zSn7avAWh-9_XFWqQ,UCgvw7xIdGFupzpt1Y_BFkEA,1
UCRlCV9zSn7avAWh-9_XFWqQ,UCtNfIBnc5S5DbbQj_yxgJTw,1
UCRlCV9zSn7avAWh-9_XFWqQ,UCmjppp6ujz3SAnULvP3sZMw,1
UCRlCV9zSn7avAWh-9_XFWqQ,UCYwpX26TrCxq8TvbKGRYLXA,1
UCRlCV9zSn7avAWh-9_XFWqQ,UChZknRmJkeGeQk0-mQuhDOg,1
UCRlCV9zSn7avAWh-9_XFWqQ,UCL1MT278vSaQ83ZDkVWn1gw,1
UCRlCV9zSn7avAWh-9_XFWqQ,UCh5ESQvtzyHDhCA7XyekCFA,1
UCRlCV9zSn7avAWh-9_XFWqQ,UCzSfZlOVxBSs5ObD25ywxDQ,1
UCRlCV9zSn7avAWh-9_XFWqQ,UCEgEQmRbtL5fwr9_DqAC--g,1
UCRlCV9zSn7avAWh-9_XFWqQ,UCQgYjVngJRfPHDLGB5X6ZjA,1
UCRlCV9zSn7avAWh-9_XFWqQ,UCAmtbUiIrUIhikru0ZoTFig,1
UCRlCV9zSn7avAWh-9_XFWqQ,UC4cXueR2bKGFJV0Fk76gwmA,1
UCRlCV9zSn7avAWh-9_XFWqQ,UCUIIIPTVDVHAXqhC_5V6lPA,1
UCRlCV9zSn7avAWh-9_XFWqQ,UCDQaQv0hr2SS_PO-CMEwVHg,1
UCRlCV9zSn7avAWh-9_XFWqQ,UCDlr1VadSucIZgZ171pRBjQ,1
UCRlCV9zSn7avAWh-9_XFWqQ,UC7VUuJr9cGh845CmTvf7TlQ,1
UCRlCV9zSn7avAWh-9_XFWqQ,UCA93ym2TXs_Ibyxb4Vcn-6Q,1
UCRlCV9zSn7avAWh-9_XFWqQ,UCXgr7vXlRrsaskPdo097kGA,1
UCRlCV9zSn7avAWh-9_XFWqQ,UCj-LL25XJnjxepPKCc3NGog,1
UCRlCV9zSn7avAWh-9_XFWqQ,UChgkn5Jt5tWKYMoEOuCjz3Q,1
UCRlCV9zSn7avAWh-9_XFWqQ,UCLggDc_a5HriXv7I1h02sOA,1
UCRlCV9zSn7avAWh-9_XFWqQ,UC3NMzdMYryaw82kPTnsaljg,1
UCRlCV9zSn7avAWh-9_XFWqQ,UCylqlpsh8ENNM1LqgQ1KbxA,1
UCRlCV9zSn7avAWh-9_XFWqQ,UCCaYwkkbQGcvFoUmothVdQQ,1
UCRlCV9zSn7avAWh-9_XFWqQ,UC9vMq1YF-e7C-VO0SHkbUTA,1
UCRlCV9zSn7avAWh-9_XFWqQ,UCr1emrogPKkKTs_WTtx71xg,1
UCRlCV9zSn7avAWh-9_XFWqQ,UCV0iizTBoOfdAFX_thfI9BA,1
UCRlCV9zSn7avAWh-9_XFWqQ,UCTylKrsqkrBKIqubMu_5N0Q,1
UCRlCV9zSn7avAWh-9_XFWqQ,UCDUffaruH6dyUnUGwsTKpgg,1
UCRlCV9zSn7avAWh-9_XFWqQ,UCN6qbfPSzFtjhqUDZ3Cv3CQ,1
UCRlCV9zSn7avAWh-9_XFWqQ,UCplrIQtaPj6au60_f2-mOYw,1
UCRlCV9zSn7avAWh-9_XFWqQ,UCLFdHr9BEbXHkoJopbEPLZw,1
UCRlCV9zSn7avAWh-9_XFWqQ,UCipetjeiWj4CZB6EbyYziZg,1
UCRlCV9zSn7avAWh-9_XFWqQ,UCXSkL3ejZ8qWYyF_M7s_QKA,1
UCRlCV9zSn7avAWh-9_XFWqQ,UCueV9cTyTDwgQSec1x2dYgA,1
UCRlCV9zSn7avAWh-9_XFWqQ,UCFjudnPLoaSL1BaRuLahyHg,1
UCRlCV9zSn7avAWh-9_XFWqQ,UCFxE8GbokBrBsPEKM1xrOjQ,1
UCRlCV9zSn7avAWh-9_XFWqQ,UCDIMztpVm7G27qBuiWuT6oQ,1
UCRlCV9zSn7avAWh-9_XFWqQ,UC-jS_kA9w-OmpupXDx156Rg,1
UCRlCV9zSn7avAWh-9_XFWqQ,UCsjs5Hp_r86x1xbK6FAeqaA,1
UCRlCV9zSn7avAWh-9_XFWqQ,UCQqetiwzzmRNTM5OWuXarGQ,1
UCRlCV9zSn7avAWh-9_XFWqQ,UCQtSFINs1h6GHkpg9o5kMvg,1
UCRlCV9zSn7avAWh-9_XFWqQ,UCsUCN0Yq_UyTvKjOJLmNrnQ,1
UCRlCV9zSn7avAWh-9_XFWqQ,UCAlzM_N6xBlMYmM8EBzX86Q,1
UCRlCV9zSn7avAWh-9_XFWqQ,UCfM3nrxtTQMY5jFx1v1J4Gg,1
UCRlCV9zSn7avAWh-9_XFWqQ,UCFhxtoeARHPnXXPcDrOU3Xg,1
UCRlCV9zSn7avAWh-9_XFWqQ,UCNBnKqWf4d-rS4HwJRQljmQ,1
UCRlCV9zSn7avAWh-9_XFWqQ,UC650pRT-OYzny3GwOH8Cgfw,1
UCRlCV9zSn7avAWh-9_XFWqQ,UCxff05WuyvwELNITi7bj7UA,1
UCRlCV9zSn7avAWh-9_XFWqQ,UC-pNP6RMFuLg_-x7Ah_0kEA,1
UCRlCV9zSn7avAWh-9_XFWqQ,UCGzXwyCzMzGmjmCbH3Hg01Q,1
UCRlCV9zSn7avAWh-9_XFWqQ,UCQtICyzWmhC5woCtbNgaSmg,1
UCRlCV9zSn7avAWh-9_XFWqQ,UCTD6q1nyIe3Y7HhqjaMj72w,1
UCRlCV9zSn7avAWh-9_XFWqQ,UCpsKOkt5iWTbenzeuq7dsmQ,1
UCRlCV9zSn7avAWh-9_XFWqQ,UCi1b_TRQfgO1Z9O2gNGGWNA,1
UCRlCV9zSn7avAWh-9_XFWqQ,UCZLG9qH0tUjNhEGFIUt0CYw,1
UCRlCV9zSn7avAWh-9_XFWqQ,UCzoL2l5H5eVlorWGH8AZfAg,1
UCRlCV9zSn7avAWh-9_XFWqQ,UCKDR0f2fu2UzWL8mBv5-BHw,1
UCRlCV9zSn7avAWh-9_XFWqQ,UCjmPuazZJzscrwvk0QR9RVw,1
UCRlCV9zSn7avAWh-9_XFWqQ,UCwha8rxULYMVtNwZWeSkE1A,1
UCRlCV9zSn7avAWh-9_XFWqQ,UCQ_-LPP8JAbfkc-b1Q6NvWw,1
UCRlCV9zSn7avAWh-9_XFWqQ,UCHhHUjaMAZ8SiXdCUCj9DkQ,1
UCRlCV9zSn7avAWh-9_XFWqQ,UCRelkU8JiZBytTzebJxaa-w,1
UCRlCV9zSn7avAWh-9_XFWqQ,UC3MYTqpQqlWBuCB7Th0e0PA,1
UCRlCV9zSn7avAWh-9_XFWqQ,UCZ51R_9Q9C0c8I3pAWhtmjQ,1
UCRlCV9zSn7avAWh-9_XFWqQ,UCujPF2nBgsTD62nWE3lcpIg,1
UCRlCV9zSn7avAWh-9_XFWqQ,UC9xr9QvIcDvoZNUX5f-jaZw,1
UCRlCV9zSn7avAWh-9_XFWqQ,UCYN4wSQ1Sx4_LurxLlW7MPg,1
UCRlCV9zSn7avAWh-9_XFWqQ,UCOh6DaZC_x9HASnlRylEMfw,1
UCRlCV9zSn7avAWh-9_XFWqQ,UCTP3O0rMnc8z8v8jaDQwL0w,1
UCRlCV9zSn7avAWh-9_XFWqQ,UChep9kVb5gQmpodEEl10Xlg,1
UCRlCV9zSn7avAWh-9_XFWqQ,UCFoIAE8k82D6AV-8gjjKaNg,1
UCXl30Y_upRqbti52fmjK4YA,UCvcu1kR8xMYy_I1Ty-2mV2Q,1
UCXl30Y_upRqbti52fmjK4YA,UCXO1BBohNWXkK9SBDAG2ySg,1
UCXl30Y_upRqbti52fmjK4YA,UCdQAuWwyC99MB7Y02Umj26Q,1
UCXl30Y_upRqbti52fmjK4YA,UChT7pzGytNd92Nmvi-zuWog,1
UCXl30Y_upRqbti52fmjK4YA,UCTTILH6QCIxbTnEWxwRqs1g,1
UCXl30Y_upRqbti52fmjK4YA,UCbrtvygfRT6QXqWDNrOf-cA,1
UCXl30Y_upRqbti52fmjK4YA,UCXVLc8CmAO813ubM-fLvCDw,1
UCXl30Y_upRqbti52fmjK4YA,UCxcoDvP-g2_KTZDmVZtvb3w,1
UCXl30Y_upRqbti52fmjK4YA,UCwEe1RKlEv1UpNWmWYfSh4w,1
UCXl30Y_upRqbti52fmjK4YA,UCOY3XpD9qMCRSA8AA8c4CAw,1
UCXl30Y_upRqbti52fmjK4YA,UCCUmP4PlbwgikVFpYwbtRTg,1
UCyor0Mmm0ivLX2jIdyGp84Q,UCJxJC56BSAX-ArD0NAb9qnQ,1
UCLggDc_a5HriXv7I1h02sOA,UC2weSE8rpqkGMOp6StYtVfg,1
UCLggDc_a5HriXv7I1h02sOA,UCiGRBf2RNF0WRKhRVT7zFoA,1
UCLggDc_a5HriXv7I1h02sOA,UC3E9mAgP7VoAE5mZoAexl5g,1
UCLggDc_a5HriXv7I1h02sOA,UCut6b9S98nv84cVX89PmKzA,1
UCLggDc_a5HriXv7I1h02sOA,UCXXh7yg5KUFIWylTiKVEFKQ,1
UCLggDc_a5HriXv7I1h02sOA,UCz3gu01bmjNv0DpRq-K3XYg,1
UCLggDc_a5HriXv7I1h02sOA,UCp4iw5_5SmV9VGTFSNVGOmQ,1
UCLggDc_a5HriXv7I1h02sOA,UCWIZUtKJ636y-4TYrNvok0g,1
UCLggDc_a5HriXv7I1h02sOA,UCgvw7xIdGFupzpt1Y_BFkEA,1
UCLggDc_a5HriXv7I1h02sOA,UCtNfIBnc5S5DbbQj_yxgJTw,1
UCLggDc_a5HriXv7I1h02sOA,UCmjppp6ujz3SAnULvP3sZMw,1
UCLggDc_a5HriXv7I1h02sOA,UCYwpX26TrCxq8TvbKGRYLXA,1
UCLggDc_a5HriXv7I1h02sOA,UChZknRmJkeGeQk0-mQuhDOg,1
UCLggDc_a5HriXv7I1h02sOA,UCL1MT278vSaQ83ZDkVWn1gw,1
UCLggDc_a5HriXv7I1h02sOA,UCh5ESQvtzyHDhCA7XyekCFA,1
UCLggDc_a5HriXv7I1h02sOA,UCzSfZlOVxBSs5ObD25ywxDQ,1
UCLggDc_a5HriXv7I1h02sOA,UCEgEQmRbtL5fwr9_DqAC--g,1
UCLggDc_a5HriXv7I1h02sOA,UCQgYjVngJRfPHDLGB5X6ZjA,1
UCLggDc_a5HriXv7I1h02sOA,UCAmtbUiIrUIhikru0ZoTFig,1
UCLggDc_a5HriXv7I1h02sOA,UC4cXueR2bKGFJV0Fk76gwmA,1
UCLggDc_a5HriXv7I1h02sOA,UCUIIIPTVDVHAXqhC_5V6lPA,1
UCLggDc_a5HriXv7I1h02sOA,UCDQaQv0hr2SS_PO-CMEwVHg,1
UCLggDc_a5HriXv7I1h02sOA,UCDlr1VadSucIZgZ171pRBjQ,1
UCLggDc_a5HriXv7I1h02sOA,UC7VUuJr9cGh845CmTvf7TlQ,1
UCLggDc_a5HriXv7I1h02sOA,UCA93ym2TXs_Ibyxb4Vcn-6Q,1
UCLggDc_a5HriXv7I1h02sOA,UCXgr7vXlRrsaskPdo097kGA,1
UCLggDc_a5HriXv7I1h02sOA,UCj-LL25XJnjxepPKCc3NGog,1
UCLggDc_a5HriXv7I1h02sOA,UChgkn5Jt5tWKYMoEOuCjz3Q,1
UCLggDc_a5HriXv7I1h02sOA,UC3NMzdMYryaw82kPTnsaljg,1
UCLggDc_a5HriXv7I1h02sOA,UCylqlpsh8ENNM1LqgQ1KbxA,1
UCLggDc_a5HriXv7I1h02sOA,UCCaYwkkbQGcvFoUmothVdQQ,1
UCLggDc_a5HriXv7I1h02sOA,UC9vMq1YF-e7C-VO0SHkbUTA,1
UCLggDc_a5HriXv7I1h02sOA,UCr1emrogPKkKTs_WTtx71xg,1
UCLggDc_a5HriXv7I1h02sOA,UCV0iizTBoOfdAFX_thfI9BA,1
UCLggDc_a5HriXv7I1h02sOA,UCTylKrsqkrBKIqubMu_5N0Q,1
UCLggDc_a5HriXv7I1h02sOA,UCDUffaruH6dyUnUGwsTKpgg,1
UCLggDc_a5HriXv7I1h02sOA,UCN6qbfPSzFtjhqUDZ3Cv3CQ,1
UCLggDc_a5HriXv7I1h02sOA,UCplrIQtaPj6au60_f2-mOYw,1
UCLggDc_a5HriXv7I1h02sOA,UCLFdHr9BEbXHkoJopbEPLZw,1
UCLggDc_a5HriXv7I1h02sOA,UCipetjeiWj4CZB6EbyYziZg,1
UCLggDc_a5HriXv7I1h02sOA,UCXSkL3ejZ8qWYyF_M7s_QKA,1
UCLggDc_a5HriXv7I1h02sOA,UCueV9cTyTDwgQSec1x2dYgA,1
UCLggDc_a5HriXv7I1h02sOA,UCFjudnPLoaSL1BaRuLahyHg,1
UCLggDc_a5HriXv7I1h02sOA,UCFxE8GbokBrBsPEKM1xrOjQ,1
UCLggDc_a5HriXv7I1h02sOA,UCDIMztpVm7G27qBuiWuT6oQ,1
UCLggDc_a5HriXv7I1h02sOA,UC-jS_kA9w-OmpupXDx156Rg,1
UCLggDc_a5HriXv7I1h02sOA,UCsjs5Hp_r86x1xbK6FAeqaA,1
UCLggDc_a5HriXv7I1h02sOA,UCQqetiwzzmRNTM5OWuXarGQ,1
UCLggDc_a5HriXv7I1h02sOA,UCQtSFINs1h6GHkpg9o5kMvg,1
UCLggDc_a5HriXv7I1h02sOA,UCsUCN0Yq_UyTvKjOJLmNrnQ,1
UCLggDc_a5HriXv7I1h02sOA,UCAlzM_N6xBlMYmM8EBzX86Q,1
UCLggDc_a5HriXv7I1h02sOA,UCfM3nrxtTQMY5jFx1v1J4Gg,1
UCLggDc_a5HriXv7I1h02sOA,UCFhxtoeARHPnXXPcDrOU3Xg,1
UCLggDc_a5HriXv7I1h02sOA,UCNBnKqWf4d-rS4HwJRQljmQ,1
UCLggDc_a5HriXv7I1h02sOA,UC650pRT-OYzny3GwOH8Cgfw,1
UCLggDc_a5HriXv7I1h02sOA,UCxff05WuyvwELNITi7bj7UA,1
UCLggDc_a5HriXv7I1h02sOA,UC-pNP6RMFuLg_-x7Ah_0kEA,1
UCLggDc_a5HriXv7I1h02sOA,UCGzXwyCzMzGmjmCbH3Hg01Q,1
UCLggDc_a5HriXv7I1h02sOA,UCQtICyzWmhC5woCtbNgaSmg,1
UCLggDc_a5HriXv7I1h02sOA,UCTD6q1nyIe3Y7HhqjaMj72w,1
UCLggDc_a5HriXv7I1h02sOA,UCpsKOkt5iWTbenzeuq7dsmQ,1
UCLggDc_a5HriXv7I1h02sOA,UCi1b_TRQfgO1Z9O2gNGGWNA,1
UCLggDc_a5HriXv7I1h02sOA,UCZLG9qH0tUjNhEGFIUt0CYw,1
UCLggDc_a5HriXv7I1h02sOA,UCzoL2l5H5eVlorWGH8AZfAg,1
UCLggDc_a5HriXv7I1h02sOA,UCKDR0f2fu2UzWL8mBv5-BHw,1
UCLggDc_a5HriXv7I1h02sOA,UCjmPuazZJzscrwvk0QR9RVw,1
UCLggDc_a5HriXv7I1h02sOA,UCwha8rxULYMVtNwZWeSkE1A,1
UCLggDc_a5HriXv7I1h02sOA,UCQ_-LPP8JAbfkc-b1Q6NvWw,1
UCLggDc_a5HriXv7I1h02sOA,UCHhHUjaMAZ8SiXdCUCj9DkQ,1
UCLggDc_a5HriXv7I1h02sOA,UCRelkU8JiZBytTzebJxaa-w,1
UCLggDc_a5HriXv7I1h02sOA,UC3MYTqpQqlWBuCB7Th0e0PA,1
UCLggDc_a5HriXv7I1h02sOA,UCZ51R_9Q9C0c8I3pAWhtmjQ,1
UCLggDc_a5HriXv7I1h02sOA,UCujPF2nBgsTD62nWE3lcpIg,1
UCLggDc_a5HriXv7I1h02sOA,UC9xr9QvIcDvoZNUX5f-jaZw,1
UCLggDc_a5HriXv7I1h02sOA,UCYN4wSQ1Sx4_LurxLlW7MPg,1
UCLggDc_a5HriXv7I1h02sOA,UCOh6DaZC_x9HASnlRylEMfw,1
UCLggDc_a5HriXv7I1h02sOA,UCTP3O0rMnc8z8v8jaDQwL0w,1
UCLggDc_a5HriXv7I1h02sOA,UChep9kVb5gQmpodEEl10Xlg,1
UCLggDc_a5HriXv7I1h02sOA,UCFoIAE8k82D6AV-8gjjKaNg,1
UCSTAUWVc1_82DHYeqOsqEFA,UC5fvhAfm89JH8eDFdvc0xYw,1
UCSTAUWVc1_82DHYeqOsqEFA,UC_ljZ1hZXR9pzexFz87P5ZA,1
UCSTAUWVc1_82DHYeqOsqEFA,UCRcSR3Lvn9DZAmJpVPANfZQ,1
UCSTAUWVc1_82DHYeqOsqEFA,UCY7Hq7F9Lnucf-Yr6JkHZNw,1
UCSTAUWVc1_82DHYeqOsqEFA,UCIUhbSCy3-SGRe5UtqM4fzQ,1
UCSTAUWVc1_82DHYeqOsqEFA,UCGqKxQS-z3NZzZF-2w338AA,1
UCSTAUWVc1_82DHYeqOsqEFA,UCtMBF_1O2jY2INlb_luuB_A,1
UCSTAUWVc1_82DHYeqOsqEFA,UCIp19h9igblA2YKfSLPDAug,1
UCSTAUWVc1_82DHYeqOsqEFA,UCs_5qeqdku9tGAq22y3OcuQ,1
UCSTAUWVc1_82DHYeqOsqEFA,UCXmrpc6Li0spcKxtS0Q_ptg,1
UCSTAUWVc1_82DHYeqOsqEFA,UCHMQ_lDhibZ-XZ_3fo6oxwg,1
UCSTAUWVc1_82DHYeqOsqEFA,UCxKR3RA8T-kxMgq_2WWhRcQ,1
UCSTAUWVc1_82DHYeqOsqEFA,UCgLrWFdYitoP-b7-PxtUr-w,1
UCSTAUWVc1_82DHYeqOsqEFA,UCqilIa8r7iek5sGYg_q6ofA,1
UCSTAUWVc1_82DHYeqOsqEFA,UCFOxCyF926Y9eHhMeVoWLzw,1
UCSTAUWVc1_82DHYeqOsqEFA,UCRznz9-N3Qc1w-qNdLSIY2Q,1
UCEHXl4VvvVpq-_4xC5tsbhg,UCtsxPYw8VUsH_FfnKg-0lmw,1
UCEHXl4VvvVpq-_4xC5tsbhg,UCgGqw4aqMdMVSGkKiMgrJRQ,1
UCEHXl4VvvVpq-_4xC5tsbhg,UCvDwJBBY1mHK70aTEYl6rsA,1
UCEHXl4VvvVpq-_4xC5tsbhg,UCzZ6dDCEsLMXbc5pCFXIprw,1
UCEHXl4VvvVpq-_4xC5tsbhg,UCyJhqmMbsvjpoarBBStA2kg,1
UCEHXl4VvvVpq-_4xC5tsbhg,UCV3fr-YOixFKCZBbJP1-X4w,1
UCEHXl4VvvVpq-_4xC5tsbhg,UCWvntqPQx99k_Z_skWKqNSA,1
UCEHXl4VvvVpq-_4xC5tsbhg,UC63tFvbQ_hJhGDi2nbjssjw,1
UCEHXl4VvvVpq-_4xC5tsbhg,UCp29O_C7cchZV8IxV7Crdag,1
UCEHXl4VvvVpq-_4xC5tsbhg,UC-HeUTT6_g-VoiWds2a4H-w,1
UCEHXl4VvvVpq-_4xC5tsbhg,UC1NiEdJ7gk6FlDexIalWnGg,1
UCEHXl4VvvVpq-_4xC5tsbhg,UCaT4saRcyqCLE657Rq2hhZQ,1
UCEHXl4VvvVpq-_4xC5tsbhg,UCjZgFEowMBrsjodqfovzdKw,1
UCEHXl4VvvVpq-_4xC5tsbhg,UCFybmWapGvBKcQod7cPPH9w,1
UCEHXl4VvvVpq-_4xC5tsbhg,UC0HvfEWozTHbwl_iEmJNvVA,1
UCEHXl4VvvVpq-_4xC5tsbhg,UChyps3dqY-VY1_wLeq-2lhw,1
UCEHXl4VvvVpq-_4xC5tsbhg,UC14qlobYKqD-DO0j6b75lcA,1
UCEHXl4VvvVpq-_4xC5tsbhg,UC3YpzAr7pcdKC7BVFEpYzog,1
UCEHXl4VvvVpq-_4xC5tsbhg,UCwxoKK59nGCeBqB2sXfDBIw,1
UCFOxCyF926Y9eHhMeVoWLzw,UC5fvhAfm89JH8eDFdvc0xYw,1
UCFOxCyF926Y9eHhMeVoWLzw,UC_ljZ1hZXR9pzexFz87P5ZA,1
UCFOxCyF926Y9eHhMeVoWLzw,UCRcSR3Lvn9DZAmJpVPANfZQ,1
UCFOxCyF926Y9eHhMeVoWLzw,UCY7Hq7F9Lnucf-Yr6JkHZNw,1
UCFOxCyF926Y9eHhMeVoWLzw,UCIUhbSCy3-SGRe5UtqM4fzQ,1
UCFOxCyF926Y9eHhMeVoWLzw,UCGqKxQS-z3NZzZF-2w338AA,1
UCFOxCyF926Y9eHhMeVoWLzw,UCtMBF_1O2jY2INlb_luuB_A,1
UCFOxCyF926Y9eHhMeVoWLzw,UCIp19h9igblA2YKfSLPDAug,1
UCFOxCyF926Y9eHhMeVoWLzw,UCs_5qeqdku9tGAq22y3OcuQ,1
UCFOxCyF926Y9eHhMeVoWLzw,UCXmrpc6Li0spcKxtS0Q_ptg,1
UCFOxCyF926Y9eHhMeVoWLzw,UCHMQ_lDhibZ-XZ_3fo6oxwg,1
UCFOxCyF926Y9eHhMeVoWLzw,UCxKR3RA8T-kxMgq_2WWhRcQ,1
UCFOxCyF926Y9eHhMeVoWLzw,UCgLrWFdYitoP-b7-PxtUr-w,1
UCFOxCyF926Y9eHhMeVoWLzw,UCqilIa8r7iek5sGYg_q6ofA,1
UCFOxCyF926Y9eHhMeVoWLzw,UCRznz9-N3Qc1w-qNdLSIY2Q,1
UCi2KiZq63sRq8Mfbcp-MelQ,UCozFYHN0e_-vlQbX3wQGOug,1
UCi2KiZq63sRq8Mfbcp-MelQ,UCPNXmbOBVeC4HS-xemvcPtQ,1
UCi2KiZq63sRq8Mfbcp-MelQ,UCrqXyRsg-_hTosURZ-uvoKg,1
UCi2KiZq63sRq8Mfbcp-MelQ,UCQMMuADgqWUOcJpLwHOzC-g,1
UCi2KiZq63sRq8Mfbcp-MelQ,UCGZMgmM92E3njyXNe9-kjAQ,1
UCi2KiZq63sRq8Mfbcp-MelQ,UC-QOpE7GOxlXcHZ8b7HbQKA,1
UCi2KiZq63sRq8Mfbcp-MelQ,UCtiHFjFu7d5v2XxHnKFUYig,1
UCi2KiZq63sRq8Mfbcp-MelQ,UCbNanjFI51cwGqMAb2rOrBw,1
UCi2KiZq63sRq8Mfbcp-MelQ,UCVdjCrh4tQoX3haNAZv-n5A,1
UCCUmP4PlbwgikVFpYwbtRTg,UCvcu1kR8xMYy_I1Ty-2mV2Q,1
UCCUmP4PlbwgikVFpYwbtRTg,UCXO1BBohNWXkK9SBDAG2ySg,1
UCCUmP4PlbwgikVFpYwbtRTg,UCdQAuWwyC99MB7Y02Umj26Q,1
UCCUmP4PlbwgikVFpYwbtRTg,UChT7pzGytNd92Nmvi-zuWog,1
UCCUmP4PlbwgikVFpYwbtRTg,UCTTILH6QCIxbTnEWxwRqs1g,1
UCCUmP4PlbwgikVFpYwbtRTg,UCbrtvygfRT6QXqWDNrOf-cA,1
UCCUmP4PlbwgikVFpYwbtRTg,UCXVLc8CmAO813ubM-fLvCDw,1
UCCUmP4PlbwgikVFpYwbtRTg,UCxcoDvP-g2_KTZDmVZtvb3w,1
UCCUmP4PlbwgikVFpYwbtRTg,UCwEe1RKlEv1UpNWmWYfSh4w,1
UCCUmP4PlbwgikVFpYwbtRTg,UCOY3XpD9qMCRSA8AA8c4CAw,1
UCLFdHr9BEbXHkoJopbEPLZw,UC2weSE8rpqkGMOp6StYtVfg,1
UCLFdHr9BEbXHkoJopbEPLZw,UCiGRBf2RNF0WRKhRVT7zFoA,1
UCLFdHr9BEbXHkoJopbEPLZw,UC3E9mAgP7VoAE5mZoAexl5g,1
UCLFdHr9BEbXHkoJopbEPLZw,UCut6b9S98nv84cVX89PmKzA,1
UCLFdHr9BEbXHkoJopbEPLZw,UCXXh7yg5KUFIWylTiKVEFKQ,1
UCLFdHr9BEbXHkoJopbEPLZw,UCz3gu01bmjNv0DpRq-K3XYg,1
UCLFdHr9BEbXHkoJopbEPLZw,UCp4iw5_5SmV9VGTFSNVGOmQ,1
UCLFdHr9BEbXHkoJopbEPLZw,UCWIZUtKJ636y-4TYrNvok0g,1
UCLFdHr9BEbXHkoJopbEPLZw,UCgvw7xIdGFupzpt1Y_BFkEA,1
UCLFdHr9BEbXHkoJopbEPLZw,UCtNfIBnc5S5DbbQj_yxgJTw,1
UCLFdHr9BEbXHkoJopbEPLZw,UCmjppp6ujz3SAnULvP3sZMw,1
UCLFdHr9BEbXHkoJopbEPLZw,UCYwpX26TrCxq8TvbKGRYLXA,1
UCLFdHr9BEbXHkoJopbEPLZw,UChZknRmJkeGeQk0-mQuhDOg,1
UCLFdHr9BEbXHkoJopbEPLZw,UCL1MT278vSaQ83ZDkVWn1gw,1
UCLFdHr9BEbXHkoJopbEPLZw,UCh5ESQvtzyHDhCA7XyekCFA,1
UCLFdHr9BEbXHkoJopbEPLZw,UCzSfZlOVxBSs5ObD25ywxDQ,1
UCLFdHr9BEbXHkoJopbEPLZw,UCEgEQmRbtL5fwr9_DqAC--g,1
UCLFdHr9BEbXHkoJopbEPLZw,UCQgYjVngJRfPHDLGB5X6ZjA,1
UCLFdHr9BEbXHkoJopbEPLZw,UCAmtbUiIrUIhikru0ZoTFig,1
UCLFdHr9BEbXHkoJopbEPLZw,UC4cXueR2bKGFJV0Fk76gwmA,1
UCLFdHr9BEbXHkoJopbEPLZw,UCUIIIPTVDVHAXqhC_5V6lPA,1
UCLFdHr9BEbXHkoJopbEPLZw,UCDQaQv0hr2SS_PO-CMEwVHg,1
UCLFdHr9BEbXHkoJopbEPLZw,UCDlr1VadSucIZgZ171pRBjQ,1
UCLFdHr9BEbXHkoJopbEPLZw,UC7VUuJr9cGh845CmTvf7TlQ,1
UCLFdHr9BEbXHkoJopbEPLZw,UCA93ym2TXs_Ibyxb4Vcn-6Q,1
UCLFdHr9BEbXHkoJopbEPLZw,UCXgr7vXlRrsaskPdo097kGA,1
UCLFdHr9BEbXHkoJopbEPLZw,UCj-LL25XJnjxepPKCc3NGog,1
UCLFdHr9BEbXHkoJopbEPLZw,UChgkn5Jt5tWKYMoEOuCjz3Q,1
UCLFdHr9BEbXHkoJopbEPLZw,UC3NMzdMYryaw82kPTnsaljg,1
UCLFdHr9BEbXHkoJopbEPLZw,UCylqlpsh8ENNM1LqgQ1KbxA,1
UCLFdHr9BEbXHkoJopbEPLZw,UCCaYwkkbQGcvFoUmothVdQQ,1
UCLFdHr9BEbXHkoJopbEPLZw,UC9vMq1YF-e7C-VO0SHkbUTA,1
UCLFdHr9BEbXHkoJopbEPLZw,UCr1emrogPKkKTs_WTtx71xg,1
UCLFdHr9BEbXHkoJopbEPLZw,UCV0iizTBoOfdAFX_thfI9BA,1
UCLFdHr9BEbXHkoJopbEPLZw,UCTylKrsqkrBKIqubMu_5N0Q,1
UCLFdHr9BEbXHkoJopbEPLZw,UCDUffaruH6dyUnUGwsTKpgg,1
UCLFdHr9BEbXHkoJopbEPLZw,UCN6qbfPSzFtjhqUDZ3Cv3CQ,1
UCLFdHr9BEbXHkoJopbEPLZw,UCplrIQtaPj6au60_f2-mOYw,1
UCLFdHr9BEbXHkoJopbEPLZw,UCipetjeiWj4CZB6EbyYziZg,1
UCLFdHr9BEbXHkoJopbEPLZw,UCXSkL3ejZ8qWYyF_M7s_QKA,1
UCLFdHr9BEbXHkoJopbEPLZw,UCueV9cTyTDwgQSec1x2dYgA,1
UCLFdHr9BEbXHkoJopbEPLZw,UCFjudnPLoaSL1BaRuLahyHg,1
UCLFdHr9BEbXHkoJopbEPLZw,UCFxE8GbokBrBsPEKM1xrOjQ,1
UCLFdHr9BEbXHkoJopbEPLZw,UCDIMztpVm7G27qBuiWuT6oQ,1
UCLFdHr9BEbXHkoJopbEPLZw,UC-jS_kA9w-OmpupXDx156Rg,1
UCLFdHr9BEbXHkoJopbEPLZw,UCsjs5Hp_r86x1xbK6FAeqaA,1
UCLFdHr9BEbXHkoJopbEPLZw,UCQqetiwzzmRNTM5OWuXarGQ,1
UCLFdHr9BEbXHkoJopbEPLZw,UCQtSFINs1h6GHkpg9o5kMvg,1
UCLFdHr9BEbXHkoJopbEPLZw,UCsUCN0Yq_UyTvKjOJLmNrnQ,1
UCLFdHr9BEbXHkoJopbEPLZw,UCAlzM_N6xBlMYmM8EBzX86Q,1
UCLFdHr9BEbXHkoJopbEPLZw,UCfM3nrxtTQMY5jFx1v1J4Gg,1
UCLFdHr9BEbXHkoJopbEPLZw,UCFhxtoeARHPnXXPcDrOU3Xg,1
UCLFdHr9BEbXHkoJopbEPLZw,UCNBnKqWf4d-rS4HwJRQljmQ,1
UCLFdHr9BEbXHkoJopbEPLZw,UC650pRT-OYzny3GwOH8Cgfw,1
UCLFdHr9BEbXHkoJopbEPLZw,UCxff05WuyvwELNITi7bj7UA,1
UCLFdHr9BEbXHkoJopbEPLZw,UC-pNP6RMFuLg_-x7Ah_0kEA,1
UCLFdHr9BEbXHkoJopbEPLZw,UCGzXwyCzMzGmjmCbH3Hg01Q,1
UCLFdHr9BEbXHkoJopbEPLZw,UCQtICyzWmhC5woCtbNgaSmg,1
UCLFdHr9BEbXHkoJopbEPLZw,UCTD6q1nyIe3Y7HhqjaMj72w,1
UCLFdHr9BEbXHkoJopbEPLZw,UCpsKOkt5iWTbenzeuq7dsmQ,1
UCLFdHr9BEbXHkoJopbEPLZw,UCi1b_TRQfgO1Z9O2gNGGWNA,1
UCLFdHr9BEbXHkoJopbEPLZw,UCZLG9qH0tUjNhEGFIUt0CYw,1
UCLFdHr9BEbXHkoJopbEPLZw,UCzoL2l5H5eVlorWGH8AZfAg,1
UCLFdHr9BEbXHkoJopbEPLZw,UCKDR0f2fu2UzWL8mBv5-BHw,1
UCLFdHr9BEbXHkoJopbEPLZw,UCjmPuazZJzscrwvk0QR9RVw,1
UCLFdHr9BEbXHkoJopbEPLZw,UCwha8rxULYMVtNwZWeSkE1A,1
UCLFdHr9BEbXHkoJopbEPLZw,UCQ_-LPP8JAbfkc-b1Q6NvWw,1
UCLFdHr9BEbXHkoJopbEPLZw,UCHhHUjaMAZ8SiXdCUCj9DkQ,1
UCLFdHr9BEbXHkoJopbEPLZw,UCRelkU8JiZBytTzebJxaa-w,1
UCLFdHr9BEbXHkoJopbEPLZw,UC3MYTqpQqlWBuCB7Th0e0PA,1
UCLFdHr9BEbXHkoJopbEPLZw,UCZ51R_9Q9C0c8I3pAWhtmjQ,1
UCLFdHr9BEbXHkoJopbEPLZw,UCujPF2nBgsTD62nWE3lcpIg,1
UCLFdHr9BEbXHkoJopbEPLZw,UC9xr9QvIcDvoZNUX5f-jaZw,1
UCLFdHr9BEbXHkoJopbEPLZw,UCYN4wSQ1Sx4_LurxLlW7MPg,1
UCLFdHr9BEbXHkoJopbEPLZw,UCOh6DaZC_x9HASnlRylEMfw,1
UCLFdHr9BEbXHkoJopbEPLZw,UCTP3O0rMnc8z8v8jaDQwL0w,1
UCLFdHr9BEbXHkoJopbEPLZw,UChep9kVb5gQmpodEEl10Xlg,1
UCLFdHr9BEbXHkoJopbEPLZw,UCFoIAE8k82D6AV-8gjjKaNg,1
UCipetjeiWj4CZB6EbyYziZg,UC2weSE8rpqkGMOp6StYtVfg,1
UCipetjeiWj4CZB6EbyYziZg,UCiGRBf2RNF0WRKhRVT7zFoA,1
UCipetjeiWj4CZB6EbyYziZg,UC3E9mAgP7VoAE5mZoAexl5g,1
UCipetjeiWj4CZB6EbyYziZg,UCut6b9S98nv84cVX89PmKzA,1
UCipetjeiWj4CZB6EbyYziZg,UCXXh7yg5KUFIWylTiKVEFKQ,1
UCipetjeiWj4CZB6EbyYziZg,UCz3gu01bmjNv0DpRq-K3XYg,1
UCipetjeiWj4CZB6EbyYziZg,UCp4iw5_5SmV9VGTFSNVGOmQ,1
UCipetjeiWj4CZB6EbyYziZg,UCWIZUtKJ636y-4TYrNvok0g,1
UCipetjeiWj4CZB6EbyYziZg,UCgvw7xIdGFupzpt1Y_BFkEA,1
UCipetjeiWj4CZB6EbyYziZg,UCtNfIBnc5S5DbbQj_yxgJTw,1
UCipetjeiWj4CZB6EbyYziZg,UCmjppp6ujz3SAnULvP3sZMw,1
UCipetjeiWj4CZB6EbyYziZg,UCYwpX26TrCxq8TvbKGRYLXA,1
UCipetjeiWj4CZB6EbyYziZg,UChZknRmJkeGeQk0-mQuhDOg,1
UCipetjeiWj4CZB6EbyYziZg,UCL1MT278vSaQ83ZDkVWn1gw,1
UCipetjeiWj4CZB6EbyYziZg,UCh5ESQvtzyHDhCA7XyekCFA,1
UCipetjeiWj4CZB6EbyYziZg,UCzSfZlOVxBSs5ObD25ywxDQ,1
UCipetjeiWj4CZB6EbyYziZg,UCEgEQmRbtL5fwr9_DqAC--g,1
UCipetjeiWj4CZB6EbyYziZg,UCQgYjVngJRfPHDLGB5X6ZjA,1
UCipetjeiWj4CZB6EbyYziZg,UCAmtbUiIrUIhikru0ZoTFig,1
UCipetjeiWj4CZB6EbyYziZg,UC4cXueR2bKGFJV0Fk76gwmA,1
UCipetjeiWj4CZB6EbyYziZg,UCUIIIPTVDVHAXqhC_5V6lPA,1
UCipetjeiWj4CZB6EbyYziZg,UCDQaQv0hr2SS_PO-CMEwVHg,1
UCipetjeiWj4CZB6EbyYziZg,UCDlr1VadSucIZgZ171pRBjQ,1
UCipetjeiWj4CZB6EbyYziZg,UC7VUuJr9cGh845CmTvf7TlQ,1
UCipetjeiWj4CZB6EbyYziZg,UCA93ym2TXs_Ibyxb4Vcn-6Q,1
UCipetjeiWj4CZB6EbyYziZg,UCXgr7vXlRrsaskPdo097kGA,1
UCipetjeiWj4CZB6EbyYziZg,UCj-LL25XJnjxepPKCc3NGog,1
UCipetjeiWj4CZB6EbyYziZg,UChgkn5Jt5tWKYMoEOuCjz3Q,1
UCipetjeiWj4CZB6EbyYziZg,UC3NMzdMYryaw82kPTnsaljg,1
UCipetjeiWj4CZB6EbyYziZg,UCylqlpsh8ENNM1LqgQ1KbxA,1
UCipetjeiWj4CZB6EbyYziZg,UCCaYwkkbQGcvFoUmothVdQQ,1
UCipetjeiWj4CZB6EbyYziZg,UC9vMq1YF-e7C-VO0SHkbUTA,1
UCipetjeiWj4CZB6EbyYziZg,UCr1emrogPKkKTs_WTtx71xg,1
UCipetjeiWj4CZB6EbyYziZg,UCV0iizTBoOfdAFX_thfI9BA,1
UCipetjeiWj4CZB6EbyYziZg,UCTylKrsqkrBKIqubMu_5N0Q,1
UCipetjeiWj4CZB6EbyYziZg,UCDUffaruH6dyUnUGwsTKpgg,1
UCipetjeiWj4CZB6EbyYziZg,UCN6qbfPSzFtjhqUDZ3Cv3CQ,1
UCipetjeiWj4CZB6EbyYziZg,UCplrIQtaPj6au60_f2-mOYw,1
UCipetjeiWj4CZB6EbyYziZg,UCXSkL3ejZ8qWYyF_M7s_QKA,1
UCipetjeiWj4CZB6EbyYziZg,UCueV9cTyTDwgQSec1x2dYgA,1
UCipetjeiWj4CZB6EbyYziZg,UCFjudnPLoaSL1BaRuLahyHg,1
UCipetjeiWj4CZB6EbyYziZg,UCFxE8GbokBrBsPEKM1xrOjQ,1
UCipetjeiWj4CZB6EbyYziZg,UCDIMztpVm7G27qBuiWuT6oQ,1
UCipetjeiWj4CZB6EbyYziZg,UC-jS_kA9w-OmpupXDx156Rg,1
UCipetjeiWj4CZB6EbyYziZg,UCsjs5Hp_r86x1xbK6FAeqaA,1
UCipetjeiWj4CZB6EbyYziZg,UCQqetiwzzmRNTM5OWuXarGQ,1
UCipetjeiWj4CZB6EbyYziZg,UCQtSFINs1h6GHkpg9o5kMvg,1
UCipetjeiWj4CZB6EbyYziZg,UCsUCN0Yq_UyTvKjOJLmNrnQ,1
UCipetjeiWj4CZB6EbyYziZg,UCAlzM_N6xBlMYmM8EBzX86Q,1
UCipetjeiWj4CZB6EbyYziZg,UCfM3nrxtTQMY5jFx1v1J4Gg,1
UCipetjeiWj4CZB6EbyYziZg,UCFhxtoeARHPnXXPcDrOU3Xg,1
UCipetjeiWj4CZB6EbyYziZg,UCNBnKqWf4d-rS4HwJRQljmQ,1
UCipetjeiWj4CZB6EbyYziZg,UC650pRT-OYzny3GwOH8Cgfw,1
UCipetjeiWj4CZB6EbyYziZg,UCxff05WuyvwELNITi7bj7UA,1
UCipetjeiWj4CZB6EbyYziZg,UC-pNP6RMFuLg_-x7Ah_0kEA,1
UCipetjeiWj4CZB6EbyYziZg,UCGzXwyCzMzGmjmCbH3Hg01Q,1
UCipetjeiWj4CZB6EbyYziZg,UCQtICyzWmhC5woCtbNgaSmg,1
UCipetjeiWj4CZB6EbyYziZg,UCTD6q1nyIe3Y7HhqjaMj72w,1
UCipetjeiWj4CZB6EbyYziZg,UCpsKOkt5iWTbenzeuq7dsmQ,1
UCipetjeiWj4CZB6EbyYziZg,UCi1b_TRQfgO1Z9O2gNGGWNA,1
UCipetjeiWj4CZB6EbyYziZg,UCZLG9qH0tUjNhEGFIUt0CYw,1
UCipetjeiWj4CZB6EbyYziZg,UCzoL2l5H5eVlorWGH8AZfAg,1
UCipetjeiWj4CZB6EbyYziZg,UCKDR0f2fu2UzWL8mBv5-BHw,1
UCipetjeiWj4CZB6EbyYziZg,UCjmPuazZJzscrwvk0QR9RVw,1
UCipetjeiWj4CZB6EbyYziZg,UCwha8rxULYMVtNwZWeSkE1A,1
UCipetjeiWj4CZB6EbyYziZg,UCQ_-LPP8JAbfkc-b1Q6NvWw,1
UCipetjeiWj4CZB6EbyYziZg,UCHhHUjaMAZ8SiXdCUCj9DkQ,1
UCipetjeiWj4CZB6EbyYziZg,UCRelkU8JiZBytTzebJxaa-w,1
UCipetjeiWj4CZB6EbyYziZg,UC3MYTqpQqlWBuCB7Th0e0PA,1
UCipetjeiWj4CZB6EbyYziZg,UCZ51R_9Q9C0c8I3pAWhtmjQ,1
UCipetjeiWj4CZB6EbyYziZg,UCujPF2nBgsTD62nWE3lcpIg,1
UCipetjeiWj4CZB6EbyYziZg,UC9xr9QvIcDvoZNUX5f-jaZw,1
UCipetjeiWj4CZB6EbyYziZg,UCYN4wSQ1Sx4_LurxLlW7MPg,1
UCipetjeiWj4CZB6EbyYziZg,UCOh6DaZC_x9HASnlRylEMfw,1
UCipetjeiWj4CZB6EbyYziZg,UCTP3O0rMnc8z8v8jaDQwL0w,1
UCipetjeiWj4CZB6EbyYziZg,UChep9kVb5gQmpodEEl10Xlg,1
UCipetjeiWj4CZB6EbyYziZg,UCFoIAE8k82D6AV-8gjjKaNg,1
UCXSkL3ejZ8qWYyF_M7s_QKA,UC2weSE8rpqkGMOp6StYtVfg,1
UCXSkL3ejZ8qWYyF_M7s_QKA,UCiGRBf2RNF0WRKhRVT7zFoA,1
UCXSkL3ejZ8qWYyF_M7s_QKA,UC3E9mAgP7VoAE5mZoAexl5g,1
UCXSkL3ejZ8qWYyF_M7s_QKA,UCut6b9S98nv84cVX89PmKzA,1
UCXSkL3ejZ8qWYyF_M7s_QKA,UCXXh7yg5KUFIWylTiKVEFKQ,1
UCXSkL3ejZ8qWYyF_M7s_QKA,UCz3gu01bmjNv0DpRq-K3XYg,1
UCXSkL3ejZ8qWYyF_M7s_QKA,UCp4iw5_5SmV9VGTFSNVGOmQ,1
UCXSkL3ejZ8qWYyF_M7s_QKA,UCWIZUtKJ636y-4TYrNvok0g,1
UCXSkL3ejZ8qWYyF_M7s_QKA,UCgvw7xIdGFupzpt1Y_BFkEA,1
UCXSkL3ejZ8qWYyF_M7s_QKA,UCtNfIBnc5S5DbbQj_yxgJTw,1
UCXSkL3ejZ8qWYyF_M7s_QKA,UCmjppp6ujz3SAnULvP3sZMw,1
UCXSkL3ejZ8qWYyF_M7s_QKA,UCYwpX26TrCxq8TvbKGRYLXA,1
UCXSkL3ejZ8qWYyF_M7s_QKA,UChZknRmJkeGeQk0-mQuhDOg,1
UCXSkL3ejZ8qWYyF_M7s_QKA,UCL1MT278vSaQ83ZDkVWn1gw,1
UCXSkL3ejZ8qWYyF_M7s_QKA,UCh5ESQvtzyHDhCA7XyekCFA,1
UCXSkL3ejZ8qWYyF_M7s_QKA,UCzSfZlOVxBSs5ObD25ywxDQ,1
UCXSkL3ejZ8qWYyF_M7s_QKA,UCEgEQmRbtL5fwr9_DqAC--g,1
UCXSkL3ejZ8qWYyF_M7s_QKA,UCQgYjVngJRfPHDLGB5X6ZjA,1
UCXSkL3ejZ8qWYyF_M7s_QKA,UCAmtbUiIrUIhikru0ZoTFig,1
UCXSkL3ejZ8qWYyF_M7s_QKA,UC4cXueR2bKGFJV0Fk76gwmA,1
UCXSkL3ejZ8qWYyF_M7s_QKA,UCUIIIPTVDVHAXqhC_5V6lPA,1
UCXSkL3ejZ8qWYyF_M7s_QKA,UCDQaQv0hr2SS_PO-CMEwVHg,1
UCXSkL3ejZ8qWYyF_M7s_QKA,UCDlr1VadSucIZgZ171pRBjQ,1
UCXSkL3ejZ8qWYyF_M7s_QKA,UC7VUuJr9cGh845CmTvf7TlQ,1
UCXSkL3ejZ8qWYyF_M7s_QKA,UCA93ym2TXs_Ibyxb4Vcn-6Q,1
UCXSkL3ejZ8qWYyF_M7s_QKA,UCXgr7vXlRrsaskPdo097kGA,1
UCXSkL3ejZ8qWYyF_M7s_QKA,UCj-LL25XJnjxepPKCc3NGog,1
UCXSkL3ejZ8qWYyF_M7s_QKA,UChgkn5Jt5tWKYMoEOuCjz3Q,1
UCXSkL3ejZ8qWYyF_M7s_QKA,UC3NMzdMYryaw82kPTnsaljg,1
UCXSkL3ejZ8qWYyF_M7s_QKA,UCylqlpsh8ENNM1LqgQ1KbxA,1
UCXSkL3ejZ8qWYyF_M7s_QKA,UCCaYwkkbQGcvFoUmothVdQQ,1
UCXSkL3ejZ8qWYyF_M7s_QKA,UC9vMq1YF-e7C-VO0SHkbUTA,1
UCXSkL3ejZ8qWYyF_M7s_QKA,UCr1emrogPKkKTs_WTtx71xg,1
UCXSkL3ejZ8qWYyF_M7s_QKA,UCV0iizTBoOfdAFX_thfI9BA,1
UCXSkL3ejZ8qWYyF_M7s_QKA,UCTylKrsqkrBKIqubMu_5N0Q,1
UCXSkL3ejZ8qWYyF_M7s_QKA,UCDUffaruH6dyUnUGwsTKpgg,1
UCXSkL3ejZ8qWYyF_M7s_QKA,UCN6qbfPSzFtjhqUDZ3Cv3CQ,1
UCXSkL3ejZ8qWYyF_M7s_QKA,UCplrIQtaPj6au60_f2-mOYw,1
UCXSkL3ejZ8qWYyF_M7s_QKA,UCueV9cTyTDwgQSec1x2dYgA,1
UCXSkL3ejZ8qWYyF_M7s_QKA,UCFjudnPLoaSL1BaRuLahyHg,1
UCXSkL3ejZ8qWYyF_M7s_QKA,UCFxE8GbokBrBsPEKM1xrOjQ,1
UCXSkL3ejZ8qWYyF_M7s_QKA,UCDIMztpVm7G27qBuiWuT6oQ,1
UCXSkL3ejZ8qWYyF_M7s_QKA,UC-jS_kA9w-OmpupXDx156Rg,1
UCXSkL3ejZ8qWYyF_M7s_QKA,UCsjs5Hp_r86x1xbK6FAeqaA,1
UCXSkL3ejZ8qWYyF_M7s_QKA,UCQqetiwzzmRNTM5OWuXarGQ,1
UCXSkL3ejZ8qWYyF_M7s_QKA,UCQtSFINs1h6GHkpg9o5kMvg,1
UCXSkL3ejZ8qWYyF_M7s_QKA,UCsUCN0Yq_UyTvKjOJLmNrnQ,1
UCXSkL3ejZ8qWYyF_M7s_QKA,UCAlzM_N6xBlMYmM8EBzX86Q,1
UCXSkL3ejZ8qWYyF_M7s_QKA,UCfM3nrxtTQMY5jFx1v1J4Gg,1
UCXSkL3ejZ8qWYyF_M7s_QKA,UCFhxtoeARHPnXXPcDrOU3Xg,1
UCXSkL3ejZ8qWYyF_M7s_QKA,UCNBnKqWf4d-rS4HwJRQljmQ,1
UCXSkL3ejZ8qWYyF_M7s_QKA,UC650pRT-OYzny3GwOH8Cgfw,1
UCXSkL3ejZ8qWYyF_M7s_QKA,UCxff05WuyvwELNITi7bj7UA,1
UCXSkL3ejZ8qWYyF_M7s_QKA,UC-pNP6RMFuLg_-x7Ah_0kEA,1
UCXSkL3ejZ8qWYyF_M7s_QKA,UCGzXwyCzMzGmjmCbH3Hg01Q,1
UCXSkL3ejZ8qWYyF_M7s_QKA,UCQtICyzWmhC5woCtbNgaSmg,1
UCXSkL3ejZ8qWYyF_M7s_QKA,UCTD6q1nyIe3Y7HhqjaMj72w,1
UCXSkL3ejZ8qWYyF_M7s_QKA,UCpsKOkt5iWTbenzeuq7dsmQ,1
UCXSkL3ejZ8qWYyF_M7s_QKA,UCi1b_TRQfgO1Z9O2gNGGWNA,1
UCXSkL3ejZ8qWYyF_M7s_QKA,UCZLG9qH0tUjNhEGFIUt0CYw,1
UCXSkL3ejZ8qWYyF_M7s_QKA,UCzoL2l5H5eVlorWGH8AZfAg,1
UCXSkL3ejZ8qWYyF_M7s_QKA,UCKDR0f2fu2UzWL8mBv5-BHw,1
UCXSkL3ejZ8qWYyF_M7s_QKA,UCjmPuazZJzscrwvk0QR9RVw,1
UCXSkL3ejZ8qWYyF_M7s_QKA,UCwha8rxULYMVtNwZWeSkE1A,1
UCXSkL3ejZ8qWYyF_M7s_QKA,UCQ_-LPP8JAbfkc-b1Q6NvWw,1
UCXSkL3ejZ8qWYyF_M7s_QKA,UCHhHUjaMAZ8SiXdCUCj9DkQ,1
UCXSkL3ejZ8qWYyF_M7s_QKA,UCRelkU8JiZBytTzebJxaa-w,1
UCXSkL3ejZ8qWYyF_M7s_QKA,UC3MYTqpQqlWBuCB7Th0e0PA,1
UCXSkL3ejZ8qWYyF_M7s_QKA,UCZ51R_9Q9C0c8I3pAWhtmjQ,1
UCXSkL3ejZ8qWYyF_M7s_QKA,UCujPF2nBgsTD62nWE3lcpIg,1
UCXSkL3ejZ8qWYyF_M7s_QKA,UC9xr9QvIcDvoZNUX5f-jaZw,1
UCXSkL3ejZ8qWYyF_M7s_QKA,UCYN4wSQ1Sx4_LurxLlW7MPg,1
UCXSkL3ejZ8qWYyF_M7s_QKA,UCOh6DaZC_x9HASnlRylEMfw,1
UCXSkL3ejZ8qWYyF_M7s_QKA,UCTP3O0rMnc8z8v8jaDQwL0w,1
UCXSkL3ejZ8qWYyF_M7s_QKA,UChep9kVb5gQmpodEEl10Xlg,1
UCXSkL3ejZ8qWYyF_M7s_QKA,UCFoIAE8k82D6AV-8gjjKaNg,1
UC1NiEdJ7gk6FlDexIalWnGg,UCtsxPYw8VUsH_FfnKg-0lmw,1
UC1NiEdJ7gk6FlDexIalWnGg,UCgGqw4aqMdMVSGkKiMgrJRQ,1
UC1NiEdJ7gk6FlDexIalWnGg,UCvDwJBBY1mHK70aTEYl6rsA,1
UC1NiEdJ7gk6FlDexIalWnGg,UCzZ6dDCEsLMXbc5pCFXIprw,1
UC1NiEdJ7gk6FlDexIalWnGg,UCyJhqmMbsvjpoarBBStA2kg,1
UC1NiEdJ7gk6FlDexIalWnGg,UCV3fr-YOixFKCZBbJP1-X4w,1
UC1NiEdJ7gk6FlDexIalWnGg,UCWvntqPQx99k_Z_skWKqNSA,1
UC1NiEdJ7gk6FlDexIalWnGg,UC63tFvbQ_hJhGDi2nbjssjw,1
UC1NiEdJ7gk6FlDexIalWnGg,UCp29O_C7cchZV8IxV7Crdag,1
UC1NiEdJ7gk6FlDexIalWnGg,UC-HeUTT6_g-VoiWds2a4H-w,1
UC1NiEdJ7gk6FlDexIalWnGg,UCaT4saRcyqCLE657Rq2hhZQ,1
UC1NiEdJ7gk6FlDexIalWnGg,UCjZgFEowMBrsjodqfovzdKw,1
UC1NiEdJ7gk6FlDexIalWnGg,UCFybmWapGvBKcQod7cPPH9w,1
UC1NiEdJ7gk6FlDexIalWnGg,UC0HvfEWozTHbwl_iEmJNvVA,1
UC1NiEdJ7gk6FlDexIalWnGg,UChyps3dqY-VY1_wLeq-2lhw,1
UC1NiEdJ7gk6FlDexIalWnGg,UC14qlobYKqD-DO0j6b75lcA,1
UC1NiEdJ7gk6FlDexIalWnGg,UC3YpzAr7pcdKC7BVFEpYzog,1
UC1NiEdJ7gk6FlDexIalWnGg,UCwxoKK59nGCeBqB2sXfDBIw,1
UCFjudnPLoaSL1BaRuLahyHg,UC2weSE8rpqkGMOp6StYtVfg,1
UCFjudnPLoaSL1BaRuLahyHg,UCiGRBf2RNF0WRKhRVT7zFoA,1
UCFjudnPLoaSL1BaRuLahyHg,UC3E9mAgP7VoAE5mZoAexl5g,1
UCFjudnPLoaSL1BaRuLahyHg,UCut6b9S98nv84cVX89PmKzA,1
UCFjudnPLoaSL1BaRuLahyHg,UCXXh7yg5KUFIWylTiKVEFKQ,1
UCFjudnPLoaSL1BaRuLahyHg,UCz3gu01bmjNv0DpRq-K3XYg,1
UCFjudnPLoaSL1BaRuLahyHg,UCp4iw5_5SmV9VGTFSNVGOmQ,1
UCFjudnPLoaSL1BaRuLahyHg,UCWIZUtKJ636y-4TYrNvok0g,1
UCFjudnPLoaSL1BaRuLahyHg,UCgvw7xIdGFupzpt1Y_BFkEA,1
UCFjudnPLoaSL1BaRuLahyHg,UCtNfIBnc5S5DbbQj_yxgJTw,1
UCFjudnPLoaSL1BaRuLahyHg,UCmjppp6ujz3SAnULvP3sZMw,1
UCFjudnPLoaSL1BaRuLahyHg,UCYwpX26TrCxq8TvbKGRYLXA,1
UCFjudnPLoaSL1BaRuLahyHg,UChZknRmJkeGeQk0-mQuhDOg,1
UCFjudnPLoaSL1BaRuLahyHg,UCL1MT278vSaQ83ZDkVWn1gw,1
UCFjudnPLoaSL1BaRuLahyHg,UCh5ESQvtzyHDhCA7XyekCFA,1
UCFjudnPLoaSL1BaRuLahyHg,UCzSfZlOVxBSs5ObD25ywxDQ,1
UCFjudnPLoaSL1BaRuLahyHg,UCEgEQmRbtL5fwr9_DqAC--g,1
UCFjudnPLoaSL1BaRuLahyHg,UCQgYjVngJRfPHDLGB5X6ZjA,1
UCFjudnPLoaSL1BaRuLahyHg,UCAmtbUiIrUIhikru0ZoTFig,1
UCFjudnPLoaSL1BaRuLahyHg,UC4cXueR2bKGFJV0Fk76gwmA,1
UCFjudnPLoaSL1BaRuLahyHg,UCUIIIPTVDVHAXqhC_5V6lPA,1
UCFjudnPLoaSL1BaRuLahyHg,UCDQaQv0hr2SS_PO-CMEwVHg,1
UCFjudnPLoaSL1BaRuLahyHg,UCDlr1VadSucIZgZ171pRBjQ,1
UCFjudnPLoaSL1BaRuLahyHg,UC7VUuJr9cGh845CmTvf7TlQ,1
UCFjudnPLoaSL1BaRuLahyHg,UCA93ym2TXs_Ibyxb4Vcn-6Q,1
UCFjudnPLoaSL1BaRuLahyHg,UCXgr7vXlRrsaskPdo097kGA,1
UCFjudnPLoaSL1BaRuLahyHg,UCj-LL25XJnjxepPKCc3NGog,1
UCFjudnPLoaSL1BaRuLahyHg,UChgkn5Jt5tWKYMoEOuCjz3Q,1
UCFjudnPLoaSL1BaRuLahyHg,UC3NMzdMYryaw82kPTnsaljg,1
UCFjudnPLoaSL1BaRuLahyHg,UCylqlpsh8ENNM1LqgQ1KbxA,1
UCFjudnPLoaSL1BaRuLahyHg,UCCaYwkkbQGcvFoUmothVdQQ,1
UCFjudnPLoaSL1BaRuLahyHg,UC9vMq1YF-e7C-VO0SHkbUTA,1
UCFjudnPLoaSL1BaRuLahyHg,UCr1emrogPKkKTs_WTtx71xg,1
UCFjudnPLoaSL1BaRuLahyHg,UCV0iizTBoOfdAFX_thfI9BA,1
UCFjudnPLoaSL1BaRuLahyHg,UCTylKrsqkrBKIqubMu_5N0Q,1
UCFjudnPLoaSL1BaRuLahyHg,UCDUffaruH6dyUnUGwsTKpgg,1
UCFjudnPLoaSL1BaRuLahyHg,UCN6qbfPSzFtjhqUDZ3Cv3CQ,1
UCFjudnPLoaSL1BaRuLahyHg,UCplrIQtaPj6au60_f2-mOYw,1
UCFjudnPLoaSL1BaRuLahyHg,UCueV9cTyTDwgQSec1x2dYgA,1
UCFjudnPLoaSL1BaRuLahyHg,UCFxE8GbokBrBsPEKM1xrOjQ,1
UCFjudnPLoaSL1BaRuLahyHg,UCDIMztpVm7G27qBuiWuT6oQ,1
UCFjudnPLoaSL1BaRuLahyHg,UC-jS_kA9w-OmpupXDx156Rg,1
UCFjudnPLoaSL1BaRuLahyHg,UCsjs5Hp_r86x1xbK6FAeqaA,1
UCFjudnPLoaSL1BaRuLahyHg,UCQqetiwzzmRNTM5OWuXarGQ,1
UCFjudnPLoaSL1BaRuLahyHg,UCQtSFINs1h6GHkpg9o5kMvg,1
UCFjudnPLoaSL1BaRuLahyHg,UCsUCN0Yq_UyTvKjOJLmNrnQ,1
UCFjudnPLoaSL1BaRuLahyHg,UCAlzM_N6xBlMYmM8EBzX86Q,1
UCFjudnPLoaSL1BaRuLahyHg,UCfM3nrxtTQMY5jFx1v1J4Gg,1
UCFjudnPLoaSL1BaRuLahyHg,UCFhxtoeARHPnXXPcDrOU3Xg,1
UCFjudnPLoaSL1BaRuLahyHg,UCNBnKqWf4d-rS4HwJRQljmQ,1
UCFjudnPLoaSL1BaRuLahyHg,UC650pRT-OYzny3GwOH8Cgfw,1
UCFjudnPLoaSL1BaRuLahyHg,UCxff05WuyvwELNITi7bj7UA,1
UCFjudnPLoaSL1BaRuLahyHg,UC-pNP6RMFuLg_-x7Ah_0kEA,1
UCFjudnPLoaSL1BaRuLahyHg,UCGzXwyCzMzGmjmCbH3Hg01Q,1
UCFjudnPLoaSL1BaRuLahyHg,UCQtICyzWmhC5woCtbNgaSmg,1
UCFjudnPLoaSL1BaRuLahyHg,UCTD6q1nyIe3Y7HhqjaMj72w,1
UCFjudnPLoaSL1BaRuLahyHg,UCpsKOkt5iWTbenzeuq7dsmQ,1
UCFjudnPLoaSL1BaRuLahyHg,UCi1b_TRQfgO1Z9O2gNGGWNA,1
UCFjudnPLoaSL1BaRuLahyHg,UCZLG9qH0tUjNhEGFIUt0CYw,1
UCFjudnPLoaSL1BaRuLahyHg,UCzoL2l5H5eVlorWGH8AZfAg,1
UCFjudnPLoaSL1BaRuLahyHg,UCKDR0f2fu2UzWL8mBv5-BHw,1
UCFjudnPLoaSL1BaRuLahyHg,UCjmPuazZJzscrwvk0QR9RVw,1
UCFjudnPLoaSL1BaRuLahyHg,UCwha8rxULYMVtNwZWeSkE1A,1
UCFjudnPLoaSL1BaRuLahyHg,UCQ_-LPP8JAbfkc-b1Q6NvWw,1
UCFjudnPLoaSL1BaRuLahyHg,UCHhHUjaMAZ8SiXdCUCj9DkQ,1
UCFjudnPLoaSL1BaRuLahyHg,UCRelkU8JiZBytTzebJxaa-w,1
UCFjudnPLoaSL1BaRuLahyHg,UC3MYTqpQqlWBuCB7Th0e0PA,1
UCFjudnPLoaSL1BaRuLahyHg,UCZ51R_9Q9C0c8I3pAWhtmjQ,1
UCFjudnPLoaSL1BaRuLahyHg,UCujPF2nBgsTD62nWE3lcpIg,1
UCFjudnPLoaSL1BaRuLahyHg,UC9xr9QvIcDvoZNUX5f-jaZw,1
UCFjudnPLoaSL1BaRuLahyHg,UCYN4wSQ1Sx4_LurxLlW7MPg,1
UCFjudnPLoaSL1BaRuLahyHg,UCOh6DaZC_x9HASnlRylEMfw,1
UCFjudnPLoaSL1BaRuLahyHg,UCTP3O0rMnc8z8v8jaDQwL0w,1
UCFjudnPLoaSL1BaRuLahyHg,UChep9kVb5gQmpodEEl10Xlg,1
UCFjudnPLoaSL1BaRuLahyHg,UCFoIAE8k82D6AV-8gjjKaNg,1
UC5fvhAfm89JH8eDFdvc0xYw,UC_ljZ1hZXR9pzexFz87P5ZA,1
UC5fvhAfm89JH8eDFdvc0xYw,UCRcSR3Lvn9DZAmJpVPANfZQ,1
UC5fvhAfm89JH8eDFdvc0xYw,UCY7Hq7F9Lnucf-Yr6JkHZNw,1
UC5fvhAfm89JH8eDFdvc0xYw,UCIUhbSCy3-SGRe5UtqM4fzQ,1
UC5fvhAfm89JH8eDFdvc0xYw,UCGqKxQS-z3NZzZF-2w338AA,1
UC5fvhAfm89JH8eDFdvc0xYw,UCtMBF_1O2jY2INlb_luuB_A,1
UC5fvhAfm89JH8eDFdvc0xYw,UCIp19h9igblA2YKfSLPDAug,1
UC5fvhAfm89JH8eDFdvc0xYw,UCs_5qeqdku9tGAq22y3OcuQ,1
UC5fvhAfm89JH8eDFdvc0xYw,UCXmrpc6Li0spcKxtS0Q_ptg,1
UC5fvhAfm89JH8eDFdvc0xYw,UCHMQ_lDhibZ-XZ_3fo6oxwg,1
UC5fvhAfm89JH8eDFdvc0xYw,UCxKR3RA8T-kxMgq_2WWhRcQ,1
UC5fvhAfm89JH8eDFdvc0xYw,UCgLrWFdYitoP-b7-PxtUr-w,1
UC5fvhAfm89JH8eDFdvc0xYw,UCqilIa8r7iek5sGYg_q6ofA,1
UC5fvhAfm89JH8eDFdvc0xYw,UCRznz9-N3Qc1w-qNdLSIY2Q,1
UCRcSR3Lvn9DZAmJpVPANfZQ,UC_ljZ1hZXR9pzexFz87P5ZA,1
UCRcSR3Lvn9DZAmJpVPANfZQ,UCY7Hq7F9Lnucf-Yr6JkHZNw,1
UCRcSR3Lvn9DZAmJpVPANfZQ,UCIUhbSCy3-SGRe5UtqM4fzQ,1
UCRcSR3Lvn9DZAmJpVPANfZQ,UCGqKxQS-z3NZzZF-2w338AA,1
UCRcSR3Lvn9DZAmJpVPANfZQ,UCtMBF_1O2jY2INlb_luuB_A,1
UCRcSR3Lvn9DZAmJpVPANfZQ,UCIp19h9igblA2YKfSLPDAug,1
UCRcSR3Lvn9DZAmJpVPANfZQ,UCs_5qeqdku9tGAq22y3OcuQ,1
UCRcSR3Lvn9DZAmJpVPANfZQ,UCXmrpc6Li0spcKxtS0Q_ptg,1
UCRcSR3Lvn9DZAmJpVPANfZQ,UCHMQ_lDhibZ-XZ_3fo6oxwg,1
UCRcSR3Lvn9DZAmJpVPANfZQ,UCxKR3RA8T-kxMgq_2WWhRcQ,1
UCRcSR3Lvn9DZAmJpVPANfZQ,UCgLrWFdYitoP-b7-PxtUr-w,1
UCRcSR3Lvn9DZAmJpVPANfZQ,UCqilIa8r7iek5sGYg_q6ofA,1
UCRcSR3Lvn9DZAmJpVPANfZQ,UCRznz9-N3Qc1w-qNdLSIY2Q,1
UCQtSFINs1h6GHkpg9o5kMvg,UC2weSE8rpqkGMOp6StYtVfg,1
UCQtSFINs1h6GHkpg9o5kMvg,UCiGRBf2RNF0WRKhRVT7zFoA,1
UCQtSFINs1h6GHkpg9o5kMvg,UC3E9mAgP7VoAE5mZoAexl5g,1
UCQtSFINs1h6GHkpg9o5kMvg,UCut6b9S98nv84cVX89PmKzA,1
UCQtSFINs1h6GHkpg9o5kMvg,UCXXh7yg5KUFIWylTiKVEFKQ,1
UCQtSFINs1h6GHkpg9o5kMvg,UCz3gu01bmjNv0DpRq-K3XYg,1
UCQtSFINs1h6GHkpg9o5kMvg,UCp4iw5_5SmV9VGTFSNVGOmQ,1
UCQtSFINs1h6GHkpg9o5kMvg,UCWIZUtKJ636y-4TYrNvok0g,1
UCQtSFINs1h6GHkpg9o5kMvg,UCgvw7xIdGFupzpt1Y_BFkEA,1
UCQtSFINs1h6GHkpg9o5kMvg,UCtNfIBnc5S5DbbQj_yxgJTw,1
UCQtSFINs1h6GHkpg9o5kMvg,UCmjppp6ujz3SAnULvP3sZMw,1
UCQtSFINs1h6GHkpg9o5kMvg,UCYwpX26TrCxq8TvbKGRYLXA,1
UCQtSFINs1h6GHkpg9o5kMvg,UChZknRmJkeGeQk0-mQuhDOg,1
UCQtSFINs1h6GHkpg9o5kMvg,UCL1MT278vSaQ83ZDkVWn1gw,1
UCQtSFINs1h6GHkpg9o5kMvg,UCh5ESQvtzyHDhCA7XyekCFA,1
UCQtSFINs1h6GHkpg9o5kMvg,UCzSfZlOVxBSs5ObD25ywxDQ,1
UCQtSFINs1h6GHkpg9o5kMvg,UCEgEQmRbtL5fwr9_DqAC--g,1
UCQtSFINs1h6GHkpg9o5kMvg,UCQgYjVngJRfPHDLGB5X6ZjA,1
UCQtSFINs1h6GHkpg9o5kMvg,UCAmtbUiIrUIhikru0ZoTFig,1
UCQtSFINs1h6GHkpg9o5kMvg,UC4cXueR2bKGFJV0Fk76gwmA,1
UCQtSFINs1h6GHkpg9o5kMvg,UCUIIIPTVDVHAXqhC_5V6lPA,1
UCQtSFINs1h6GHkpg9o5kMvg,UCDQaQv0hr2SS_PO-CMEwVHg,1
UCQtSFINs1h6GHkpg9o5kMvg,UCDlr1VadSucIZgZ171pRBjQ,1
UCQtSFINs1h6GHkpg9o5kMvg,UC7VUuJr9cGh845CmTvf7TlQ,1
UCQtSFINs1h6GHkpg9o5kMvg,UCA93ym2TXs_Ibyxb4Vcn-6Q,1
UCQtSFINs1h6GHkpg9o5kMvg,UCXgr7vXlRrsaskPdo097kGA,1
UCQtSFINs1h6GHkpg9o5kMvg,UCj-LL25XJnjxepPKCc3NGog,1
UCQtSFINs1h6GHkpg9o5kMvg,UChgkn5Jt5tWKYMoEOuCjz3Q,1
UCQtSFINs1h6GHkpg9o5kMvg,UC3NMzdMYryaw82kPTnsaljg,1
UCQtSFINs1h6GHkpg9o5kMvg,UCylqlpsh8ENNM1LqgQ1KbxA,1
UCQtSFINs1h6GHkpg9o5kMvg,UCCaYwkkbQGcvFoUmothVdQQ,1
UCQtSFINs1h6GHkpg9o5kMvg,UC9vMq1YF-e7C-VO0SHkbUTA,1
UCQtSFINs1h6GHkpg9o5kMvg,UCr1emrogPKkKTs_WTtx71xg,1
UCQtSFINs1h6GHkpg9o5kMvg,UCV0iizTBoOfdAFX_thfI9BA,1
UCQtSFINs1h6GHkpg9o5kMvg,UCTylKrsqkrBKIqubMu_5N0Q,1
UCQtSFINs1h6GHkpg9o5kMvg,UCDUffaruH6dyUnUGwsTKpgg,1
UCQtSFINs1h6GHkpg9o5kMvg,UCN6qbfPSzFtjhqUDZ3Cv3CQ,1
UCQtSFINs1h6GHkpg9o5kMvg,UCplrIQtaPj6au60_f2-mOYw,1
UCQtSFINs1h6GHkpg9o5kMvg,UCueV9cTyTDwgQSec1x2dYgA,1
UCQtSFINs1h6GHkpg9o5kMvg,UCFxE8GbokBrBsPEKM1xrOjQ,1
UCQtSFINs1h6GHkpg9o5kMvg,UCDIMztpVm7G27qBuiWuT6oQ,1
UCQtSFINs1h6GHkpg9o5kMvg,UC-jS_kA9w-OmpupXDx156Rg,1
UCQtSFINs1h6GHkpg9o5kMvg,UCsjs5Hp_r86x1xbK6FAeqaA,1
UCQtSFINs1h6GHkpg9o5kMvg,UCQqetiwzzmRNTM5OWuXarGQ,1
UCQtSFINs1h6GHkpg9o5kMvg,UCsUCN0Yq_UyTvKjOJLmNrnQ,1
UCQtSFINs1h6GHkpg9o5kMvg,UCAlzM_N6xBlMYmM8EBzX86Q,1
UCQtSFINs1h6GHkpg9o5kMvg,UCfM3nrxtTQMY5jFx1v1J4Gg,1
UCQtSFINs1h6GHkpg9o5kMvg,UCFhxtoeARHPnXXPcDrOU3Xg,1
UCQtSFINs1h6GHkpg9o5kMvg,UCNBnKqWf4d-rS4HwJRQljmQ,1
UCQtSFINs1h6GHkpg9o5kMvg,UC650pRT-OYzny3GwOH8Cgfw,1
UCQtSFINs1h6GHkpg9o5kMvg,UCxff05WuyvwELNITi7bj7UA,1
UCQtSFINs1h6GHkpg9o5kMvg,UC-pNP6RMFuLg_-x7Ah_0kEA,1
UCQtSFINs1h6GHkpg9o5kMvg,UCGzXwyCzMzGmjmCbH3Hg01Q,1
UCQtSFINs1h6GHkpg9o5kMvg,UCQtICyzWmhC5woCtbNgaSmg,1
UCQtSFINs1h6GHkpg9o5kMvg,UCTD6q1nyIe3Y7HhqjaMj72w,1
UCQtSFINs1h6GHkpg9o5kMvg,UCpsKOkt5iWTbenzeuq7dsmQ,1
UCQtSFINs1h6GHkpg9o5kMvg,UCi1b_TRQfgO1Z9O2gNGGWNA,1
UCQtSFINs1h6GHkpg9o5kMvg,UCZLG9qH0tUjNhEGFIUt0CYw,1
UCQtSFINs1h6GHkpg9o5kMvg,UCzoL2l5H5eVlorWGH8AZfAg,1
UCQtSFINs1h6GHkpg9o5kMvg,UCKDR0f2fu2UzWL8mBv5-BHw,1
UCQtSFINs1h6GHkpg9o5kMvg,UCjmPuazZJzscrwvk0QR9RVw,1
UCQtSFINs1h6GHkpg9o5kMvg,UCwha8rxULYMVtNwZWeSkE1A,1
UCQtSFINs1h6GHkpg9o5kMvg,UCQ_-LPP8JAbfkc-b1Q6NvWw,1
UCQtSFINs1h6GHkpg9o5kMvg,UCHhHUjaMAZ8SiXdCUCj9DkQ,1
UCQtSFINs1h6GHkpg9o5kMvg,UCRelkU8JiZBytTzebJxaa-w,1
UCQtSFINs1h6GHkpg9o5kMvg,UC3MYTqpQqlWBuCB7Th0e0PA,1
UCQtSFINs1h6GHkpg9o5kMvg,UCZ51R_9Q9C0c8I3pAWhtmjQ,1
UCQtSFINs1h6GHkpg9o5kMvg,UCujPF2nBgsTD62nWE3lcpIg,1
UCQtSFINs1h6GHkpg9o5kMvg,UC9xr9QvIcDvoZNUX5f-jaZw,1
UCQtSFINs1h6GHkpg9o5kMvg,UCYN4wSQ1Sx4_LurxLlW7MPg,1
UCQtSFINs1h6GHkpg9o5kMvg,UCOh6DaZC_x9HASnlRylEMfw,1
UCQtSFINs1h6GHkpg9o5kMvg,UCTP3O0rMnc8z8v8jaDQwL0w,1
UCQtSFINs1h6GHkpg9o5kMvg,UChep9kVb5gQmpodEEl10Xlg,1
UCQtSFINs1h6GHkpg9o5kMvg,UCFoIAE8k82D6AV-8gjjKaNg,1
UCAV7QIjYhbDJaycQycM_0eQ,UCNIeXbV_mEwpa412h1aqUWw,1
UCAV7QIjYhbDJaycQycM_0eQ,UCzZ6dDCEsLMXbc5pCFXIprw,1
UCAV7QIjYhbDJaycQycM_0eQ,UCVQf0tzL7xRzFJsABVVULpg,1
UCAV7QIjYhbDJaycQycM_0eQ,UCPZueDLrCS4BmTBRMA4q0fA,1
UCAV7QIjYhbDJaycQycM_0eQ,UCGX_UbAQOXGZknv5iqklwTA,1
UCAV7QIjYhbDJaycQycM_0eQ,UCf5lnNZF7Qrtli9v4N_23WQ,1
UCAV7QIjYhbDJaycQycM_0eQ,UCgQJgI9vu1FI2dnC9mrFthw,1
UCAV7QIjYhbDJaycQycM_0eQ,UC8xlJWNHz1V_W6q3fbuQH8g,1
UCAV7QIjYhbDJaycQycM_0eQ,UC1Y7x3h0c95Z8kUhi-Tzaeg,1
UCAlzM_N6xBlMYmM8EBzX86Q,UC2weSE8rpqkGMOp6StYtVfg,1
UCAlzM_N6xBlMYmM8EBzX86Q,UCiGRBf2RNF0WRKhRVT7zFoA,1
UCAlzM_N6xBlMYmM8EBzX86Q,UC3E9mAgP7VoAE5mZoAexl5g,1
UCAlzM_N6xBlMYmM8EBzX86Q,UCut6b9S98nv84cVX89PmKzA,1
UCAlzM_N6xBlMYmM8EBzX86Q,UCXXh7yg5KUFIWylTiKVEFKQ,1
UCAlzM_N6xBlMYmM8EBzX86Q,UCz3gu01bmjNv0DpRq-K3XYg,1
UCAlzM_N6xBlMYmM8EBzX86Q,UCp4iw5_5SmV9VGTFSNVGOmQ,1
UCAlzM_N6xBlMYmM8EBzX86Q,UCWIZUtKJ636y-4TYrNvok0g,1
UCAlzM_N6xBlMYmM8EBzX86Q,UCgvw7xIdGFupzpt1Y_BFkEA,1
UCAlzM_N6xBlMYmM8EBzX86Q,UCtNfIBnc5S5DbbQj_yxgJTw,1
UCAlzM_N6xBlMYmM8EBzX86Q,UCmjppp6ujz3SAnULvP3sZMw,1
UCAlzM_N6xBlMYmM8EBzX86Q,UCYwpX26TrCxq8TvbKGRYLXA,1
UCAlzM_N6xBlMYmM8EBzX86Q,UChZknRmJkeGeQk0-mQuhDOg,1
UCAlzM_N6xBlMYmM8EBzX86Q,UCL1MT278vSaQ83ZDkVWn1gw,1
UCAlzM_N6xBlMYmM8EBzX86Q,UCh5ESQvtzyHDhCA7XyekCFA,1
UCAlzM_N6xBlMYmM8EBzX86Q,UCzSfZlOVxBSs5ObD25ywxDQ,1
UCAlzM_N6xBlMYmM8EBzX86Q,UCEgEQmRbtL5fwr9_DqAC--g,1
UCAlzM_N6xBlMYmM8EBzX86Q,UCQgYjVngJRfPHDLGB5X6ZjA,1
UCAlzM_N6xBlMYmM8EBzX86Q,UCAmtbUiIrUIhikru0ZoTFig,1
UCAlzM_N6xBlMYmM8EBzX86Q,UC4cXueR2bKGFJV0Fk76gwmA,1
UCAlzM_N6xBlMYmM8EBzX86Q,UCUIIIPTVDVHAXqhC_5V6lPA,1
UCAlzM_N6xBlMYmM8EBzX86Q,UCDQaQv0hr2SS_PO-CMEwVHg,1
UCAlzM_N6xBlMYmM8EBzX86Q,UCDlr1VadSucIZgZ171pRBjQ,1
UCAlzM_N6xBlMYmM8EBzX86Q,UC7VUuJr9cGh845CmTvf7TlQ,1
UCAlzM_N6xBlMYmM8EBzX86Q,UCA93ym2TXs_Ibyxb4Vcn-6Q,1
UCAlzM_N6xBlMYmM8EBzX86Q,UCXgr7vXlRrsaskPdo097kGA,1
UCAlzM_N6xBlMYmM8EBzX86Q,UCj-LL25XJnjxepPKCc3NGog,1
UCAlzM_N6xBlMYmM8EBzX86Q,UChgkn5Jt5tWKYMoEOuCjz3Q,1
UCAlzM_N6xBlMYmM8EBzX86Q,UC3NMzdMYryaw82kPTnsaljg,1
UCAlzM_N6xBlMYmM8EBzX86Q,UCylqlpsh8ENNM1LqgQ1KbxA,1
UCAlzM_N6xBlMYmM8EBzX86Q,UCCaYwkkbQGcvFoUmothVdQQ,1
UCAlzM_N6xBlMYmM8EBzX86Q,UC9vMq1YF-e7C-VO0SHkbUTA,1
UCAlzM_N6xBlMYmM8EBzX86Q,UCr1emrogPKkKTs_WTtx71xg,1
UCAlzM_N6xBlMYmM8EBzX86Q,UCV0iizTBoOfdAFX_thfI9BA,1
UCAlzM_N6xBlMYmM8EBzX86Q,UCTylKrsqkrBKIqubMu_5N0Q,1
UCAlzM_N6xBlMYmM8EBzX86Q,UCDUffaruH6dyUnUGwsTKpgg,1
UCAlzM_N6xBlMYmM8EBzX86Q,UCN6qbfPSzFtjhqUDZ3Cv3CQ,1
UCAlzM_N6xBlMYmM8EBzX86Q,UCplrIQtaPj6au60_f2-mOYw,1
UCAlzM_N6xBlMYmM8EBzX86Q,UCueV9cTyTDwgQSec1x2dYgA,1
UCAlzM_N6xBlMYmM8EBzX86Q,UCFxE8GbokBrBsPEKM1xrOjQ,1
UCAlzM_N6xBlMYmM8EBzX86Q,UCDIMztpVm7G27qBuiWuT6oQ,1
UCAlzM_N6xBlMYmM8EBzX86Q,UC-jS_kA9w-OmpupXDx156Rg,1
UCAlzM_N6xBlMYmM8EBzX86Q,UCsjs5Hp_r86x1xbK6FAeqaA,1
UCAlzM_N6xBlMYmM8EBzX86Q,UCQqetiwzzmRNTM5OWuXarGQ,1
UCAlzM_N6xBlMYmM8EBzX86Q,UCsUCN0Yq_UyTvKjOJLmNrnQ,1
UCAlzM_N6xBlMYmM8EBzX86Q,UCfM3nrxtTQMY5jFx1v1J4Gg,1
UCAlzM_N6xBlMYmM8EBzX86Q,UCFhxtoeARHPnXXPcDrOU3Xg,1
UCAlzM_N6xBlMYmM8EBzX86Q,UCNBnKqWf4d-rS4HwJRQljmQ,1
UCAlzM_N6xBlMYmM8EBzX86Q,UC650pRT-OYzny3GwOH8Cgfw,1
UCAlzM_N6xBlMYmM8EBzX86Q,UCxff05WuyvwELNITi7bj7UA,1
UCAlzM_N6xBlMYmM8EBzX86Q,UC-pNP6RMFuLg_-x7Ah_0kEA,1
UCAlzM_N6xBlMYmM8EBzX86Q,UCGzXwyCzMzGmjmCbH3Hg01Q,1
UCAlzM_N6xBlMYmM8EBzX86Q,UCQtICyzWmhC5woCtbNgaSmg,1
UCAlzM_N6xBlMYmM8EBzX86Q,UCTD6q1nyIe3Y7HhqjaMj72w,1
UCAlzM_N6xBlMYmM8EBzX86Q,UCpsKOkt5iWTbenzeuq7dsmQ,1
UCAlzM_N6xBlMYmM8EBzX86Q,UCi1b_TRQfgO1Z9O2gNGGWNA,1
UCAlzM_N6xBlMYmM8EBzX86Q,UCZLG9qH0tUjNhEGFIUt0CYw,1
UCAlzM_N6xBlMYmM8EBzX86Q,UCzoL2l5H5eVlorWGH8AZfAg,1
UCAlzM_N6xBlMYmM8EBzX86Q,UCKDR0f2fu2UzWL8mBv5-BHw,1
UCAlzM_N6xBlMYmM8EBzX86Q,UCjmPuazZJzscrwvk0QR9RVw,1
UCAlzM_N6xBlMYmM8EBzX86Q,UCwha8rxULYMVtNwZWeSkE1A,1
UCAlzM_N6xBlMYmM8EBzX86Q,UCQ_-LPP8JAbfkc-b1Q6NvWw,1
UCAlzM_N6xBlMYmM8EBzX86Q,UCHhHUjaMAZ8SiXdCUCj9DkQ,1
UCAlzM_N6xBlMYmM8EBzX86Q,UCRelkU8JiZBytTzebJxaa-w,1
UCAlzM_N6xBlMYmM8EBzX86Q,UC3MYTqpQqlWBuCB7Th0e0PA,1
UCAlzM_N6xBlMYmM8EBzX86Q,UCZ51R_9Q9C0c8I3pAWhtmjQ,1
UCAlzM_N6xBlMYmM8EBzX86Q,UCujPF2nBgsTD62nWE3lcpIg,1
UCAlzM_N6xBlMYmM8EBzX86Q,UC9xr9QvIcDvoZNUX5f-jaZw,1
UCAlzM_N6xBlMYmM8EBzX86Q,UCYN4wSQ1Sx4_LurxLlW7MPg,1
UCAlzM_N6xBlMYmM8EBzX86Q,UCOh6DaZC_x9HASnlRylEMfw,1
UCAlzM_N6xBlMYmM8EBzX86Q,UCTP3O0rMnc8z8v8jaDQwL0w,1
UCAlzM_N6xBlMYmM8EBzX86Q,UChep9kVb5gQmpodEEl10Xlg,1
UCAlzM_N6xBlMYmM8EBzX86Q,UCFoIAE8k82D6AV-8gjjKaNg,1
UC14qlobYKqD-DO0j6b75lcA,UCtsxPYw8VUsH_FfnKg-0lmw,1
UC14qlobYKqD-DO0j6b75lcA,UCgGqw4aqMdMVSGkKiMgrJRQ,1
UC14qlobYKqD-DO0j6b75lcA,UCvDwJBBY1mHK70aTEYl6rsA,1
UC14qlobYKqD-DO0j6b75lcA,UCzZ6dDCEsLMXbc5pCFXIprw,1
UC14qlobYKqD-DO0j6b75lcA,UCyJhqmMbsvjpoarBBStA2kg,1
UC14qlobYKqD-DO0j6b75lcA,UCV3fr-YOixFKCZBbJP1-X4w,1
UC14qlobYKqD-DO0j6b75lcA,UCWvntqPQx99k_Z_skWKqNSA,1
UC14qlobYKqD-DO0j6b75lcA,UC63tFvbQ_hJhGDi2nbjssjw,1
UC14qlobYKqD-DO0j6b75lcA,UCp29O_C7cchZV8IxV7Crdag,1
UC14qlobYKqD-DO0j6b75lcA,UC-HeUTT6_g-VoiWds2a4H-w,1
UC14qlobYKqD-DO0j6b75lcA,UCaT4saRcyqCLE657Rq2hhZQ,1
UC14qlobYKqD-DO0j6b75lcA,UCjZgFEowMBrsjodqfovzdKw,1
UC14qlobYKqD-DO0j6b75lcA,UCFybmWapGvBKcQod7cPPH9w,1
UC14qlobYKqD-DO0j6b75lcA,UC0HvfEWozTHbwl_iEmJNvVA,1
UC14qlobYKqD-DO0j6b75lcA,UChyps3dqY-VY1_wLeq-2lhw,1
UC14qlobYKqD-DO0j6b75lcA,UC3YpzAr7pcdKC7BVFEpYzog,1
UC14qlobYKqD-DO0j6b75lcA,UCwxoKK59nGCeBqB2sXfDBIw,1
UCFhxtoeARHPnXXPcDrOU3Xg,UC2weSE8rpqkGMOp6StYtVfg,1
UCFhxtoeARHPnXXPcDrOU3Xg,UCiGRBf2RNF0WRKhRVT7zFoA,1
UCFhxtoeARHPnXXPcDrOU3Xg,UC3E9mAgP7VoAE5mZoAexl5g,1
UCFhxtoeARHPnXXPcDrOU3Xg,UCut6b9S98nv84cVX89PmKzA,1
UCFhxtoeARHPnXXPcDrOU3Xg,UCXXh7yg5KUFIWylTiKVEFKQ,1
UCFhxtoeARHPnXXPcDrOU3Xg,UCz3gu01bmjNv0DpRq-K3XYg,1
UCFhxtoeARHPnXXPcDrOU3Xg,UCp4iw5_5SmV9VGTFSNVGOmQ,1
UCFhxtoeARHPnXXPcDrOU3Xg,UCWIZUtKJ636y-4TYrNvok0g,1
UCFhxtoeARHPnXXPcDrOU3Xg,UCgvw7xIdGFupzpt1Y_BFkEA,1
UCFhxtoeARHPnXXPcDrOU3Xg,UCtNfIBnc5S5DbbQj_yxgJTw,1
UCFhxtoeARHPnXXPcDrOU3Xg,UCmjppp6ujz3SAnULvP3sZMw,1
UCFhxtoeARHPnXXPcDrOU3Xg,UCYwpX26TrCxq8TvbKGRYLXA,1
UCFhxtoeARHPnXXPcDrOU3Xg,UChZknRmJkeGeQk0-mQuhDOg,1
UCFhxtoeARHPnXXPcDrOU3Xg,UCL1MT278vSaQ83ZDkVWn1gw,1
UCFhxtoeARHPnXXPcDrOU3Xg,UCh5ESQvtzyHDhCA7XyekCFA,1
UCFhxtoeARHPnXXPcDrOU3Xg,UCzSfZlOVxBSs5ObD25ywxDQ,1
UCFhxtoeARHPnXXPcDrOU3Xg,UCEgEQmRbtL5fwr9_DqAC--g,1
UCFhxtoeARHPnXXPcDrOU3Xg,UCQgYjVngJRfPHDLGB5X6ZjA,1
UCFhxtoeARHPnXXPcDrOU3Xg,UCAmtbUiIrUIhikru0ZoTFig,1
UCFhxtoeARHPnXXPcDrOU3Xg,UC4cXueR2bKGFJV0Fk76gwmA,1
UCFhxtoeARHPnXXPcDrOU3Xg,UCUIIIPTVDVHAXqhC_5V6lPA,1
UCFhxtoeARHPnXXPcDrOU3Xg,UCDQaQv0hr2SS_PO-CMEwVHg,1
UCFhxtoeARHPnXXPcDrOU3Xg,UCDlr1VadSucIZgZ171pRBjQ,1
UCFhxtoeARHPnXXPcDrOU3Xg,UC7VUuJr9cGh845CmTvf7TlQ,1
UCFhxtoeARHPnXXPcDrOU3Xg,UCA93ym2TXs_Ibyxb4Vcn-6Q,1
UCFhxtoeARHPnXXPcDrOU3Xg,UCXgr7vXlRrsaskPdo097kGA,1
UCFhxtoeARHPnXXPcDrOU3Xg,UCj-LL25XJnjxepPKCc3NGog,1
UCFhxtoeARHPnXXPcDrOU3Xg,UChgkn5Jt5tWKYMoEOuCjz3Q,1
UCFhxtoeARHPnXXPcDrOU3Xg,UC3NMzdMYryaw82kPTnsaljg,1
UCFhxtoeARHPnXXPcDrOU3Xg,UCylqlpsh8ENNM1LqgQ1KbxA,1
UCFhxtoeARHPnXXPcDrOU3Xg,UCCaYwkkbQGcvFoUmothVdQQ,1
UCFhxtoeARHPnXXPcDrOU3Xg,UC9vMq1YF-e7C-VO0SHkbUTA,1
UCFhxtoeARHPnXXPcDrOU3Xg,UCr1emrogPKkKTs_WTtx71xg,1
UCFhxtoeARHPnXXPcDrOU3Xg,UCV0iizTBoOfdAFX_thfI9BA,1
UCFhxtoeARHPnXXPcDrOU3Xg,UCTylKrsqkrBKIqubMu_5N0Q,1
UCFhxtoeARHPnXXPcDrOU3Xg,UCDUffaruH6dyUnUGwsTKpgg,1
UCFhxtoeARHPnXXPcDrOU3Xg,UCN6qbfPSzFtjhqUDZ3Cv3CQ,1
UCFhxtoeARHPnXXPcDrOU3Xg,UCplrIQtaPj6au60_f2-mOYw,1
UCFhxtoeARHPnXXPcDrOU3Xg,UCueV9cTyTDwgQSec1x2dYgA,1
UCFhxtoeARHPnXXPcDrOU3Xg,UCFxE8GbokBrBsPEKM1xrOjQ,1
UCFhxtoeARHPnXXPcDrOU3Xg,UCDIMztpVm7G27qBuiWuT6oQ,1
UCFhxtoeARHPnXXPcDrOU3Xg,UC-jS_kA9w-OmpupXDx156Rg,1
UCFhxtoeARHPnXXPcDrOU3Xg,UCsjs5Hp_r86x1xbK6FAeqaA,1
UCFhxtoeARHPnXXPcDrOU3Xg,UCQqetiwzzmRNTM5OWuXarGQ,1
UCFhxtoeARHPnXXPcDrOU3Xg,UCsUCN0Yq_UyTvKjOJLmNrnQ,1
UCFhxtoeARHPnXXPcDrOU3Xg,UCfM3nrxtTQMY5jFx1v1J4Gg,1
UCFhxtoeARHPnXXPcDrOU3Xg,UCNBnKqWf4d-rS4HwJRQljmQ,1
UCFhxtoeARHPnXXPcDrOU3Xg,UC650pRT-OYzny3GwOH8Cgfw,1
UCFhxtoeARHPnXXPcDrOU3Xg,UCxff05WuyvwELNITi7bj7UA,1
UCFhxtoeARHPnXXPcDrOU3Xg,UC-pNP6RMFuLg_-x7Ah_0kEA,1
UCFhxtoeARHPnXXPcDrOU3Xg,UCGzXwyCzMzGmjmCbH3Hg01Q,1
UCFhxtoeARHPnXXPcDrOU3Xg,UCQtICyzWmhC5woCtbNgaSmg,1
UCFhxtoeARHPnXXPcDrOU3Xg,UCTD6q1nyIe3Y7HhqjaMj72w,1
UCFhxtoeARHPnXXPcDrOU3Xg,UCpsKOkt5iWTbenzeuq7dsmQ,1
UCFhxtoeARHPnXXPcDrOU3Xg,UCi1b_TRQfgO1Z9O2gNGGWNA,1
UCFhxtoeARHPnXXPcDrOU3Xg,UCZLG9qH0tUjNhEGFIUt0CYw,1
UCFhxtoeARHPnXXPcDrOU3Xg,UCzoL2l5H5eVlorWGH8AZfAg,1
UCFhxtoeARHPnXXPcDrOU3Xg,UCKDR0f2fu2UzWL8mBv5-BHw,1
UCFhxtoeARHPnXXPcDrOU3Xg,UCjmPuazZJzscrwvk0QR9RVw,1
UCFhxtoeARHPnXXPcDrOU3Xg,UCwha8rxULYMVtNwZWeSkE1A,1
UCFhxtoeARHPnXXPcDrOU3Xg,UCQ_-LPP8JAbfkc-b1Q6NvWw,1
UCFhxtoeARHPnXXPcDrOU3Xg,UCHhHUjaMAZ8SiXdCUCj9DkQ,1
UCFhxtoeARHPnXXPcDrOU3Xg,UCRelkU8JiZBytTzebJxaa-w,1
UCFhxtoeARHPnXXPcDrOU3Xg,UC3MYTqpQqlWBuCB7Th0e0PA,1
UCFhxtoeARHPnXXPcDrOU3Xg,UCZ51R_9Q9C0c8I3pAWhtmjQ,1
UCFhxtoeARHPnXXPcDrOU3Xg,UCujPF2nBgsTD62nWE3lcpIg,1
UCFhxtoeARHPnXXPcDrOU3Xg,UC9xr9QvIcDvoZNUX5f-jaZw,1
UCFhxtoeARHPnXXPcDrOU3Xg,UCYN4wSQ1Sx4_LurxLlW7MPg,1
UCFhxtoeARHPnXXPcDrOU3Xg,UCOh6DaZC_x9HASnlRylEMfw,1
UCFhxtoeARHPnXXPcDrOU3Xg,UCTP3O0rMnc8z8v8jaDQwL0w,1
UCFhxtoeARHPnXXPcDrOU3Xg,UChep9kVb5gQmpodEEl10Xlg,1
UCFhxtoeARHPnXXPcDrOU3Xg,UCFoIAE8k82D6AV-8gjjKaNg,1
UC1Y7x3h0c95Z8kUhi-Tzaeg,UCNIeXbV_mEwpa412h1aqUWw,1
UC1Y7x3h0c95Z8kUhi-Tzaeg,UCzZ6dDCEsLMXbc5pCFXIprw,1
UC1Y7x3h0c95Z8kUhi-Tzaeg,UCVQf0tzL7xRzFJsABVVULpg,1
UC1Y7x3h0c95Z8kUhi-Tzaeg,UCPZueDLrCS4BmTBRMA4q0fA,1
UC1Y7x3h0c95Z8kUhi-Tzaeg,UCGX_UbAQOXGZknv5iqklwTA,1
UC1Y7x3h0c95Z8kUhi-Tzaeg,UCf5lnNZF7Qrtli9v4N_23WQ,1
UC1Y7x3h0c95Z8kUhi-Tzaeg,UCgQJgI9vu1FI2dnC9mrFthw,1
UC1Y7x3h0c95Z8kUhi-Tzaeg,UC8xlJWNHz1V_W6q3fbuQH8g,1
UCiC-Jn7wdgyQV4_Urk0DkWQ,UCDrmf9y9nLgFY5wnA2hTuGA,1
UCiC-Jn7wdgyQV4_Urk0DkWQ,UCQqlPPUGqAfWjd-FSh_qn7Q,1
UCiC-Jn7wdgyQV4_Urk0DkWQ,UCZeIIQrGAedW8tCbKWmGY-A,1
UCiC-Jn7wdgyQV4_Urk0DkWQ,UClhMWQ7XKWywYvbRnuf8QsA,1
UCiC-Jn7wdgyQV4_Urk0DkWQ,UC816IGbFCZinfYS1LRDaaHg,1
UCiC-Jn7wdgyQV4_Urk0DkWQ,UCuXmOjxC-htcprLgeVXz6Tg,1
UCiC-Jn7wdgyQV4_Urk0DkWQ,UC5hvEnRUzI4Kfvwnyi4QxqQ,1
UCiC-Jn7wdgyQV4_Urk0DkWQ,UCgJNFj5dnxXpcMvmuhZDPxA,1
UCiC-Jn7wdgyQV4_Urk0DkWQ,UCylqlpsh8ENNM1LqgQ1KbxA,1
UCiC-Jn7wdgyQV4_Urk0DkWQ,UC-fiZBS5Gp1eCJd9ucgWnCg,1
UCiC-Jn7wdgyQV4_Urk0DkWQ,UCe8JZoYkX5oKUZyivHYdXhw,1
UCiC-Jn7wdgyQV4_Urk0DkWQ,UCpe5jW3MIqkgTJ-PgkzvM6Q,1
UCiC-Jn7wdgyQV4_Urk0DkWQ,UCdFlugHJJa4l3YqWuNRmvXw,1
UCiC-Jn7wdgyQV4_Urk0DkWQ,UCpsKOkt5iWTbenzeuq7dsmQ,1
UCiC-Jn7wdgyQV4_Urk0DkWQ,UCu8_3-Wg-YzNyvHYQDEscfw,1
UCiC-Jn7wdgyQV4_Urk0DkWQ,UC_LYoGs5C3mbZKZuKuqYCvw,1
UCiC-Jn7wdgyQV4_Urk0DkWQ,UCsGoJEvb-cFPZ2rWoJcXzEQ,1
UCiC-Jn7wdgyQV4_Urk0DkWQ,UCgQw_Sbq3ugruDUKsq1e0-A,1
UCiC-Jn7wdgyQV4_Urk0DkWQ,UCV0lM03g5fg5pbPj97-sAtA,1
UCiC-Jn7wdgyQV4_Urk0DkWQ,UC6Uj1FT5JjDSF8vudvDxPAA,1
UCiC-Jn7wdgyQV4_Urk0DkWQ,UCRAquv8el-tQ30bN7MlmySQ,1
UCiC-Jn7wdgyQV4_Urk0DkWQ,UCRvPToDkkumha7WJAfCDk1A,1
UCiC-Jn7wdgyQV4_Urk0DkWQ,UC1DpqK6vaPEkBOMNvypsKYg,1
UCiC-Jn7wdgyQV4_Urk0DkWQ,UCW80DaMjQlEUibC98Cot-Dg,1
UCiC-Jn7wdgyQV4_Urk0DkWQ,UCqCrvuoJpC-aVb0f4logQRQ,1
UCiC-Jn7wdgyQV4_Urk0DkWQ,UCNpt5CQlTzNjlAKY6CJtClQ,1
UCiC-Jn7wdgyQV4_Urk0DkWQ,UCGGHbtfbbe0o68etrOf0qxw,1
UCiC-Jn7wdgyQV4_Urk0DkWQ,UCQyOePccUP-fIJYzchAgZYw,1
UCiC-Jn7wdgyQV4_Urk0DkWQ,UClqA491Xa5fQcXcJJa-vTWw,1
UCiC-Jn7wdgyQV4_Urk0DkWQ,UCWoAVGVqCn4xtINCMOTM4jg,1
UClhMWQ7XKWywYvbRnuf8QsA,UCDrmf9y9nLgFY5wnA2hTuGA,1
UClhMWQ7XKWywYvbRnuf8QsA,UCQqlPPUGqAfWjd-FSh_qn7Q,1
UClhMWQ7XKWywYvbRnuf8QsA,UCZeIIQrGAedW8tCbKWmGY-A,1
UClhMWQ7XKWywYvbRnuf8QsA,UC816IGbFCZinfYS1LRDaaHg,1
UClhMWQ7XKWywYvbRnuf8QsA,UCuXmOjxC-htcprLgeVXz6Tg,1
UClhMWQ7XKWywYvbRnuf8QsA,UC5hvEnRUzI4Kfvwnyi4QxqQ,1
UClhMWQ7XKWywYvbRnuf8QsA,UCgJNFj5dnxXpcMvmuhZDPxA,1
UClhMWQ7XKWywYvbRnuf8QsA,UCylqlpsh8ENNM1LqgQ1KbxA,1
UClhMWQ7XKWywYvbRnuf8QsA,UC-fiZBS5Gp1eCJd9ucgWnCg,1
UClhMWQ7XKWywYvbRnuf8QsA,UCe8JZoYkX5oKUZyivHYdXhw,1
UClhMWQ7XKWywYvbRnuf8QsA,UCpe5jW3MIqkgTJ-PgkzvM6Q,1
UClhMWQ7XKWywYvbRnuf8QsA,UCdFlugHJJa4l3YqWuNRmvXw,1
UClhMWQ7XKWywYvbRnuf8QsA,UCpsKOkt5iWTbenzeuq7dsmQ,1
UClhMWQ7XKWywYvbRnuf8QsA,UCu8_3-Wg-YzNyvHYQDEscfw,1
UClhMWQ7XKWywYvbRnuf8QsA,UC_LYoGs5C3mbZKZuKuqYCvw,1
UClhMWQ7XKWywYvbRnuf8QsA,UCsGoJEvb-cFPZ2rWoJcXzEQ,1
UClhMWQ7XKWywYvbRnuf8QsA,UCgQw_Sbq3ugruDUKsq1e0-A,1
UClhMWQ7XKWywYvbRnuf8QsA,UCV0lM03g5fg5pbPj97-sAtA,1
UClhMWQ7XKWywYvbRnuf8QsA,UC6Uj1FT5JjDSF8vudvDxPAA,1
UClhMWQ7XKWywYvbRnuf8QsA,UCRAquv8el-tQ30bN7MlmySQ,1
UClhMWQ7XKWywYvbRnuf8QsA,UCRvPToDkkumha7WJAfCDk1A,1
UClhMWQ7XKWywYvbRnuf8QsA,UC1DpqK6vaPEkBOMNvypsKYg,1
UClhMWQ7XKWywYvbRnuf8QsA,UCW80DaMjQlEUibC98Cot-Dg,1
UClhMWQ7XKWywYvbRnuf8QsA,UCqCrvuoJpC-aVb0f4logQRQ,1
UClhMWQ7XKWywYvbRnuf8QsA,UCNpt5CQlTzNjlAKY6CJtClQ,1
UClhMWQ7XKWywYvbRnuf8QsA,UCGGHbtfbbe0o68etrOf0qxw,1
UClhMWQ7XKWywYvbRnuf8QsA,UCQyOePccUP-fIJYzchAgZYw,1
UClhMWQ7XKWywYvbRnuf8QsA,UClqA491Xa5fQcXcJJa-vTWw,1
UClhMWQ7XKWywYvbRnuf8QsA,UCWoAVGVqCn4xtINCMOTM4jg,1
UC816IGbFCZinfYS1LRDaaHg,UCDrmf9y9nLgFY5wnA2hTuGA,1
UC816IGbFCZinfYS1LRDaaHg,UCQqlPPUGqAfWjd-FSh_qn7Q,1
UC816IGbFCZinfYS1LRDaaHg,UCZeIIQrGAedW8tCbKWmGY-A,1
UC816IGbFCZinfYS1LRDaaHg,UCuXmOjxC-htcprLgeVXz6Tg,1
UC816IGbFCZinfYS1LRDaaHg,UC5hvEnRUzI4Kfvwnyi4QxqQ,1
UC816IGbFCZinfYS1LRDaaHg,UCgJNFj5dnxXpcMvmuhZDPxA,1
UC816IGbFCZinfYS1LRDaaHg,UCylqlpsh8ENNM1LqgQ1KbxA,1
UC816IGbFCZinfYS1LRDaaHg,UC-fiZBS5Gp1eCJd9ucgWnCg,1
UC816IGbFCZinfYS1LRDaaHg,UCe8JZoYkX5oKUZyivHYdXhw,1
UC816IGbFCZinfYS1LRDaaHg,UCpe5jW3MIqkgTJ-PgkzvM6Q,1
UC816IGbFCZinfYS1LRDaaHg,UCdFlugHJJa4l3YqWuNRmvXw,1
UC816IGbFCZinfYS1LRDaaHg,UCpsKOkt5iWTbenzeuq7dsmQ,1
UC816IGbFCZinfYS1LRDaaHg,UCu8_3-Wg-YzNyvHYQDEscfw,1
UC816IGbFCZinfYS1LRDaaHg,UC_LYoGs5C3mbZKZuKuqYCvw,1
UC816IGbFCZinfYS1LRDaaHg,UCsGoJEvb-cFPZ2rWoJcXzEQ,1
UC816IGbFCZinfYS1LRDaaHg,UCgQw_Sbq3ugruDUKsq1e0-A,1
UC816IGbFCZinfYS1LRDaaHg,UCV0lM03g5fg5pbPj97-sAtA,1
UC816IGbFCZinfYS1LRDaaHg,UC6Uj1FT5JjDSF8vudvDxPAA,1
UC816IGbFCZinfYS1LRDaaHg,UCRAquv8el-tQ30bN7MlmySQ,1
UC816IGbFCZinfYS1LRDaaHg,UCRvPToDkkumha7WJAfCDk1A,1
UC816IGbFCZinfYS1LRDaaHg,UC1DpqK6vaPEkBOMNvypsKYg,1
UC816IGbFCZinfYS1LRDaaHg,UCW80DaMjQlEUibC98Cot-Dg,1
UC816IGbFCZinfYS1LRDaaHg,UCqCrvuoJpC-aVb0f4logQRQ,1
UC816IGbFCZinfYS1LRDaaHg,UCNpt5CQlTzNjlAKY6CJtClQ,1
UC816IGbFCZinfYS1LRDaaHg,UCGGHbtfbbe0o68etrOf0qxw,1
UC816IGbFCZinfYS1LRDaaHg,UCQyOePccUP-fIJYzchAgZYw,1
UC816IGbFCZinfYS1LRDaaHg,UClqA491Xa5fQcXcJJa-vTWw,1
UC816IGbFCZinfYS1LRDaaHg,UCWoAVGVqCn4xtINCMOTM4jg,1
UCuXmOjxC-htcprLgeVXz6Tg,UCDrmf9y9nLgFY5wnA2hTuGA,1
UCuXmOjxC-htcprLgeVXz6Tg,UCQqlPPUGqAfWjd-FSh_qn7Q,1
UCuXmOjxC-htcprLgeVXz6Tg,UCZeIIQrGAedW8tCbKWmGY-A,1
UCuXmOjxC-htcprLgeVXz6Tg,UC5hvEnRUzI4Kfvwnyi4QxqQ,1
UCuXmOjxC-htcprLgeVXz6Tg,UCgJNFj5dnxXpcMvmuhZDPxA,1
UCuXmOjxC-htcprLgeVXz6Tg,UCylqlpsh8ENNM1LqgQ1KbxA,1
UCuXmOjxC-htcprLgeVXz6Tg,UC-fiZBS5Gp1eCJd9ucgWnCg,1
UCuXmOjxC-htcprLgeVXz6Tg,UCe8JZoYkX5oKUZyivHYdXhw,1
UCuXmOjxC-htcprLgeVXz6Tg,UCpe5jW3MIqkgTJ-PgkzvM6Q,1
UCuXmOjxC-htcprLgeVXz6Tg,UCdFlugHJJa4l3YqWuNRmvXw,1
UCuXmOjxC-htcprLgeVXz6Tg,UCpsKOkt5iWTbenzeuq7dsmQ,1
UCuXmOjxC-htcprLgeVXz6Tg,UCu8_3-Wg-YzNyvHYQDEscfw,1
UCuXmOjxC-htcprLgeVXz6Tg,UC_LYoGs5C3mbZKZuKuqYCvw,1
UCuXmOjxC-htcprLgeVXz6Tg,UCsGoJEvb-cFPZ2rWoJcXzEQ,1
UCuXmOjxC-htcprLgeVXz6Tg,UCgQw_Sbq3ugruDUKsq1e0-A,1
UCuXmOjxC-htcprLgeVXz6Tg,UCV0lM03g5fg5pbPj97-sAtA,1
UCuXmOjxC-htcprLgeVXz6Tg,UC6Uj1FT5JjDSF8vudvDxPAA,1
UCuXmOjxC-htcprLgeVXz6Tg,UCRAquv8el-tQ30bN7MlmySQ,1
UCuXmOjxC-htcprLgeVXz6Tg,UCRvPToDkkumha7WJAfCDk1A,1
UCuXmOjxC-htcprLgeVXz6Tg,UC1DpqK6vaPEkBOMNvypsKYg,1
UCuXmOjxC-htcprLgeVXz6Tg,UCW80DaMjQlEUibC98Cot-Dg,1
UCuXmOjxC-htcprLgeVXz6Tg,UCqCrvuoJpC-aVb0f4logQRQ,1
UCuXmOjxC-htcprLgeVXz6Tg,UCNpt5CQlTzNjlAKY6CJtClQ,1
UCuXmOjxC-htcprLgeVXz6Tg,UCGGHbtfbbe0o68etrOf0qxw,1
UCuXmOjxC-htcprLgeVXz6Tg,UCQyOePccUP-fIJYzchAgZYw,1
UCuXmOjxC-htcprLgeVXz6Tg,UClqA491Xa5fQcXcJJa-vTWw,1
UCuXmOjxC-htcprLgeVXz6Tg,UCWoAVGVqCn4xtINCMOTM4jg,1
UCQtICyzWmhC5woCtbNgaSmg,UC2weSE8rpqkGMOp6StYtVfg,1
UCQtICyzWmhC5woCtbNgaSmg,UCiGRBf2RNF0WRKhRVT7zFoA,1
UCQtICyzWmhC5woCtbNgaSmg,UC3E9mAgP7VoAE5mZoAexl5g,1
UCQtICyzWmhC5woCtbNgaSmg,UCut6b9S98nv84cVX89PmKzA,1
UCQtICyzWmhC5woCtbNgaSmg,UCXXh7yg5KUFIWylTiKVEFKQ,1
UCQtICyzWmhC5woCtbNgaSmg,UCz3gu01bmjNv0DpRq-K3XYg,1
UCQtICyzWmhC5woCtbNgaSmg,UCp4iw5_5SmV9VGTFSNVGOmQ,1
UCQtICyzWmhC5woCtbNgaSmg,UCWIZUtKJ636y-4TYrNvok0g,1
UCQtICyzWmhC5woCtbNgaSmg,UCgvw7xIdGFupzpt1Y_BFkEA,1
UCQtICyzWmhC5woCtbNgaSmg,UCtNfIBnc5S5DbbQj_yxgJTw,1
UCQtICyzWmhC5woCtbNgaSmg,UCmjppp6ujz3SAnULvP3sZMw,1
UCQtICyzWmhC5woCtbNgaSmg,UCYwpX26TrCxq8TvbKGRYLXA,1
UCQtICyzWmhC5woCtbNgaSmg,UChZknRmJkeGeQk0-mQuhDOg,1
UCQtICyzWmhC5woCtbNgaSmg,UCL1MT278vSaQ83ZDkVWn1gw,1
UCQtICyzWmhC5woCtbNgaSmg,UCh5ESQvtzyHDhCA7XyekCFA,1
UCQtICyzWmhC5woCtbNgaSmg,UCzSfZlOVxBSs5ObD25ywxDQ,1
UCQtICyzWmhC5woCtbNgaSmg,UCEgEQmRbtL5fwr9_DqAC--g,1
UCQtICyzWmhC5woCtbNgaSmg,UCQgYjVngJRfPHDLGB5X6ZjA,1
UCQtICyzWmhC5woCtbNgaSmg,UCAmtbUiIrUIhikru0ZoTFig,1
UCQtICyzWmhC5woCtbNgaSmg,UC4cXueR2bKGFJV0Fk76gwmA,1
UCQtICyzWmhC5woCtbNgaSmg,UCUIIIPTVDVHAXqhC_5V6lPA,1
UCQtICyzWmhC5woCtbNgaSmg,UCDQaQv0hr2SS_PO-CMEwVHg,1
UCQtICyzWmhC5woCtbNgaSmg,UCDlr1VadSucIZgZ171pRBjQ,1
UCQtICyzWmhC5woCtbNgaSmg,UC7VUuJr9cGh845CmTvf7TlQ,1
UCQtICyzWmhC5woCtbNgaSmg,UCA93ym2TXs_Ibyxb4Vcn-6Q,1
UCQtICyzWmhC5woCtbNgaSmg,UCXgr7vXlRrsaskPdo097kGA,1
UCQtICyzWmhC5woCtbNgaSmg,UCj-LL25XJnjxepPKCc3NGog,1
UCQtICyzWmhC5woCtbNgaSmg,UChgkn5Jt5tWKYMoEOuCjz3Q,1
UCQtICyzWmhC5woCtbNgaSmg,UC3NMzdMYryaw82kPTnsaljg,1
UCQtICyzWmhC5woCtbNgaSmg,UCylqlpsh8ENNM1LqgQ1KbxA,1
UCQtICyzWmhC5woCtbNgaSmg,UCCaYwkkbQGcvFoUmothVdQQ,1
UCQtICyzWmhC5woCtbNgaSmg,UC9vMq1YF-e7C-VO0SHkbUTA,1
UCQtICyzWmhC5woCtbNgaSmg,UCr1emrogPKkKTs_WTtx71xg,1
UCQtICyzWmhC5woCtbNgaSmg,UCV0iizTBoOfdAFX_thfI9BA,1
UCQtICyzWmhC5woCtbNgaSmg,UCTylKrsqkrBKIqubMu_5N0Q,1
UCQtICyzWmhC5woCtbNgaSmg,UCDUffaruH6dyUnUGwsTKpgg,1
UCQtICyzWmhC5woCtbNgaSmg,UCN6qbfPSzFtjhqUDZ3Cv3CQ,1
UCQtICyzWmhC5woCtbNgaSmg,UCplrIQtaPj6au60_f2-mOYw,1
UCQtICyzWmhC5woCtbNgaSmg,UCueV9cTyTDwgQSec1x2dYgA,1
UCQtICyzWmhC5woCtbNgaSmg,UCFxE8GbokBrBsPEKM1xrOjQ,1
UCQtICyzWmhC5woCtbNgaSmg,UCDIMztpVm7G27qBuiWuT6oQ,1
UCQtICyzWmhC5woCtbNgaSmg,UC-jS_kA9w-OmpupXDx156Rg,1
UCQtICyzWmhC5woCtbNgaSmg,UCsjs5Hp_r86x1xbK6FAeqaA,1
UCQtICyzWmhC5woCtbNgaSmg,UCQqetiwzzmRNTM5OWuXarGQ,1
UCQtICyzWmhC5woCtbNgaSmg,UCsUCN0Yq_UyTvKjOJLmNrnQ,1
UCQtICyzWmhC5woCtbNgaSmg,UCfM3nrxtTQMY5jFx1v1J4Gg,1
UCQtICyzWmhC5woCtbNgaSmg,UCNBnKqWf4d-rS4HwJRQljmQ,1
UCQtICyzWmhC5woCtbNgaSmg,UC650pRT-OYzny3GwOH8Cgfw,1
UCQtICyzWmhC5woCtbNgaSmg,UCxff05WuyvwELNITi7bj7UA,1
UCQtICyzWmhC5woCtbNgaSmg,UC-pNP6RMFuLg_-x7Ah_0kEA,1
UCQtICyzWmhC5woCtbNgaSmg,UCGzXwyCzMzGmjmCbH3Hg01Q,1
UCQtICyzWmhC5woCtbNgaSmg,UCTD6q1nyIe3Y7HhqjaMj72w,1
UCQtICyzWmhC5woCtbNgaSmg,UCpsKOkt5iWTbenzeuq7dsmQ,1
UCQtICyzWmhC5woCtbNgaSmg,UCi1b_TRQfgO1Z9O2gNGGWNA,1
UCQtICyzWmhC5woCtbNgaSmg,UCZLG9qH0tUjNhEGFIUt0CYw,1
UCQtICyzWmhC5woCtbNgaSmg,UCzoL2l5H5eVlorWGH8AZfAg,1
UCQtICyzWmhC5woCtbNgaSmg,UCKDR0f2fu2UzWL8mBv5-BHw,1
UCQtICyzWmhC5woCtbNgaSmg,UCjmPuazZJzscrwvk0QR9RVw,1
UCQtICyzWmhC5woCtbNgaSmg,UCwha8rxULYMVtNwZWeSkE1A,1
UCQtICyzWmhC5woCtbNgaSmg,UCQ_-LPP8JAbfkc-b1Q6NvWw,1
UCQtICyzWmhC5woCtbNgaSmg,UCHhHUjaMAZ8SiXdCUCj9DkQ,1
UCQtICyzWmhC5woCtbNgaSmg,UCRelkU8JiZBytTzebJxaa-w,1
UCQtICyzWmhC5woCtbNgaSmg,UC3MYTqpQqlWBuCB7Th0e0PA,1
UCQtICyzWmhC5woCtbNgaSmg,UCZ51R_9Q9C0c8I3pAWhtmjQ,1
UCQtICyzWmhC5woCtbNgaSmg,UCujPF2nBgsTD62nWE3lcpIg,1
UCQtICyzWmhC5woCtbNgaSmg,UC9xr9QvIcDvoZNUX5f-jaZw,1
UCQtICyzWmhC5woCtbNgaSmg,UCYN4wSQ1Sx4_LurxLlW7MPg,1
UCQtICyzWmhC5woCtbNgaSmg,UCOh6DaZC_x9HASnlRylEMfw,1
UCQtICyzWmhC5woCtbNgaSmg,UCTP3O0rMnc8z8v8jaDQwL0w,1
UCQtICyzWmhC5woCtbNgaSmg,UChep9kVb5gQmpodEEl10Xlg,1
UCQtICyzWmhC5woCtbNgaSmg,UCFoIAE8k82D6AV-8gjjKaNg,1
UCpsKOkt5iWTbenzeuq7dsmQ,UCDrmf9y9nLgFY5wnA2hTuGA,1
UCpsKOkt5iWTbenzeuq7dsmQ,UCZeIIQrGAedW8tCbKWmGY-A,1
UCpsKOkt5iWTbenzeuq7dsmQ,UC2weSE8rpqkGMOp6StYtVfg,1
UCpsKOkt5iWTbenzeuq7dsmQ,UCiGRBf2RNF0WRKhRVT7zFoA,1
UCpsKOkt5iWTbenzeuq7dsmQ,UCgJNFj5dnxXpcMvmuhZDPxA,1
UCpsKOkt5iWTbenzeuq7dsmQ,UC3E9mAgP7VoAE5mZoAexl5g,1
UCpsKOkt5iWTbenzeuq7dsmQ,UCu8_3-Wg-YzNyvHYQDEscfw,1
UCpsKOkt5iWTbenzeuq7dsmQ,UCut6b9S98nv84cVX89PmKzA,1
UCpsKOkt5iWTbenzeuq7dsmQ,UCXXh7yg5KUFIWylTiKVEFKQ,1
UCpsKOkt5iWTbenzeuq7dsmQ,UCsGoJEvb-cFPZ2rWoJcXzEQ,1
UCpsKOkt5iWTbenzeuq7dsmQ,UCz3gu01bmjNv0DpRq-K3XYg,1
UCpsKOkt5iWTbenzeuq7dsmQ,UCp4iw5_5SmV9VGTFSNVGOmQ,1
UCpsKOkt5iWTbenzeuq7dsmQ,UCWIZUtKJ636y-4TYrNvok0g,1
UCpsKOkt5iWTbenzeuq7dsmQ,UCgvw7xIdGFupzpt1Y_BFkEA,1
UCpsKOkt5iWTbenzeuq7dsmQ,UCtNfIBnc5S5DbbQj_yxgJTw,1
UCpsKOkt5iWTbenzeuq7dsmQ,UCW80DaMjQlEUibC98Cot-Dg,1
UCpsKOkt5iWTbenzeuq7dsmQ,UCmjppp6ujz3SAnULvP3sZMw,1
UCpsKOkt5iWTbenzeuq7dsmQ,UCQyOePccUP-fIJYzchAgZYw,1
UCpsKOkt5iWTbenzeuq7dsmQ,UCYwpX26TrCxq8TvbKGRYLXA,1
UCpsKOkt5iWTbenzeuq7dsmQ,UClqA491Xa5fQcXcJJa-vTWw,1
UCpsKOkt5iWTbenzeuq7dsmQ,UChZknRmJkeGeQk0-mQuhDOg,1
UCpsKOkt5iWTbenzeuq7dsmQ,UCL1MT278vSaQ83ZDkVWn1gw,1
UCpsKOkt5iWTbenzeuq7dsmQ,UCh5ESQvtzyHDhCA7XyekCFA,1
UCpsKOkt5iWTbenzeuq7dsmQ,UCzSfZlOVxBSs5ObD25ywxDQ,1
UCpsKOkt5iWTbenzeuq7dsmQ,UC-fiZBS5Gp1eCJd9ucgWnCg,1
UCpsKOkt5iWTbenzeuq7dsmQ,UCdFlugHJJa4l3YqWuNRmvXw,1
UCpsKOkt5iWTbenzeuq7dsmQ,UC_6KbBY1bsYXz9fwFS0eQRg,1
UCpsKOkt5iWTbenzeuq7dsmQ,UCEgEQmRbtL5fwr9_DqAC--g,1
UCpsKOkt5iWTbenzeuq7dsmQ,UCgQw_Sbq3ugruDUKsq1e0-A,1
UCpsKOkt5iWTbenzeuq7dsmQ,UCQgYjVngJRfPHDLGB5X6ZjA,1
UCpsKOkt5iWTbenzeuq7dsmQ,UCAmtbUiIrUIhikru0ZoTFig,1
UCpsKOkt5iWTbenzeuq7dsmQ,UC1DpqK6vaPEkBOMNvypsKYg,1
UCpsKOkt5iWTbenzeuq7dsmQ,UC4cXueR2bKGFJV0Fk76gwmA,1
UCpsKOkt5iWTbenzeuq7dsmQ,UCqCrvuoJpC-aVb0f4logQRQ,1
UCpsKOkt5iWTbenzeuq7dsmQ,UCUIIIPTVDVHAXqhC_5V6lPA,1
UCpsKOkt5iWTbenzeuq7dsmQ,UCDQaQv0hr2SS_PO-CMEwVHg,1
UCpsKOkt5iWTbenzeuq7dsmQ,UCDlr1VadSucIZgZ171pRBjQ,1
UCpsKOkt5iWTbenzeuq7dsmQ,UC7VUuJr9cGh845CmTvf7TlQ,1
UCpsKOkt5iWTbenzeuq7dsmQ,UCA93ym2TXs_Ibyxb4Vcn-6Q,1
UCpsKOkt5iWTbenzeuq7dsmQ,UCXgr7vXlRrsaskPdo097kGA,1
UCpsKOkt5iWTbenzeuq7dsmQ,UCj-LL25XJnjxepPKCc3NGog,1
UCpsKOkt5iWTbenzeuq7dsmQ,UCQqlPPUGqAfWjd-FSh_qn7Q,1
UCpsKOkt5iWTbenzeuq7dsmQ,UCvcu1kR8xMYy_I1Ty-2mV2Q,1
UCpsKOkt5iWTbenzeuq7dsmQ,UChgkn5Jt5tWKYMoEOuCjz3Q,1
UCpsKOkt5iWTbenzeuq7dsmQ,UC3NMzdMYryaw82kPTnsaljg,1
UCpsKOkt5iWTbenzeuq7dsmQ,UC5hvEnRUzI4Kfvwnyi4QxqQ,1
UCpsKOkt5iWTbenzeuq7dsmQ,UCylqlpsh8ENNM1LqgQ1KbxA,2
UCpsKOkt5iWTbenzeuq7dsmQ,UCCaYwkkbQGcvFoUmothVdQQ,1
UCpsKOkt5iWTbenzeuq7dsmQ,UCbrtvygfRT6QXqWDNrOf-cA,1
UCpsKOkt5iWTbenzeuq7dsmQ,UCpe5jW3MIqkgTJ-PgkzvM6Q,1
UCpsKOkt5iWTbenzeuq7dsmQ,UC9vMq1YF-e7C-VO0SHkbUTA,1
UCpsKOkt5iWTbenzeuq7dsmQ,UCr1emrogPKkKTs_WTtx71xg,1
UCpsKOkt5iWTbenzeuq7dsmQ,UCV0iizTBoOfdAFX_thfI9BA,1
UCpsKOkt5iWTbenzeuq7dsmQ,UCTylKrsqkrBKIqubMu_5N0Q,1
UCpsKOkt5iWTbenzeuq7dsmQ,UCDUffaruH6dyUnUGwsTKpgg,1
UCpsKOkt5iWTbenzeuq7dsmQ,UCN6qbfPSzFtjhqUDZ3Cv3CQ,1
UCpsKOkt5iWTbenzeuq7dsmQ,UCplrIQtaPj6au60_f2-mOYw,1
UCpsKOkt5iWTbenzeuq7dsmQ,UCueV9cTyTDwgQSec1x2dYgA,1
UCpsKOkt5iWTbenzeuq7dsmQ,UC6Uj1FT5JjDSF8vudvDxPAA,1
UCpsKOkt5iWTbenzeuq7dsmQ,UCFxE8GbokBrBsPEKM1xrOjQ,1
UCpsKOkt5iWTbenzeuq7dsmQ,UCDIMztpVm7G27qBuiWuT6oQ,1
UCpsKOkt5iWTbenzeuq7dsmQ,UC-jS_kA9w-OmpupXDx156Rg,1
UCpsKOkt5iWTbenzeuq7dsmQ,UCsjs5Hp_r86x1xbK6FAeqaA,1
UCpsKOkt5iWTbenzeuq7dsmQ,UCQqetiwzzmRNTM5OWuXarGQ,1
UCpsKOkt5iWTbenzeuq7dsmQ,UCsUCN0Yq_UyTvKjOJLmNrnQ,1
UCpsKOkt5iWTbenzeuq7dsmQ,UCfM3nrxtTQMY5jFx1v1J4Gg,1
UCpsKOkt5iWTbenzeuq7dsmQ,UCNBnKqWf4d-rS4HwJRQljmQ,1
UCpsKOkt5iWTbenzeuq7dsmQ,UCVC2QugcI1G4RvlCiUqd1aQ,1
UCpsKOkt5iWTbenzeuq7dsmQ,UC650pRT-OYzny3GwOH8Cgfw,1
UCpsKOkt5iWTbenzeuq7dsmQ,UCxff05WuyvwELNITi7bj7UA,1
UCpsKOkt5iWTbenzeuq7dsmQ,UCnU8wO1OurAmGstDw6VGjgQ,1
UCpsKOkt5iWTbenzeuq7dsmQ,UCe8JZoYkX5oKUZyivHYdXhw,1
UCpsKOkt5iWTbenzeuq7dsmQ,UC-pNP6RMFuLg_-x7Ah_0kEA,1
UCpsKOkt5iWTbenzeuq7dsmQ,UCGzXwyCzMzGmjmCbH3Hg01Q,1
UCpsKOkt5iWTbenzeuq7dsmQ,UCTD6q1nyIe3Y7HhqjaMj72w,1
UCpsKOkt5iWTbenzeuq7dsmQ,UCi1b_TRQfgO1Z9O2gNGGWNA,1
UCpsKOkt5iWTbenzeuq7dsmQ,UC_LYoGs5C3mbZKZuKuqYCvw,1
UCpsKOkt5iWTbenzeuq7dsmQ,UCZLG9qH0tUjNhEGFIUt0CYw,1
UCpsKOkt5iWTbenzeuq7dsmQ,UCzoL2l5H5eVlorWGH8AZfAg,1
UCpsKOkt5iWTbenzeuq7dsmQ,UCKDR0f2fu2UzWL8mBv5-BHw,1
UCpsKOkt5iWTbenzeuq7dsmQ,UCV0lM03g5fg5pbPj97-sAtA,1
UCpsKOkt5iWTbenzeuq7dsmQ,UCRAquv8el-tQ30bN7MlmySQ,1
UCpsKOkt5iWTbenzeuq7dsmQ,UCjJf-AJKRFFWtiN-CSwkDmA,1
UCpsKOkt5iWTbenzeuq7dsmQ,UCjmPuazZJzscrwvk0QR9RVw,1
UCpsKOkt5iWTbenzeuq7dsmQ,UCwha8rxULYMVtNwZWeSkE1A,1
UCpsKOkt5iWTbenzeuq7dsmQ,UCQ_-LPP8JAbfkc-b1Q6NvWw,1
UCpsKOkt5iWTbenzeuq7dsmQ,UCHhHUjaMAZ8SiXdCUCj9DkQ,1
UCpsKOkt5iWTbenzeuq7dsmQ,UCRelkU8JiZBytTzebJxaa-w,1
UCpsKOkt5iWTbenzeuq7dsmQ,UCRvPToDkkumha7WJAfCDk1A,1
UCpsKOkt5iWTbenzeuq7dsmQ,UC3MYTqpQqlWBuCB7Th0e0PA,1
UCpsKOkt5iWTbenzeuq7dsmQ,UCZ51R_9Q9C0c8I3pAWhtmjQ,1
UCpsKOkt5iWTbenzeuq7dsmQ,UCujPF2nBgsTD62nWE3lcpIg,1
UCpsKOkt5iWTbenzeuq7dsmQ,UC9xr9QvIcDvoZNUX5f-jaZw,1
UCpsKOkt5iWTbenzeuq7dsmQ,UCNpt5CQlTzNjlAKY6CJtClQ,1
UCpsKOkt5iWTbenzeuq7dsmQ,UCYN4wSQ1Sx4_LurxLlW7MPg,1
UCpsKOkt5iWTbenzeuq7dsmQ,UCJp3OrVYcBorC94sKwdch_A,1
UCpsKOkt5iWTbenzeuq7dsmQ,UCOh6DaZC_x9HASnlRylEMfw,1
UCpsKOkt5iWTbenzeuq7dsmQ,UCGGHbtfbbe0o68etrOf0qxw,1
UCpsKOkt5iWTbenzeuq7dsmQ,UCTP3O0rMnc8z8v8jaDQwL0w,1
UCpsKOkt5iWTbenzeuq7dsmQ,UCWoAVGVqCn4xtINCMOTM4jg,1
UCpsKOkt5iWTbenzeuq7dsmQ,UChep9kVb5gQmpodEEl10Xlg,1
UCpsKOkt5iWTbenzeuq7dsmQ,UCFoIAE8k82D6AV-8gjjKaNg,1
UCTD6q1nyIe3Y7HhqjaMj72w,UC2weSE8rpqkGMOp6StYtVfg,1
UCTD6q1nyIe3Y7HhqjaMj72w,UCiGRBf2RNF0WRKhRVT7zFoA,1
UCTD6q1nyIe3Y7HhqjaMj72w,UC3E9mAgP7VoAE5mZoAexl5g,1
UCTD6q1nyIe3Y7HhqjaMj72w,UCut6b9S98nv84cVX89PmKzA,1
UCTD6q1nyIe3Y7HhqjaMj72w,UCXXh7yg5KUFIWylTiKVEFKQ,1
UCTD6q1nyIe3Y7HhqjaMj72w,UCz3gu01bmjNv0DpRq-K3XYg,1
UCTD6q1nyIe3Y7HhqjaMj72w,UCp4iw5_5SmV9VGTFSNVGOmQ,1
UCTD6q1nyIe3Y7HhqjaMj72w,UCWIZUtKJ636y-4TYrNvok0g,1
UCTD6q1nyIe3Y7HhqjaMj72w,UCgvw7xIdGFupzpt1Y_BFkEA,1
UCTD6q1nyIe3Y7HhqjaMj72w,UCtNfIBnc5S5DbbQj_yxgJTw,1
UCTD6q1nyIe3Y7HhqjaMj72w,UCmjppp6ujz3SAnULvP3sZMw,1
UCTD6q1nyIe3Y7HhqjaMj72w,UCYwpX26TrCxq8TvbKGRYLXA,1
UCTD6q1nyIe3Y7HhqjaMj72w,UChZknRmJkeGeQk0-mQuhDOg,1
UCTD6q1nyIe3Y7HhqjaMj72w,UCL1MT278vSaQ83ZDkVWn1gw,1
UCTD6q1nyIe3Y7HhqjaMj72w,UCh5ESQvtzyHDhCA7XyekCFA,1
UCTD6q1nyIe3Y7HhqjaMj72w,UCzSfZlOVxBSs5ObD25ywxDQ,1
UCTD6q1nyIe3Y7HhqjaMj72w,UCEgEQmRbtL5fwr9_DqAC--g,1
UCTD6q1nyIe3Y7HhqjaMj72w,UCQgYjVngJRfPHDLGB5X6ZjA,1
UCTD6q1nyIe3Y7HhqjaMj72w,UCAmtbUiIrUIhikru0ZoTFig,1
UCTD6q1nyIe3Y7HhqjaMj72w,UC4cXueR2bKGFJV0Fk76gwmA,1
UCTD6q1nyIe3Y7HhqjaMj72w,UCUIIIPTVDVHAXqhC_5V6lPA,1
UCTD6q1nyIe3Y7HhqjaMj72w,UCDQaQv0hr2SS_PO-CMEwVHg,1
UCTD6q1nyIe3Y7HhqjaMj72w,UCDlr1VadSucIZgZ171pRBjQ,1
UCTD6q1nyIe3Y7HhqjaMj72w,UC7VUuJr9cGh845CmTvf7TlQ,1
UCTD6q1nyIe3Y7HhqjaMj72w,UCA93ym2TXs_Ibyxb4Vcn-6Q,1
UCTD6q1nyIe3Y7HhqjaMj72w,UCXgr7vXlRrsaskPdo097kGA,1
UCTD6q1nyIe3Y7HhqjaMj72w,UCj-LL25XJnjxepPKCc3NGog,1
UCTD6q1nyIe3Y7HhqjaMj72w,UChgkn5Jt5tWKYMoEOuCjz3Q,1
UCTD6q1nyIe3Y7HhqjaMj72w,UC3NMzdMYryaw82kPTnsaljg,1
UCTD6q1nyIe3Y7HhqjaMj72w,UCylqlpsh8ENNM1LqgQ1KbxA,1
UCTD6q1nyIe3Y7HhqjaMj72w,UCCaYwkkbQGcvFoUmothVdQQ,1
UCTD6q1nyIe3Y7HhqjaMj72w,UC9vMq1YF-e7C-VO0SHkbUTA,1
UCTD6q1nyIe3Y7HhqjaMj72w,UCr1emrogPKkKTs_WTtx71xg,1
UCTD6q1nyIe3Y7HhqjaMj72w,UCV0iizTBoOfdAFX_thfI9BA,1
UCTD6q1nyIe3Y7HhqjaMj72w,UCTylKrsqkrBKIqubMu_5N0Q,1
UCTD6q1nyIe3Y7HhqjaMj72w,UCDUffaruH6dyUnUGwsTKpgg,1
UCTD6q1nyIe3Y7HhqjaMj72w,UCN6qbfPSzFtjhqUDZ3Cv3CQ,1
UCTD6q1nyIe3Y7HhqjaMj72w,UCplrIQtaPj6au60_f2-mOYw,1
UCTD6q1nyIe3Y7HhqjaMj72w,UCueV9cTyTDwgQSec1x2dYgA,1
UCTD6q1nyIe3Y7HhqjaMj72w,UCFxE8GbokBrBsPEKM1xrOjQ,1
UCTD6q1nyIe3Y7HhqjaMj72w,UCDIMztpVm7G27qBuiWuT6oQ,1
UCTD6q1nyIe3Y7HhqjaMj72w,UC-jS_kA9w-OmpupXDx156Rg,1
UCTD6q1nyIe3Y7HhqjaMj72w,UCsjs5Hp_r86x1xbK6FAeqaA,1
UCTD6q1nyIe3Y7HhqjaMj72w,UCQqetiwzzmRNTM5OWuXarGQ,1
UCTD6q1nyIe3Y7HhqjaMj72w,UCsUCN0Yq_UyTvKjOJLmNrnQ,1
UCTD6q1nyIe3Y7HhqjaMj72w,UCfM3nrxtTQMY5jFx1v1J4Gg,1
UCTD6q1nyIe3Y7HhqjaMj72w,UCNBnKqWf4d-rS4HwJRQljmQ,1
UCTD6q1nyIe3Y7HhqjaMj72w,UC650pRT-OYzny3GwOH8Cgfw,1
UCTD6q1nyIe3Y7HhqjaMj72w,UCxff05WuyvwELNITi7bj7UA,1
UCTD6q1nyIe3Y7HhqjaMj72w,UC-pNP6RMFuLg_-x7Ah_0kEA,1
UCTD6q1nyIe3Y7HhqjaMj72w,UCGzXwyCzMzGmjmCbH3Hg01Q,1
UCTD6q1nyIe3Y7HhqjaMj72w,UCi1b_TRQfgO1Z9O2gNGGWNA,1
UCTD6q1nyIe3Y7HhqjaMj72w,UCZLG9qH0tUjNhEGFIUt0CYw,1
UCTD6q1nyIe3Y7HhqjaMj72w,UCzoL2l5H5eVlorWGH8AZfAg,1
UCTD6q1nyIe3Y7HhqjaMj72w,UCKDR0f2fu2UzWL8mBv5-BHw,1
UCTD6q1nyIe3Y7HhqjaMj72w,UCjmPuazZJzscrwvk0QR9RVw,1
UCTD6q1nyIe3Y7HhqjaMj72w,UCwha8rxULYMVtNwZWeSkE1A,1
UCTD6q1nyIe3Y7HhqjaMj72w,UCQ_-LPP8JAbfkc-b1Q6NvWw,1
UCTD6q1nyIe3Y7HhqjaMj72w,UCHhHUjaMAZ8SiXdCUCj9DkQ,1
UCTD6q1nyIe3Y7HhqjaMj72w,UCRelkU8JiZBytTzebJxaa-w,1
UCTD6q1nyIe3Y7HhqjaMj72w,UC3MYTqpQqlWBuCB7Th0e0PA,1
UCTD6q1nyIe3Y7HhqjaMj72w,UCZ51R_9Q9C0c8I3pAWhtmjQ,1
UCTD6q1nyIe3Y7HhqjaMj72w,UCujPF2nBgsTD62nWE3lcpIg,1
UCTD6q1nyIe3Y7HhqjaMj72w,UC9xr9QvIcDvoZNUX5f-jaZw,1
UCTD6q1nyIe3Y7HhqjaMj72w,UCYN4wSQ1Sx4_LurxLlW7MPg,1
UCTD6q1nyIe3Y7HhqjaMj72w,UCOh6DaZC_x9HASnlRylEMfw,1
UCTD6q1nyIe3Y7HhqjaMj72w,UCTP3O0rMnc8z8v8jaDQwL0w,1
UCTD6q1nyIe3Y7HhqjaMj72w,UChep9kVb5gQmpodEEl10Xlg,1
UCTD6q1nyIe3Y7HhqjaMj72w,UCFoIAE8k82D6AV-8gjjKaNg,1
UCs_5qeqdku9tGAq22y3OcuQ,UC_ljZ1hZXR9pzexFz87P5ZA,1
UCs_5qeqdku9tGAq22y3OcuQ,UCY7Hq7F9Lnucf-Yr6JkHZNw,1
UCs_5qeqdku9tGAq22y3OcuQ,UCIUhbSCy3-SGRe5UtqM4fzQ,1
UCs_5qeqdku9tGAq22y3OcuQ,UCGqKxQS-z3NZzZF-2w338AA,1
UCs_5qeqdku9tGAq22y3OcuQ,UCtMBF_1O2jY2INlb_luuB_A,1
UCs_5qeqdku9tGAq22y3OcuQ,UCIp19h9igblA2YKfSLPDAug,1
UCs_5qeqdku9tGAq22y3OcuQ,UCXmrpc6Li0spcKxtS0Q_ptg,1
UCs_5qeqdku9tGAq22y3OcuQ,UCHMQ_lDhibZ-XZ_3fo6oxwg,1
UCs_5qeqdku9tGAq22y3OcuQ,UCxKR3RA8T-kxMgq_2WWhRcQ,1
UCs_5qeqdku9tGAq22y3OcuQ,UCgLrWFdYitoP-b7-PxtUr-w,1
UCs_5qeqdku9tGAq22y3OcuQ,UCqilIa8r7iek5sGYg_q6ofA,1
UCs_5qeqdku9tGAq22y3OcuQ,UCRznz9-N3Qc1w-qNdLSIY2Q,1
UC_LYoGs5C3mbZKZuKuqYCvw,UCDrmf9y9nLgFY5wnA2hTuGA,1
UC_LYoGs5C3mbZKZuKuqYCvw,UCQqlPPUGqAfWjd-FSh_qn7Q,1
UC_LYoGs5C3mbZKZuKuqYCvw,UCZeIIQrGAedW8tCbKWmGY-A,1
UC_LYoGs5C3mbZKZuKuqYCvw,UC5hvEnRUzI4Kfvwnyi4QxqQ,1
UC_LYoGs5C3mbZKZuKuqYCvw,UCgJNFj5dnxXpcMvmuhZDPxA,1
UC_LYoGs5C3mbZKZuKuqYCvw,UCylqlpsh8ENNM1LqgQ1KbxA,1
UC_LYoGs5C3mbZKZuKuqYCvw,UC-fiZBS5Gp1eCJd9ucgWnCg,1
UC_LYoGs5C3mbZKZuKuqYCvw,UCe8JZoYkX5oKUZyivHYdXhw,1
UC_LYoGs5C3mbZKZuKuqYCvw,UCpe5jW3MIqkgTJ-PgkzvM6Q,1
UC_LYoGs5C3mbZKZuKuqYCvw,UCdFlugHJJa4l3YqWuNRmvXw,1
UC_LYoGs5C3mbZKZuKuqYCvw,UCu8_3-Wg-YzNyvHYQDEscfw,1
UC_LYoGs5C3mbZKZuKuqYCvw,UCsGoJEvb-cFPZ2rWoJcXzEQ,1
UC_LYoGs5C3mbZKZuKuqYCvw,UCgQw_Sbq3ugruDUKsq1e0-A,1
UC_LYoGs5C3mbZKZuKuqYCvw,UCV0lM03g5fg5pbPj97-sAtA,1
UC_LYoGs5C3mbZKZuKuqYCvw,UC6Uj1FT5JjDSF8vudvDxPAA,1
UC_LYoGs5C3mbZKZuKuqYCvw,UCRAquv8el-tQ30bN7MlmySQ,1
UC_LYoGs5C3mbZKZuKuqYCvw,UCRvPToDkkumha7WJAfCDk1A,1
UC_LYoGs5C3mbZKZuKuqYCvw,UC1DpqK6vaPEkBOMNvypsKYg,1
UC_LYoGs5C3mbZKZuKuqYCvw,UCW80DaMjQlEUibC98Cot-Dg,1
UC_LYoGs5C3mbZKZuKuqYCvw,UCqCrvuoJpC-aVb0f4logQRQ,1
UC_LYoGs5C3mbZKZuKuqYCvw,UCNpt5CQlTzNjlAKY6CJtClQ,1
UC_LYoGs5C3mbZKZuKuqYCvw,UCGGHbtfbbe0o68etrOf0qxw,1
UC_LYoGs5C3mbZKZuKuqYCvw,UCQyOePccUP-fIJYzchAgZYw,1
UC_LYoGs5C3mbZKZuKuqYCvw,UClqA491Xa5fQcXcJJa-vTWw,1
UC_LYoGs5C3mbZKZuKuqYCvw,UCWoAVGVqCn4xtINCMOTM4jg,1
UCZLG9qH0tUjNhEGFIUt0CYw,UC2weSE8rpqkGMOp6StYtVfg,1
UCZLG9qH0tUjNhEGFIUt0CYw,UCiGRBf2RNF0WRKhRVT7zFoA,1
UCZLG9qH0tUjNhEGFIUt0CYw,UC3E9mAgP7VoAE5mZoAexl5g,1
UCZLG9qH0tUjNhEGFIUt0CYw,UCut6b9S98nv84cVX89PmKzA,1
UCZLG9qH0tUjNhEGFIUt0CYw,UCXXh7yg5KUFIWylTiKVEFKQ,1
UCZLG9qH0tUjNhEGFIUt0CYw,UCz3gu01bmjNv0DpRq-K3XYg,1
UCZLG9qH0tUjNhEGFIUt0CYw,UCp4iw5_5SmV9VGTFSNVGOmQ,1
UCZLG9qH0tUjNhEGFIUt0CYw,UCWIZUtKJ636y-4TYrNvok0g,1
UCZLG9qH0tUjNhEGFIUt0CYw,UCgvw7xIdGFupzpt1Y_BFkEA,1
UCZLG9qH0tUjNhEGFIUt0CYw,UCtNfIBnc5S5DbbQj_yxgJTw,1
UCZLG9qH0tUjNhEGFIUt0CYw,UCmjppp6ujz3SAnULvP3sZMw,1
UCZLG9qH0tUjNhEGFIUt0CYw,UCYwpX26TrCxq8TvbKGRYLXA,1
UCZLG9qH0tUjNhEGFIUt0CYw,UChZknRmJkeGeQk0-mQuhDOg,1
UCZLG9qH0tUjNhEGFIUt0CYw,UCL1MT278vSaQ83ZDkVWn1gw,1
UCZLG9qH0tUjNhEGFIUt0CYw,UCh5ESQvtzyHDhCA7XyekCFA,1
UCZLG9qH0tUjNhEGFIUt0CYw,UCzSfZlOVxBSs5ObD25ywxDQ,1
UCZLG9qH0tUjNhEGFIUt0CYw,UCEgEQmRbtL5fwr9_DqAC--g,1
UCZLG9qH0tUjNhEGFIUt0CYw,UCQgYjVngJRfPHDLGB5X6ZjA,1
UCZLG9qH0tUjNhEGFIUt0CYw,UCAmtbUiIrUIhikru0ZoTFig,1
UCZLG9qH0tUjNhEGFIUt0CYw,UC4cXueR2bKGFJV0Fk76gwmA,1
UCZLG9qH0tUjNhEGFIUt0CYw,UCUIIIPTVDVHAXqhC_5V6lPA,1
UCZLG9qH0tUjNhEGFIUt0CYw,UCDQaQv0hr2SS_PO-CMEwVHg,1
UCZLG9qH0tUjNhEGFIUt0CYw,UCDlr1VadSucIZgZ171pRBjQ,1
UCZLG9qH0tUjNhEGFIUt0CYw,UC7VUuJr9cGh845CmTvf7TlQ,1
UCZLG9qH0tUjNhEGFIUt0CYw,UCA93ym2TXs_Ibyxb4Vcn-6Q,1
UCZLG9qH0tUjNhEGFIUt0CYw,UCXgr7vXlRrsaskPdo097kGA,1
UCZLG9qH0tUjNhEGFIUt0CYw,UCj-LL25XJnjxepPKCc3NGog,1
UCZLG9qH0tUjNhEGFIUt0CYw,UChgkn5Jt5tWKYMoEOuCjz3Q,1
UCZLG9qH0tUjNhEGFIUt0CYw,UC3NMzdMYryaw82kPTnsaljg,1
UCZLG9qH0tUjNhEGFIUt0CYw,UCylqlpsh8ENNM1LqgQ1KbxA,1
UCZLG9qH0tUjNhEGFIUt0CYw,UCCaYwkkbQGcvFoUmothVdQQ,1
UCZLG9qH0tUjNhEGFIUt0CYw,UC9vMq1YF-e7C-VO0SHkbUTA,1
UCZLG9qH0tUjNhEGFIUt0CYw,UCr1emrogPKkKTs_WTtx71xg,1
UCZLG9qH0tUjNhEGFIUt0CYw,UCV0iizTBoOfdAFX_thfI9BA,1
UCZLG9qH0tUjNhEGFIUt0CYw,UCTylKrsqkrBKIqubMu_5N0Q,1
UCZLG9qH0tUjNhEGFIUt0CYw,UCDUffaruH6dyUnUGwsTKpgg,1
UCZLG9qH0tUjNhEGFIUt0CYw,UCN6qbfPSzFtjhqUDZ3Cv3CQ,1
UCZLG9qH0tUjNhEGFIUt0CYw,UCplrIQtaPj6au60_f2-mOYw,1
UCZLG9qH0tUjNhEGFIUt0CYw,UCueV9cTyTDwgQSec1x2dYgA,1
UCZLG9qH0tUjNhEGFIUt0CYw,UCFxE8GbokBrBsPEKM1xrOjQ,1
UCZLG9qH0tUjNhEGFIUt0CYw,UCDIMztpVm7G27qBuiWuT6oQ,1
UCZLG9qH0tUjNhEGFIUt0CYw,UC-jS_kA9w-OmpupXDx156Rg,1
UCZLG9qH0tUjNhEGFIUt0CYw,UCsjs5Hp_r86x1xbK6FAeqaA,1
UCZLG9qH0tUjNhEGFIUt0CYw,UCQqetiwzzmRNTM5OWuXarGQ,1
UCZLG9qH0tUjNhEGFIUt0CYw,UCsUCN0Yq_UyTvKjOJLmNrnQ,1
UCZLG9qH0tUjNhEGFIUt0CYw,UCfM3nrxtTQMY5jFx1v1J4Gg,1
UCZLG9qH0tUjNhEGFIUt0CYw,UCNBnKqWf4d-rS4HwJRQljmQ,1
UCZLG9qH0tUjNhEGFIUt0CYw,UC650pRT-OYzny3GwOH8Cgfw,1
UCZLG9qH0tUjNhEGFIUt0CYw,UCxff05WuyvwELNITi7bj7UA,1
UCZLG9qH0tUjNhEGFIUt0CYw,UC-pNP6RMFuLg_-x7Ah_0kEA,1
UCZLG9qH0tUjNhEGFIUt0CYw,UCGzXwyCzMzGmjmCbH3Hg01Q,1
UCZLG9qH0tUjNhEGFIUt0CYw,UCi1b_TRQfgO1Z9O2gNGGWNA,1
UCZLG9qH0tUjNhEGFIUt0CYw,UCzoL2l5H5eVlorWGH8AZfAg,1
UCZLG9qH0tUjNhEGFIUt0CYw,UCKDR0f2fu2UzWL8mBv5-BHw,1
UCZLG9qH0tUjNhEGFIUt0CYw,UCjmPuazZJzscrwvk0QR9RVw,1
UCZLG9qH0tUjNhEGFIUt0CYw,UCwha8rxULYMVtNwZWeSkE1A,1
UCZLG9qH0tUjNhEGFIUt0CYw,UCQ_-LPP8JAbfkc-b1Q6NvWw,1
UCZLG9qH0tUjNhEGFIUt0CYw,UCHhHUjaMAZ8SiXdCUCj9DkQ,1
UCZLG9qH0tUjNhEGFIUt0CYw,UCRelkU8JiZBytTzebJxaa-w,1
UCZLG9qH0tUjNhEGFIUt0CYw,UC3MYTqpQqlWBuCB7Th0e0PA,1
UCZLG9qH0tUjNhEGFIUt0CYw,UCZ51R_9Q9C0c8I3pAWhtmjQ,1
UCZLG9qH0tUjNhEGFIUt0CYw,UCujPF2nBgsTD62nWE3lcpIg,1
UCZLG9qH0tUjNhEGFIUt0CYw,UC9xr9QvIcDvoZNUX5f-jaZw,1
UCZLG9qH0tUjNhEGFIUt0CYw,UCYN4wSQ1Sx4_LurxLlW7MPg,1
UCZLG9qH0tUjNhEGFIUt0CYw,UCOh6DaZC_x9HASnlRylEMfw,1
UCZLG9qH0tUjNhEGFIUt0CYw,UCTP3O0rMnc8z8v8jaDQwL0w,1
UCZLG9qH0tUjNhEGFIUt0CYw,UChep9kVb5gQmpodEEl10Xlg,1
UCZLG9qH0tUjNhEGFIUt0CYw,UCFoIAE8k82D6AV-8gjjKaNg,1
UCKDR0f2fu2UzWL8mBv5-BHw,UC2weSE8rpqkGMOp6StYtVfg,1
UCKDR0f2fu2UzWL8mBv5-BHw,UCiGRBf2RNF0WRKhRVT7zFoA,1
UCKDR0f2fu2UzWL8mBv5-BHw,UC3E9mAgP7VoAE5mZoAexl5g,1
UCKDR0f2fu2UzWL8mBv5-BHw,UCut6b9S98nv84cVX89PmKzA,1
UCKDR0f2fu2UzWL8mBv5-BHw,UCXXh7yg5KUFIWylTiKVEFKQ,1
UCKDR0f2fu2UzWL8mBv5-BHw,UCz3gu01bmjNv0DpRq-K3XYg,1
UCKDR0f2fu2UzWL8mBv5-BHw,UCp4iw5_5SmV9VGTFSNVGOmQ,1
UCKDR0f2fu2UzWL8mBv5-BHw,UCWIZUtKJ636y-4TYrNvok0g,1
UCKDR0f2fu2UzWL8mBv5-BHw,UCgvw7xIdGFupzpt1Y_BFkEA,1
UCKDR0f2fu2UzWL8mBv5-BHw,UCtNfIBnc5S5DbbQj_yxgJTw,1
UCKDR0f2fu2UzWL8mBv5-BHw,UCmjppp6ujz3SAnULvP3sZMw,1
UCKDR0f2fu2UzWL8mBv5-BHw,UCYwpX26TrCxq8TvbKGRYLXA,1
UCKDR0f2fu2UzWL8mBv5-BHw,UChZknRmJkeGeQk0-mQuhDOg,1
UCKDR0f2fu2UzWL8mBv5-BHw,UCL1MT278vSaQ83ZDkVWn1gw,1
UCKDR0f2fu2UzWL8mBv5-BHw,UCh5ESQvtzyHDhCA7XyekCFA,1
UCKDR0f2fu2UzWL8mBv5-BHw,UCzSfZlOVxBSs5ObD25ywxDQ,1
UCKDR0f2fu2UzWL8mBv5-BHw,UCEgEQmRbtL5fwr9_DqAC--g,1
UCKDR0f2fu2UzWL8mBv5-BHw,UCQgYjVngJRfPHDLGB5X6ZjA,1
UCKDR0f2fu2UzWL8mBv5-BHw,UCAmtbUiIrUIhikru0ZoTFig,1
UCKDR0f2fu2UzWL8mBv5-BHw,UC4cXueR2bKGFJV0Fk76gwmA,1
UCKDR0f2fu2UzWL8mBv5-BHw,UCUIIIPTVDVHAXqhC_5V6lPA,1
UCKDR0f2fu2UzWL8mBv5-BHw,UCDQaQv0hr2SS_PO-CMEwVHg,1
UCKDR0f2fu2UzWL8mBv5-BHw,UCDlr1VadSucIZgZ171pRBjQ,1
UCKDR0f2fu2UzWL8mBv5-BHw,UC7VUuJr9cGh845CmTvf7TlQ,1
UCKDR0f2fu2UzWL8mBv5-BHw,UCA93ym2TXs_Ibyxb4Vcn-6Q,1
UCKDR0f2fu2UzWL8mBv5-BHw,UCXgr7vXlRrsaskPdo097kGA,1
UCKDR0f2fu2UzWL8mBv5-BHw,UCj-LL25XJnjxepPKCc3NGog,1
UCKDR0f2fu2UzWL8mBv5-BHw,UChgkn5Jt5tWKYMoEOuCjz3Q,1
UCKDR0f2fu2UzWL8mBv5-BHw,UC3NMzdMYryaw82kPTnsaljg,1
UCKDR0f2fu2UzWL8mBv5-BHw,UCylqlpsh8ENNM1LqgQ1KbxA,1
UCKDR0f2fu2UzWL8mBv5-BHw,UCCaYwkkbQGcvFoUmothVdQQ,1
UCKDR0f2fu2UzWL8mBv5-BHw,UC9vMq1YF-e7C-VO0SHkbUTA,1
UCKDR0f2fu2UzWL8mBv5-BHw,UCr1emrogPKkKTs_WTtx71xg,1
UCKDR0f2fu2UzWL8mBv5-BHw,UCV0iizTBoOfdAFX_thfI9BA,1
UCKDR0f2fu2UzWL8mBv5-BHw,UCTylKrsqkrBKIqubMu_5N0Q,1
UCKDR0f2fu2UzWL8mBv5-BHw,UCDUffaruH6dyUnUGwsTKpgg,1
UCKDR0f2fu2UzWL8mBv5-BHw,UCN6qbfPSzFtjhqUDZ3Cv3CQ,1
UCKDR0f2fu2UzWL8mBv5-BHw,UCplrIQtaPj6au60_f2-mOYw,1
UCKDR0f2fu2UzWL8mBv5-BHw,UCueV9cTyTDwgQSec1x2dYgA,1
UCKDR0f2fu2UzWL8mBv5-BHw,UCFxE8GbokBrBsPEKM1xrOjQ,1
UCKDR0f2fu2UzWL8mBv5-BHw,UCDIMztpVm7G27qBuiWuT6oQ,1
UCKDR0f2fu2UzWL8mBv5-BHw,UC-jS_kA9w-OmpupXDx156Rg,1
UCKDR0f2fu2UzWL8mBv5-BHw,UCsjs5Hp_r86x1xbK6FAeqaA,1
UCKDR0f2fu2UzWL8mBv5-BHw,UCQqetiwzzmRNTM5OWuXarGQ,1
UCKDR0f2fu2UzWL8mBv5-BHw,UCsUCN0Yq_UyTvKjOJLmNrnQ,1
UCKDR0f2fu2UzWL8mBv5-BHw,UCfM3nrxtTQMY5jFx1v1J4Gg,1
UCKDR0f2fu2UzWL8mBv5-BHw,UCNBnKqWf4d-rS4HwJRQljmQ,1
UCKDR0f2fu2UzWL8mBv5-BHw,UC650pRT-OYzny3GwOH8Cgfw,1
UCKDR0f2fu2UzWL8mBv5-BHw,UCxff05WuyvwELNITi7bj7UA,1
UCKDR0f2fu2UzWL8mBv5-BHw,UC-pNP6RMFuLg_-x7Ah_0kEA,1
UCKDR0f2fu2UzWL8mBv5-BHw,UCGzXwyCzMzGmjmCbH3Hg01Q,1
UCKDR0f2fu2UzWL8mBv5-BHw,UCi1b_TRQfgO1Z9O2gNGGWNA,1
UCKDR0f2fu2UzWL8mBv5-BHw,UCzoL2l5H5eVlorWGH8AZfAg,1
UCKDR0f2fu2UzWL8mBv5-BHw,UCjmPuazZJzscrwvk0QR9RVw,1
UCKDR0f2fu2UzWL8mBv5-BHw,UCwha8rxULYMVtNwZWeSkE1A,1
UCKDR0f2fu2UzWL8mBv5-BHw,UCQ_-LPP8JAbfkc-b1Q6NvWw,1
UCKDR0f2fu2UzWL8mBv5-BHw,UCHhHUjaMAZ8SiXdCUCj9DkQ,1
UCKDR0f2fu2UzWL8mBv5-BHw,UCRelkU8JiZBytTzebJxaa-w,1
UCKDR0f2fu2UzWL8mBv5-BHw,UC3MYTqpQqlWBuCB7Th0e0PA,1
UCKDR0f2fu2UzWL8mBv5-BHw,UCZ51R_9Q9C0c8I3pAWhtmjQ,1
UCKDR0f2fu2UzWL8mBv5-BHw,UCujPF2nBgsTD62nWE3lcpIg,1
UCKDR0f2fu2UzWL8mBv5-BHw,UC9xr9QvIcDvoZNUX5f-jaZw,1
UCKDR0f2fu2UzWL8mBv5-BHw,UCYN4wSQ1Sx4_LurxLlW7MPg,1
UCKDR0f2fu2UzWL8mBv5-BHw,UCOh6DaZC_x9HASnlRylEMfw,1
UCKDR0f2fu2UzWL8mBv5-BHw,UCTP3O0rMnc8z8v8jaDQwL0w,1
UCKDR0f2fu2UzWL8mBv5-BHw,UChep9kVb5gQmpodEEl10Xlg,1
UCKDR0f2fu2UzWL8mBv5-BHw,UCFoIAE8k82D6AV-8gjjKaNg,1
UCxKR3RA8T-kxMgq_2WWhRcQ,UC_ljZ1hZXR9pzexFz87P5ZA,1
UCxKR3RA8T-kxMgq_2WWhRcQ,UCY7Hq7F9Lnucf-Yr6JkHZNw,1
UCxKR3RA8T-kxMgq_2WWhRcQ,UCIUhbSCy3-SGRe5UtqM4fzQ,1
UCxKR3RA8T-kxMgq_2WWhRcQ,UCGqKxQS-z3NZzZF-2w338AA,1
UCxKR3RA8T-kxMgq_2WWhRcQ,UCtMBF_1O2jY2INlb_luuB_A,1
UCxKR3RA8T-kxMgq_2WWhRcQ,UCIp19h9igblA2YKfSLPDAug,1
UCxKR3RA8T-kxMgq_2WWhRcQ,UCXmrpc6Li0spcKxtS0Q_ptg,1
UCxKR3RA8T-kxMgq_2WWhRcQ,UCHMQ_lDhibZ-XZ_3fo6oxwg,1
UCxKR3RA8T-kxMgq_2WWhRcQ,UCgLrWFdYitoP-b7-PxtUr-w,1
UCxKR3RA8T-kxMgq_2WWhRcQ,UCqilIa8r7iek5sGYg_q6ofA,1
UCxKR3RA8T-kxMgq_2WWhRcQ,UCRznz9-N3Qc1w-qNdLSIY2Q,1
UCp29O_C7cchZV8IxV7Crdag,UCtsxPYw8VUsH_FfnKg-0lmw,1
UCp29O_C7cchZV8IxV7Crdag,UCgGqw4aqMdMVSGkKiMgrJRQ,1
UCp29O_C7cchZV8IxV7Crdag,UCvDwJBBY1mHK70aTEYl6rsA,1
UCp29O_C7cchZV8IxV7Crdag,UCzZ6dDCEsLMXbc5pCFXIprw,1
UCp29O_C7cchZV8IxV7Crdag,UCyJhqmMbsvjpoarBBStA2kg,1
UCp29O_C7cchZV8IxV7Crdag,UCV3fr-YOixFKCZBbJP1-X4w,1
UCp29O_C7cchZV8IxV7Crdag,UCWvntqPQx99k_Z_skWKqNSA,1
UCp29O_C7cchZV8IxV7Crdag,UC63tFvbQ_hJhGDi2nbjssjw,1
UCp29O_C7cchZV8IxV7Crdag,UC-HeUTT6_g-VoiWds2a4H-w,1
UCp29O_C7cchZV8IxV7Crdag,UCaT4saRcyqCLE657Rq2hhZQ,1
UCp29O_C7cchZV8IxV7Crdag,UCjZgFEowMBrsjodqfovzdKw,1
UCp29O_C7cchZV8IxV7Crdag,UCFybmWapGvBKcQod7cPPH9w,1
UCp29O_C7cchZV8IxV7Crdag,UC0HvfEWozTHbwl_iEmJNvVA,1
UCp29O_C7cchZV8IxV7Crdag,UChyps3dqY-VY1_wLeq-2lhw,1
UCp29O_C7cchZV8IxV7Crdag,UC3YpzAr7pcdKC7BVFEpYzog,1
UCp29O_C7cchZV8IxV7Crdag,UCwxoKK59nGCeBqB2sXfDBIw,1
UCGm3gRBEHGRJYmtCryZLtDw,UCsUCN0Yq_UyTvKjOJLmNrnQ,1
UCGm3gRBEHGRJYmtCryZLtDw,UCHu8x4MVkayU6VgwVKd--MQ,1
UCGm3gRBEHGRJYmtCryZLtDw,UC5PrBbmUlQolwqmiru7yZhw,1
UCGm3gRBEHGRJYmtCryZLtDw,UC094EFEmMSdwVa8NQjjYBXg,1
UCjJf-AJKRFFWtiN-CSwkDmA,UCvcu1kR8xMYy_I1Ty-2mV2Q,1
UCjJf-AJKRFFWtiN-CSwkDmA,UC_6KbBY1bsYXz9fwFS0eQRg,1
UCjJf-AJKRFFWtiN-CSwkDmA,UCJp3OrVYcBorC94sKwdch_A,1
UCjJf-AJKRFFWtiN-CSwkDmA,UCVC2QugcI1G4RvlCiUqd1aQ,1
UCjJf-AJKRFFWtiN-CSwkDmA,UCnU8wO1OurAmGstDw6VGjgQ,1
UCjJf-AJKRFFWtiN-CSwkDmA,UCbrtvygfRT6QXqWDNrOf-cA,1
UCjZgFEowMBrsjodqfovzdKw,UCtsxPYw8VUsH_FfnKg-0lmw,1
UCjZgFEowMBrsjodqfovzdKw,UCgGqw4aqMdMVSGkKiMgrJRQ,1
UCjZgFEowMBrsjodqfovzdKw,UCvDwJBBY1mHK70aTEYl6rsA,1
UCjZgFEowMBrsjodqfovzdKw,UCzZ6dDCEsLMXbc5pCFXIprw,1
UCjZgFEowMBrsjodqfovzdKw,UCXN2s7DwTJm33xO-pNkAdaA,1
UCjZgFEowMBrsjodqfovzdKw,UCwCfs-2zbD5k0lG-UVg_JBw,1
UCjZgFEowMBrsjodqfovzdKw,UCyJhqmMbsvjpoarBBStA2kg,1
UCjZgFEowMBrsjodqfovzdKw,UCvl1tzQeBeGy6efPTRJXSCw,1
UCjZgFEowMBrsjodqfovzdKw,UCV3fr-YOixFKCZBbJP1-X4w,1
UCjZgFEowMBrsjodqfovzdKw,UCWvntqPQx99k_Z_skWKqNSA,1
UCjZgFEowMBrsjodqfovzdKw,UC2ngpd8UBQu4gcUYy0goAtg,1
UCjZgFEowMBrsjodqfovzdKw,UC63tFvbQ_hJhGDi2nbjssjw,1
UCjZgFEowMBrsjodqfovzdKw,UCfjhejO7LZy4doXURa7LZCQ,1
UCjZgFEowMBrsjodqfovzdKw,UC-HeUTT6_g-VoiWds2a4H-w,1
UCjZgFEowMBrsjodqfovzdKw,UCaT4saRcyqCLE657Rq2hhZQ,1
UCjZgFEowMBrsjodqfovzdKw,UCfXykdbSU97rj987LDUGfvg,1
UCjZgFEowMBrsjodqfovzdKw,UCFybmWapGvBKcQod7cPPH9w,1
UCjZgFEowMBrsjodqfovzdKw,UC0HvfEWozTHbwl_iEmJNvVA,1
UCjZgFEowMBrsjodqfovzdKw,UChyps3dqY-VY1_wLeq-2lhw,1
UCjZgFEowMBrsjodqfovzdKw,UCLXYp1Cvc5DLtq5UQL5D9vw,1
UCjZgFEowMBrsjodqfovzdKw,UC3YpzAr7pcdKC7BVFEpYzog,1
UCjZgFEowMBrsjodqfovzdKw,UCwxoKK59nGCeBqB2sXfDBIw,1
UCwha8rxULYMVtNwZWeSkE1A,UC2weSE8rpqkGMOp6StYtVfg,1
UCwha8rxULYMVtNwZWeSkE1A,UCiGRBf2RNF0WRKhRVT7zFoA,1
UCwha8rxULYMVtNwZWeSkE1A,UC3E9mAgP7VoAE5mZoAexl5g,1
UCwha8rxULYMVtNwZWeSkE1A,UCut6b9S98nv84cVX89PmKzA,1
UCwha8rxULYMVtNwZWeSkE1A,UCXXh7yg5KUFIWylTiKVEFKQ,1
UCwha8rxULYMVtNwZWeSkE1A,UCz3gu01bmjNv0DpRq-K3XYg,1
UCwha8rxULYMVtNwZWeSkE1A,UCp4iw5_5SmV9VGTFSNVGOmQ,1
UCwha8rxULYMVtNwZWeSkE1A,UCWIZUtKJ636y-4TYrNvok0g,1
UCwha8rxULYMVtNwZWeSkE1A,UCgvw7xIdGFupzpt1Y_BFkEA,1
UCwha8rxULYMVtNwZWeSkE1A,UCtNfIBnc5S5DbbQj_yxgJTw,1
UCwha8rxULYMVtNwZWeSkE1A,UCmjppp6ujz3SAnULvP3sZMw,1
UCwha8rxULYMVtNwZWeSkE1A,UCYwpX26TrCxq8TvbKGRYLXA,1
UCwha8rxULYMVtNwZWeSkE1A,UChZknRmJkeGeQk0-mQuhDOg,1
UCwha8rxULYMVtNwZWeSkE1A,UCL1MT278vSaQ83ZDkVWn1gw,1
UCwha8rxULYMVtNwZWeSkE1A,UCh5ESQvtzyHDhCA7XyekCFA,1
UCwha8rxULYMVtNwZWeSkE1A,UCzSfZlOVxBSs5ObD25ywxDQ,1
UCwha8rxULYMVtNwZWeSkE1A,UCEgEQmRbtL5fwr9_DqAC--g,1
UCwha8rxULYMVtNwZWeSkE1A,UCQgYjVngJRfPHDLGB5X6ZjA,1
UCwha8rxULYMVtNwZWeSkE1A,UCAmtbUiIrUIhikru0ZoTFig,1
UCwha8rxULYMVtNwZWeSkE1A,UC4cXueR2bKGFJV0Fk76gwmA,1
UCwha8rxULYMVtNwZWeSkE1A,UCUIIIPTVDVHAXqhC_5V6lPA,1
UCwha8rxULYMVtNwZWeSkE1A,UCDQaQv0hr2SS_PO-CMEwVHg,1
UCwha8rxULYMVtNwZWeSkE1A,UCDlr1VadSucIZgZ171pRBjQ,1
UCwha8rxULYMVtNwZWeSkE1A,UC7VUuJr9cGh845CmTvf7TlQ,1
UCwha8rxULYMVtNwZWeSkE1A,UCA93ym2TXs_Ibyxb4Vcn-6Q,1
UCwha8rxULYMVtNwZWeSkE1A,UCXgr7vXlRrsaskPdo097kGA,1
UCwha8rxULYMVtNwZWeSkE1A,UCj-LL25XJnjxepPKCc3NGog,1
UCwha8rxULYMVtNwZWeSkE1A,UChgkn5Jt5tWKYMoEOuCjz3Q,1
UCwha8rxULYMVtNwZWeSkE1A,UC3NMzdMYryaw82kPTnsaljg,1
UCwha8rxULYMVtNwZWeSkE1A,UCylqlpsh8ENNM1LqgQ1KbxA,1
UCwha8rxULYMVtNwZWeSkE1A,UCCaYwkkbQGcvFoUmothVdQQ,1
UCwha8rxULYMVtNwZWeSkE1A,UC9vMq1YF-e7C-VO0SHkbUTA,1
UCwha8rxULYMVtNwZWeSkE1A,UCr1emrogPKkKTs_WTtx71xg,1
UCwha8rxULYMVtNwZWeSkE1A,UCV0iizTBoOfdAFX_thfI9BA,1
UCwha8rxULYMVtNwZWeSkE1A,UCTylKrsqkrBKIqubMu_5N0Q,1
UCwha8rxULYMVtNwZWeSkE1A,UCDUffaruH6dyUnUGwsTKpgg,1
UCwha8rxULYMVtNwZWeSkE1A,UCN6qbfPSzFtjhqUDZ3Cv3CQ,1
UCwha8rxULYMVtNwZWeSkE1A,UCplrIQtaPj6au60_f2-mOYw,1
UCwha8rxULYMVtNwZWeSkE1A,UCueV9cTyTDwgQSec1x2dYgA,1
UCwha8rxULYMVtNwZWeSkE1A,UCFxE8GbokBrBsPEKM1xrOjQ,1
UCwha8rxULYMVtNwZWeSkE1A,UCDIMztpVm7G27qBuiWuT6oQ,1
UCwha8rxULYMVtNwZWeSkE1A,UC-jS_kA9w-OmpupXDx156Rg,1
UCwha8rxULYMVtNwZWeSkE1A,UCsjs5Hp_r86x1xbK6FAeqaA,1
UCwha8rxULYMVtNwZWeSkE1A,UCQqetiwzzmRNTM5OWuXarGQ,1
UCwha8rxULYMVtNwZWeSkE1A,UCsUCN0Yq_UyTvKjOJLmNrnQ,1
UCwha8rxULYMVtNwZWeSkE1A,UCfM3nrxtTQMY5jFx1v1J4Gg,1
UCwha8rxULYMVtNwZWeSkE1A,UCNBnKqWf4d-rS4HwJRQljmQ,1
UCwha8rxULYMVtNwZWeSkE1A,UC650pRT-OYzny3GwOH8Cgfw,1
UCwha8rxULYMVtNwZWeSkE1A,UCxff05WuyvwELNITi7bj7UA,1
UCwha8rxULYMVtNwZWeSkE1A,UC-pNP6RMFuLg_-x7Ah_0kEA,1
UCwha8rxULYMVtNwZWeSkE1A,UCGzXwyCzMzGmjmCbH3Hg01Q,1
UCwha8rxULYMVtNwZWeSkE1A,UCi1b_TRQfgO1Z9O2gNGGWNA,1
UCwha8rxULYMVtNwZWeSkE1A,UCzoL2l5H5eVlorWGH8AZfAg,1
UCwha8rxULYMVtNwZWeSkE1A,UCjmPuazZJzscrwvk0QR9RVw,1
UCwha8rxULYMVtNwZWeSkE1A,UCQ_-LPP8JAbfkc-b1Q6NvWw,1
UCwha8rxULYMVtNwZWeSkE1A,UCHhHUjaMAZ8SiXdCUCj9DkQ,1
UCwha8rxULYMVtNwZWeSkE1A,UCRelkU8JiZBytTzebJxaa-w,1
UCwha8rxULYMVtNwZWeSkE1A,UC3MYTqpQqlWBuCB7Th0e0PA,1
UCwha8rxULYMVtNwZWeSkE1A,UCZ51R_9Q9C0c8I3pAWhtmjQ,1
UCwha8rxULYMVtNwZWeSkE1A,UCujPF2nBgsTD62nWE3lcpIg,1
UCwha8rxULYMVtNwZWeSkE1A,UC9xr9QvIcDvoZNUX5f-jaZw,1
UCwha8rxULYMVtNwZWeSkE1A,UCYN4wSQ1Sx4_LurxLlW7MPg,1
UCwha8rxULYMVtNwZWeSkE1A,UCOh6DaZC_x9HASnlRylEMfw,1
UCwha8rxULYMVtNwZWeSkE1A,UCTP3O0rMnc8z8v8jaDQwL0w,1
UCwha8rxULYMVtNwZWeSkE1A,UChep9kVb5gQmpodEEl10Xlg,1
UCwha8rxULYMVtNwZWeSkE1A,UCFoIAE8k82D6AV-8gjjKaNg,1
UCQ_-LPP8JAbfkc-b1Q6NvWw,UC2weSE8rpqkGMOp6StYtVfg,1
UCQ_-LPP8JAbfkc-b1Q6NvWw,UCiGRBf2RNF0WRKhRVT7zFoA,1
UCQ_-LPP8JAbfkc-b1Q6NvWw,UC3E9mAgP7VoAE5mZoAexl5g,1
UCQ_-LPP8JAbfkc-b1Q6NvWw,UCut6b9S98nv84cVX89PmKzA,1
UCQ_-LPP8JAbfkc-b1Q6NvWw,UCXXh7yg5KUFIWylTiKVEFKQ,1
UCQ_-LPP8JAbfkc-b1Q6NvWw,UCz3gu01bmjNv0DpRq-K3XYg,1
UCQ_-LPP8JAbfkc-b1Q6NvWw,UCp4iw5_5SmV9VGTFSNVGOmQ,1
UCQ_-LPP8JAbfkc-b1Q6NvWw,UCWIZUtKJ636y-4TYrNvok0g,1
UCQ_-LPP8JAbfkc-b1Q6NvWw,UCgvw7xIdGFupzpt1Y_BFkEA,1
UCQ_-LPP8JAbfkc-b1Q6NvWw,UCtNfIBnc5S5DbbQj_yxgJTw,1
UCQ_-LPP8JAbfkc-b1Q6NvWw,UCmjppp6ujz3SAnULvP3sZMw,1
UCQ_-LPP8JAbfkc-b1Q6NvWw,UCYwpX26TrCxq8TvbKGRYLXA,1
UCQ_-LPP8JAbfkc-b1Q6NvWw,UChZknRmJkeGeQk0-mQuhDOg,1
UCQ_-LPP8JAbfkc-b1Q6NvWw,UCL1MT278vSaQ83ZDkVWn1gw,1
UCQ_-LPP8JAbfkc-b1Q6NvWw,UCh5ESQvtzyHDhCA7XyekCFA,1
UCQ_-LPP8JAbfkc-b1Q6NvWw,UCzSfZlOVxBSs5ObD25ywxDQ,1
UCQ_-LPP8JAbfkc-b1Q6NvWw,UCEgEQmRbtL5fwr9_DqAC--g,1
UCQ_-LPP8JAbfkc-b1Q6NvWw,UCQgYjVngJRfPHDLGB5X6ZjA,1
UCQ_-LPP8JAbfkc-b1Q6NvWw,UCAmtbUiIrUIhikru0ZoTFig,1
UCQ_-LPP8JAbfkc-b1Q6NvWw,UC4cXueR2bKGFJV0Fk76gwmA,1
UCQ_-LPP8JAbfkc-b1Q6NvWw,UCUIIIPTVDVHAXqhC_5V6lPA,1
UCQ_-LPP8JAbfkc-b1Q6NvWw,UCDQaQv0hr2SS_PO-CMEwVHg,1
UCQ_-LPP8JAbfkc-b1Q6NvWw,UCDlr1VadSucIZgZ171pRBjQ,1
UCQ_-LPP8JAbfkc-b1Q6NvWw,UC7VUuJr9cGh845CmTvf7TlQ,1
UCQ_-LPP8JAbfkc-b1Q6NvWw,UCA93ym2TXs_Ibyxb4Vcn-6Q,1
UCQ_-LPP8JAbfkc-b1Q6NvWw,UCXgr7vXlRrsaskPdo097kGA,1
UCQ_-LPP8JAbfkc-b1Q6NvWw,UCj-LL25XJnjxepPKCc3NGog,1
UCQ_-LPP8JAbfkc-b1Q6NvWw,UChgkn5Jt5tWKYMoEOuCjz3Q,1
UCQ_-LPP8JAbfkc-b1Q6NvWw,UC3NMzdMYryaw82kPTnsaljg,1
UCQ_-LPP8JAbfkc-b1Q6NvWw,UCylqlpsh8ENNM1LqgQ1KbxA,1
UCQ_-LPP8JAbfkc-b1Q6NvWw,UCCaYwkkbQGcvFoUmothVdQQ,1
UCQ_-LPP8JAbfkc-b1Q6NvWw,UC9vMq1YF-e7C-VO0SHkbUTA,1
UCQ_-LPP8JAbfkc-b1Q6NvWw,UCr1emrogPKkKTs_WTtx71xg,1
UCQ_-LPP8JAbfkc-b1Q6NvWw,UCV0iizTBoOfdAFX_thfI9BA,1
UCQ_-LPP8JAbfkc-b1Q6NvWw,UCTylKrsqkrBKIqubMu_5N0Q,1
UCQ_-LPP8JAbfkc-b1Q6NvWw,UCDUffaruH6dyUnUGwsTKpgg,1
UCQ_-LPP8JAbfkc-b1Q6NvWw,UCN6qbfPSzFtjhqUDZ3Cv3CQ,1
UCQ_-LPP8JAbfkc-b1Q6NvWw,UCplrIQtaPj6au60_f2-mOYw,1
UCQ_-LPP8JAbfkc-b1Q6NvWw,UCueV9cTyTDwgQSec1x2dYgA,1
UCQ_-LPP8JAbfkc-b1Q6NvWw,UCFxE8GbokBrBsPEKM1xrOjQ,1
UCQ_-LPP8JAbfkc-b1Q6NvWw,UCDIMztpVm7G27qBuiWuT6oQ,1
UCQ_-LPP8JAbfkc-b1Q6NvWw,UC-jS_kA9w-OmpupXDx156Rg,1
UCQ_-LPP8JAbfkc-b1Q6NvWw,UCsjs5Hp_r86x1xbK6FAeqaA,1
UCQ_-LPP8JAbfkc-b1Q6NvWw,UCQqetiwzzmRNTM5OWuXarGQ,1
UCQ_-LPP8JAbfkc-b1Q6NvWw,UCsUCN0Yq_UyTvKjOJLmNrnQ,1
UCQ_-LPP8JAbfkc-b1Q6NvWw,UCfM3nrxtTQMY5jFx1v1J4Gg,1
UCQ_-LPP8JAbfkc-b1Q6NvWw,UCNBnKqWf4d-rS4HwJRQljmQ,1
UCQ_-LPP8JAbfkc-b1Q6NvWw,UC650pRT-OYzny3GwOH8Cgfw,1
UCQ_-LPP8JAbfkc-b1Q6NvWw,UCxff05WuyvwELNITi7bj7UA,1
UCQ_-LPP8JAbfkc-b1Q6NvWw,UC-pNP6RMFuLg_-x7Ah_0kEA,1
UCQ_-LPP8JAbfkc-b1Q6NvWw,UCGzXwyCzMzGmjmCbH3Hg01Q,1
UCQ_-LPP8JAbfkc-b1Q6NvWw,UCi1b_TRQfgO1Z9O2gNGGWNA,1
UCQ_-LPP8JAbfkc-b1Q6NvWw,UCzoL2l5H5eVlorWGH8AZfAg,1
UCQ_-LPP8JAbfkc-b1Q6NvWw,UCjmPuazZJzscrwvk0QR9RVw,1
UCQ_-LPP8JAbfkc-b1Q6NvWw,UCHhHUjaMAZ8SiXdCUCj9DkQ,1
UCQ_-LPP8JAbfkc-b1Q6NvWw,UCRelkU8JiZBytTzebJxaa-w,1
UCQ_-LPP8JAbfkc-b1Q6NvWw,UC3MYTqpQqlWBuCB7Th0e0PA,1
UCQ_-LPP8JAbfkc-b1Q6NvWw,UCZ51R_9Q9C0c8I3pAWhtmjQ,1
UCQ_-LPP8JAbfkc-b1Q6NvWw,UCujPF2nBgsTD62nWE3lcpIg,1
UCQ_-LPP8JAbfkc-b1Q6NvWw,UC9xr9QvIcDvoZNUX5f-jaZw,1
UCQ_-LPP8JAbfkc-b1Q6NvWw,UCYN4wSQ1Sx4_LurxLlW7MPg,1
UCQ_-LPP8JAbfkc-b1Q6NvWw,UCOh6DaZC_x9HASnlRylEMfw,1
UCQ_-LPP8JAbfkc-b1Q6NvWw,UCTP3O0rMnc8z8v8jaDQwL0w,1
UCQ_-LPP8JAbfkc-b1Q6NvWw,UChep9kVb5gQmpodEEl10Xlg,1
UCQ_-LPP8JAbfkc-b1Q6NvWw,UCFoIAE8k82D6AV-8gjjKaNg,1
UCVQf0tzL7xRzFJsABVVULpg,UCNIeXbV_mEwpa412h1aqUWw,1
UCVQf0tzL7xRzFJsABVVULpg,UCzZ6dDCEsLMXbc5pCFXIprw,1
UCVQf0tzL7xRzFJsABVVULpg,UCPZueDLrCS4BmTBRMA4q0fA,1
UCVQf0tzL7xRzFJsABVVULpg,UCGX_UbAQOXGZknv5iqklwTA,1
UCVQf0tzL7xRzFJsABVVULpg,UCf5lnNZF7Qrtli9v4N_23WQ,1
UCVQf0tzL7xRzFJsABVVULpg,UCgQJgI9vu1FI2dnC9mrFthw,1
UCVQf0tzL7xRzFJsABVVULpg,UC8xlJWNHz1V_W6q3fbuQH8g,1
UC3MYTqpQqlWBuCB7Th0e0PA,UC2weSE8rpqkGMOp6StYtVfg,1
UC3MYTqpQqlWBuCB7Th0e0PA,UCiGRBf2RNF0WRKhRVT7zFoA,1
UC3MYTqpQqlWBuCB7Th0e0PA,UC3E9mAgP7VoAE5mZoAexl5g,1
UC3MYTqpQqlWBuCB7Th0e0PA,UCut6b9S98nv84cVX89PmKzA,1
UC3MYTqpQqlWBuCB7Th0e0PA,UCXXh7yg5KUFIWylTiKVEFKQ,1
UC3MYTqpQqlWBuCB7Th0e0PA,UCz3gu01bmjNv0DpRq-K3XYg,1
UC3MYTqpQqlWBuCB7Th0e0PA,UCp4iw5_5SmV9VGTFSNVGOmQ,1
UC3MYTqpQqlWBuCB7Th0e0PA,UCWIZUtKJ636y-4TYrNvok0g,1
UC3MYTqpQqlWBuCB7Th0e0PA,UCgvw7xIdGFupzpt1Y_BFkEA,1
UC3MYTqpQqlWBuCB7Th0e0PA,UCtNfIBnc5S5DbbQj_yxgJTw,1
UC3MYTqpQqlWBuCB7Th0e0PA,UCmjppp6ujz3SAnULvP3sZMw,1
UC3MYTqpQqlWBuCB7Th0e0PA,UCYwpX26TrCxq8TvbKGRYLXA,1
UC3MYTqpQqlWBuCB7Th0e0PA,UChZknRmJkeGeQk0-mQuhDOg,1
UC3MYTqpQqlWBuCB7Th0e0PA,UCL1MT278vSaQ83ZDkVWn1gw,1
UC3MYTqpQqlWBuCB7Th0e0PA,UCh5ESQvtzyHDhCA7XyekCFA,1
UC3MYTqpQqlWBuCB7Th0e0PA,UCzSfZlOVxBSs5ObD25ywxDQ,1
UC3MYTqpQqlWBuCB7Th0e0PA,UCEgEQmRbtL5fwr9_DqAC--g,1
UC3MYTqpQqlWBuCB7Th0e0PA,UCQgYjVngJRfPHDLGB5X6ZjA,1
UC3MYTqpQqlWBuCB7Th0e0PA,UCAmtbUiIrUIhikru0ZoTFig,1
UC3MYTqpQqlWBuCB7Th0e0PA,UC4cXueR2bKGFJV0Fk76gwmA,1
UC3MYTqpQqlWBuCB7Th0e0PA,UCUIIIPTVDVHAXqhC_5V6lPA,1
UC3MYTqpQqlWBuCB7Th0e0PA,UCDQaQv0hr2SS_PO-CMEwVHg,1
UC3MYTqpQqlWBuCB7Th0e0PA,UCDlr1VadSucIZgZ171pRBjQ,1
UC3MYTqpQqlWBuCB7Th0e0PA,UC7VUuJr9cGh845CmTvf7TlQ,1
UC3MYTqpQqlWBuCB7Th0e0PA,UCA93ym2TXs_Ibyxb4Vcn-6Q,1
UC3MYTqpQqlWBuCB7Th0e0PA,UCXgr7vXlRrsaskPdo097kGA,1
UC3MYTqpQqlWBuCB7Th0e0PA,UCj-LL25XJnjxepPKCc3NGog,1
UC3MYTqpQqlWBuCB7Th0e0PA,UChgkn5Jt5tWKYMoEOuCjz3Q,1
UC3MYTqpQqlWBuCB7Th0e0PA,UC3NMzdMYryaw82kPTnsaljg,1
UC3MYTqpQqlWBuCB7Th0e0PA,UCylqlpsh8ENNM1LqgQ1KbxA,1
UC3MYTqpQqlWBuCB7Th0e0PA,UCCaYwkkbQGcvFoUmothVdQQ,1
UC3MYTqpQqlWBuCB7Th0e0PA,UC9vMq1YF-e7C-VO0SHkbUTA,1
UC3MYTqpQqlWBuCB7Th0e0PA,UCr1emrogPKkKTs_WTtx71xg,1
UC3MYTqpQqlWBuCB7Th0e0PA,UCV0iizTBoOfdAFX_thfI9BA,1
UC3MYTqpQqlWBuCB7Th0e0PA,UCTylKrsqkrBKIqubMu_5N0Q,1
UC3MYTqpQqlWBuCB7Th0e0PA,UCDUffaruH6dyUnUGwsTKpgg,1
UC3MYTqpQqlWBuCB7Th0e0PA,UCN6qbfPSzFtjhqUDZ3Cv3CQ,1
UC3MYTqpQqlWBuCB7Th0e0PA,UCplrIQtaPj6au60_f2-mOYw,1
UC3MYTqpQqlWBuCB7Th0e0PA,UCueV9cTyTDwgQSec1x2dYgA,1
UC3MYTqpQqlWBuCB7Th0e0PA,UCFxE8GbokBrBsPEKM1xrOjQ,1
UC3MYTqpQqlWBuCB7Th0e0PA,UCDIMztpVm7G27qBuiWuT6oQ,1
UC3MYTqpQqlWBuCB7Th0e0PA,UC-jS_kA9w-OmpupXDx156Rg,1
UC3MYTqpQqlWBuCB7Th0e0PA,UCsjs5Hp_r86x1xbK6FAeqaA,1
UC3MYTqpQqlWBuCB7Th0e0PA,UCQqetiwzzmRNTM5OWuXarGQ,1
UC3MYTqpQqlWBuCB7Th0e0PA,UCsUCN0Yq_UyTvKjOJLmNrnQ,1
UC3MYTqpQqlWBuCB7Th0e0PA,UCfM3nrxtTQMY5jFx1v1J4Gg,1
UC3MYTqpQqlWBuCB7Th0e0PA,UCNBnKqWf4d-rS4HwJRQljmQ,1
UC3MYTqpQqlWBuCB7Th0e0PA,UC650pRT-OYzny3GwOH8Cgfw,1
UC3MYTqpQqlWBuCB7Th0e0PA,UCxff05WuyvwELNITi7bj7UA,1
UC3MYTqpQqlWBuCB7Th0e0PA,UC-pNP6RMFuLg_-x7Ah_0kEA,1
UC3MYTqpQqlWBuCB7Th0e0PA,UCGzXwyCzMzGmjmCbH3Hg01Q,1
UC3MYTqpQqlWBuCB7Th0e0PA,UCi1b_TRQfgO1Z9O2gNGGWNA,1
UC3MYTqpQqlWBuCB7Th0e0PA,UCzoL2l5H5eVlorWGH8AZfAg,1
UC3MYTqpQqlWBuCB7Th0e0PA,UCjmPuazZJzscrwvk0QR9RVw,1
UC3MYTqpQqlWBuCB7Th0e0PA,UCHhHUjaMAZ8SiXdCUCj9DkQ,1
UC3MYTqpQqlWBuCB7Th0e0PA,UCRelkU8JiZBytTzebJxaa-w,1
UC3MYTqpQqlWBuCB7Th0e0PA,UCZ51R_9Q9C0c8I3pAWhtmjQ,1
UC3MYTqpQqlWBuCB7Th0e0PA,UCujPF2nBgsTD62nWE3lcpIg,1
UC3MYTqpQqlWBuCB7Th0e0PA,UC9xr9QvIcDvoZNUX5f-jaZw,1
UC3MYTqpQqlWBuCB7Th0e0PA,UCYN4wSQ1Sx4_LurxLlW7MPg,1
UC3MYTqpQqlWBuCB7Th0e0PA,UCOh6DaZC_x9HASnlRylEMfw,1
UC3MYTqpQqlWBuCB7Th0e0PA,UCTP3O0rMnc8z8v8jaDQwL0w,1
UC3MYTqpQqlWBuCB7Th0e0PA,UChep9kVb5gQmpodEEl10Xlg,1
UC3MYTqpQqlWBuCB7Th0e0PA,UCFoIAE8k82D6AV-8gjjKaNg,1
UCujPF2nBgsTD62nWE3lcpIg,UC2weSE8rpqkGMOp6StYtVfg,1
UCujPF2nBgsTD62nWE3lcpIg,UCiGRBf2RNF0WRKhRVT7zFoA,1
UCujPF2nBgsTD62nWE3lcpIg,UC3E9mAgP7VoAE5mZoAexl5g,1
UCujPF2nBgsTD62nWE3lcpIg,UCut6b9S98nv84cVX89PmKzA,1
UCujPF2nBgsTD62nWE3lcpIg,UCXXh7yg5KUFIWylTiKVEFKQ,1
UCujPF2nBgsTD62nWE3lcpIg,UCz3gu01bmjNv0DpRq-K3XYg,1
UCujPF2nBgsTD62nWE3lcpIg,UCp4iw5_5SmV9VGTFSNVGOmQ,1
UCujPF2nBgsTD62nWE3lcpIg,UCWIZUtKJ636y-4TYrNvok0g,1
UCujPF2nBgsTD62nWE3lcpIg,UCgvw7xIdGFupzpt1Y_BFkEA,1
UCujPF2nBgsTD62nWE3lcpIg,UCtNfIBnc5S5DbbQj_yxgJTw,1
UCujPF2nBgsTD62nWE3lcpIg,UCmjppp6ujz3SAnULvP3sZMw,1
UCujPF2nBgsTD62nWE3lcpIg,UCYwpX26TrCxq8TvbKGRYLXA,1
UCujPF2nBgsTD62nWE3lcpIg,UChZknRmJkeGeQk0-mQuhDOg,1
UCujPF2nBgsTD62nWE3lcpIg,UCL1MT278vSaQ83ZDkVWn1gw,1
UCujPF2nBgsTD62nWE3lcpIg,UCh5ESQvtzyHDhCA7XyekCFA,1
UCujPF2nBgsTD62nWE3lcpIg,UCzSfZlOVxBSs5ObD25ywxDQ,1
UCujPF2nBgsTD62nWE3lcpIg,UCEgEQmRbtL5fwr9_DqAC--g,1
UCujPF2nBgsTD62nWE3lcpIg,UCQgYjVngJRfPHDLGB5X6ZjA,1
UCujPF2nBgsTD62nWE3lcpIg,UCAmtbUiIrUIhikru0ZoTFig,1
UCujPF2nBgsTD62nWE3lcpIg,UC4cXueR2bKGFJV0Fk76gwmA,1
UCujPF2nBgsTD62nWE3lcpIg,UCUIIIPTVDVHAXqhC_5V6lPA,1
UCujPF2nBgsTD62nWE3lcpIg,UCDQaQv0hr2SS_PO-CMEwVHg,1
UCujPF2nBgsTD62nWE3lcpIg,UCDlr1VadSucIZgZ171pRBjQ,1
UCujPF2nBgsTD62nWE3lcpIg,UC7VUuJr9cGh845CmTvf7TlQ,1
UCujPF2nBgsTD62nWE3lcpIg,UCA93ym2TXs_Ibyxb4Vcn-6Q,1
UCujPF2nBgsTD62nWE3lcpIg,UCXgr7vXlRrsaskPdo097kGA,1
UCujPF2nBgsTD62nWE3lcpIg,UCj-LL25XJnjxepPKCc3NGog,1
UCujPF2nBgsTD62nWE3lcpIg,UChgkn5Jt5tWKYMoEOuCjz3Q,1
UCujPF2nBgsTD62nWE3lcpIg,UC3NMzdMYryaw82kPTnsaljg,1
UCujPF2nBgsTD62nWE3lcpIg,UCylqlpsh8ENNM1LqgQ1KbxA,1
UCujPF2nBgsTD62nWE3lcpIg,UCCaYwkkbQGcvFoUmothVdQQ,1
UCujPF2nBgsTD62nWE3lcpIg,UC9vMq1YF-e7C-VO0SHkbUTA,1
UCujPF2nBgsTD62nWE3lcpIg,UCr1emrogPKkKTs_WTtx71xg,1
UCujPF2nBgsTD62nWE3lcpIg,UCV0iizTBoOfdAFX_thfI9BA,1
UCujPF2nBgsTD62nWE3lcpIg,UCTylKrsqkrBKIqubMu_5N0Q,1
UCujPF2nBgsTD62nWE3lcpIg,UCDUffaruH6dyUnUGwsTKpgg,1
UCujPF2nBgsTD62nWE3lcpIg,UCN6qbfPSzFtjhqUDZ3Cv3CQ,1
UCujPF2nBgsTD62nWE3lcpIg,UCplrIQtaPj6au60_f2-mOYw,1
UCujPF2nBgsTD62nWE3lcpIg,UCueV9cTyTDwgQSec1x2dYgA,1
UCujPF2nBgsTD62nWE3lcpIg,UCFxE8GbokBrBsPEKM1xrOjQ,1
UCujPF2nBgsTD62nWE3lcpIg,UCDIMztpVm7G27qBuiWuT6oQ,1
UCujPF2nBgsTD62nWE3lcpIg,UC-jS_kA9w-OmpupXDx156Rg,1
UCujPF2nBgsTD62nWE3lcpIg,UCsjs5Hp_r86x1xbK6FAeqaA,1
UCujPF2nBgsTD62nWE3lcpIg,UCQqetiwzzmRNTM5OWuXarGQ,1
UCujPF2nBgsTD62nWE3lcpIg,UCsUCN0Yq_UyTvKjOJLmNrnQ,1
UCujPF2nBgsTD62nWE3lcpIg,UCfM3nrxtTQMY5jFx1v1J4Gg,1
UCujPF2nBgsTD62nWE3lcpIg,UCNBnKqWf4d-rS4HwJRQljmQ,1
UCujPF2nBgsTD62nWE3lcpIg,UC650pRT-OYzny3GwOH8Cgfw,1
UCujPF2nBgsTD62nWE3lcpIg,UCxff05WuyvwELNITi7bj7UA,1
UCujPF2nBgsTD62nWE3lcpIg,UC-pNP6RMFuLg_-x7Ah_0kEA,1
UCujPF2nBgsTD62nWE3lcpIg,UCGzXwyCzMzGmjmCbH3Hg01Q,1
UCujPF2nBgsTD62nWE3lcpIg,UCi1b_TRQfgO1Z9O2gNGGWNA,1
UCujPF2nBgsTD62nWE3lcpIg,UCzoL2l5H5eVlorWGH8AZfAg,1
UCujPF2nBgsTD62nWE3lcpIg,UCjmPuazZJzscrwvk0QR9RVw,1
UCujPF2nBgsTD62nWE3lcpIg,UCHhHUjaMAZ8SiXdCUCj9DkQ,1
UCujPF2nBgsTD62nWE3lcpIg,UCRelkU8JiZBytTzebJxaa-w,1
UCujPF2nBgsTD62nWE3lcpIg,UCZ51R_9Q9C0c8I3pAWhtmjQ,1
UCujPF2nBgsTD62nWE3lcpIg,UC9xr9QvIcDvoZNUX5f-jaZw,1
UCujPF2nBgsTD62nWE3lcpIg,UCYN4wSQ1Sx4_LurxLlW7MPg,1
UCujPF2nBgsTD62nWE3lcpIg,UCOh6DaZC_x9HASnlRylEMfw,1
UCujPF2nBgsTD62nWE3lcpIg,UCTP3O0rMnc8z8v8jaDQwL0w,1
UCujPF2nBgsTD62nWE3lcpIg,UChep9kVb5gQmpodEEl10Xlg,1
UCujPF2nBgsTD62nWE3lcpIg,UCFoIAE8k82D6AV-8gjjKaNg,1
UC9xr9QvIcDvoZNUX5f-jaZw,UC2weSE8rpqkGMOp6StYtVfg,1
UC9xr9QvIcDvoZNUX5f-jaZw,UCiGRBf2RNF0WRKhRVT7zFoA,1
UC9xr9QvIcDvoZNUX5f-jaZw,UC3E9mAgP7VoAE5mZoAexl5g,1
UC9xr9QvIcDvoZNUX5f-jaZw,UCut6b9S98nv84cVX89PmKzA,1
UC9xr9QvIcDvoZNUX5f-jaZw,UCXXh7yg5KUFIWylTiKVEFKQ,1
UC9xr9QvIcDvoZNUX5f-jaZw,UCz3gu01bmjNv0DpRq-K3XYg,1
UC9xr9QvIcDvoZNUX5f-jaZw,UCp4iw5_5SmV9VGTFSNVGOmQ,1
UC9xr9QvIcDvoZNUX5f-jaZw,UCWIZUtKJ636y-4TYrNvok0g,1
UC9xr9QvIcDvoZNUX5f-jaZw,UCgvw7xIdGFupzpt1Y_BFkEA,1
UC9xr9QvIcDvoZNUX5f-jaZw,UCtNfIBnc5S5DbbQj_yxgJTw,1
UC9xr9QvIcDvoZNUX5f-jaZw,UCmjppp6ujz3SAnULvP3sZMw,1
UC9xr9QvIcDvoZNUX5f-jaZw,UCYwpX26TrCxq8TvbKGRYLXA,1
UC9xr9QvIcDvoZNUX5f-jaZw,UChZknRmJkeGeQk0-mQuhDOg,1
UC9xr9QvIcDvoZNUX5f-jaZw,UCL1MT278vSaQ83ZDkVWn1gw,1
UC9xr9QvIcDvoZNUX5f-jaZw,UCh5ESQvtzyHDhCA7XyekCFA,1
UC9xr9QvIcDvoZNUX5f-jaZw,UCzSfZlOVxBSs5ObD25ywxDQ,1
UC9xr9QvIcDvoZNUX5f-jaZw,UCEgEQmRbtL5fwr9_DqAC--g,1
UC9xr9QvIcDvoZNUX5f-jaZw,UCQgYjVngJRfPHDLGB5X6ZjA,1
UC9xr9QvIcDvoZNUX5f-jaZw,UCAmtbUiIrUIhikru0ZoTFig,1
UC9xr9QvIcDvoZNUX5f-jaZw,UC4cXueR2bKGFJV0Fk76gwmA,1
UC9xr9QvIcDvoZNUX5f-jaZw,UCUIIIPTVDVHAXqhC_5V6lPA,1
UC9xr9QvIcDvoZNUX5f-jaZw,UCDQaQv0hr2SS_PO-CMEwVHg,1
UC9xr9QvIcDvoZNUX5f-jaZw,UCDlr1VadSucIZgZ171pRBjQ,1
UC9xr9QvIcDvoZNUX5f-jaZw,UC7VUuJr9cGh845CmTvf7TlQ,1
UC9xr9QvIcDvoZNUX5f-jaZw,UCA93ym2TXs_Ibyxb4Vcn-6Q,1
UC9xr9QvIcDvoZNUX5f-jaZw,UCXgr7vXlRrsaskPdo097kGA,1
UC9xr9QvIcDvoZNUX5f-jaZw,UCj-LL25XJnjxepPKCc3NGog,1
UC9xr9QvIcDvoZNUX5f-jaZw,UChgkn5Jt5tWKYMoEOuCjz3Q,1
UC9xr9QvIcDvoZNUX5f-jaZw,UC3NMzdMYryaw82kPTnsaljg,1
UC9xr9QvIcDvoZNUX5f-jaZw,UCylqlpsh8ENNM1LqgQ1KbxA,1
UC9xr9QvIcDvoZNUX5f-jaZw,UCCaYwkkbQGcvFoUmothVdQQ,1
UC9xr9QvIcDvoZNUX5f-jaZw,UC9vMq1YF-e7C-VO0SHkbUTA,1
UC9xr9QvIcDvoZNUX5f-jaZw,UCr1emrogPKkKTs_WTtx71xg,1
UC9xr9QvIcDvoZNUX5f-jaZw,UCV0iizTBoOfdAFX_thfI9BA,1
UC9xr9QvIcDvoZNUX5f-jaZw,UCTylKrsqkrBKIqubMu_5N0Q,1
UC9xr9QvIcDvoZNUX5f-jaZw,UCDUffaruH6dyUnUGwsTKpgg,1
UC9xr9QvIcDvoZNUX5f-jaZw,UCN6qbfPSzFtjhqUDZ3Cv3CQ,1
UC9xr9QvIcDvoZNUX5f-jaZw,UCplrIQtaPj6au60_f2-mOYw,1
UC9xr9QvIcDvoZNUX5f-jaZw,UCueV9cTyTDwgQSec1x2dYgA,1
UC9xr9QvIcDvoZNUX5f-jaZw,UCFxE8GbokBrBsPEKM1xrOjQ,1
UC9xr9QvIcDvoZNUX5f-jaZw,UCDIMztpVm7G27qBuiWuT6oQ,1
UC9xr9QvIcDvoZNUX5f-jaZw,UC-jS_kA9w-OmpupXDx156Rg,1
UC9xr9QvIcDvoZNUX5f-jaZw,UCsjs5Hp_r86x1xbK6FAeqaA,1
UC9xr9QvIcDvoZNUX5f-jaZw,UCQqetiwzzmRNTM5OWuXarGQ,1
UC9xr9QvIcDvoZNUX5f-jaZw,UCsUCN0Yq_UyTvKjOJLmNrnQ,1
UC9xr9QvIcDvoZNUX5f-jaZw,UCfM3nrxtTQMY5jFx1v1J4Gg,1
UC9xr9QvIcDvoZNUX5f-jaZw,UCNBnKqWf4d-rS4HwJRQljmQ,1
UC9xr9QvIcDvoZNUX5f-jaZw,UC650pRT-OYzny3GwOH8Cgfw,1
UC9xr9QvIcDvoZNUX5f-jaZw,UCxff05WuyvwELNITi7bj7UA,1
UC9xr9QvIcDvoZNUX5f-jaZw,UC-pNP6RMFuLg_-x7Ah_0kEA,1
UC9xr9QvIcDvoZNUX5f-jaZw,UCGzXwyCzMzGmjmCbH3Hg01Q,1
UC9xr9QvIcDvoZNUX5f-jaZw,UCi1b_TRQfgO1Z9O2gNGGWNA,1
UC9xr9QvIcDvoZNUX5f-jaZw,UCzoL2l5H5eVlorWGH8AZfAg,1
UC9xr9QvIcDvoZNUX5f-jaZw,UCjmPuazZJzscrwvk0QR9RVw,1
UC9xr9QvIcDvoZNUX5f-jaZw,UCHhHUjaMAZ8SiXdCUCj9DkQ,1
UC9xr9QvIcDvoZNUX5f-jaZw,UCRelkU8JiZBytTzebJxaa-w,1
UC9xr9QvIcDvoZNUX5f-jaZw,UCZ51R_9Q9C0c8I3pAWhtmjQ,1
UC9xr9QvIcDvoZNUX5f-jaZw,UCYN4wSQ1Sx4_LurxLlW7MPg,1
UC9xr9QvIcDvoZNUX5f-jaZw,UCOh6DaZC_x9HASnlRylEMfw,1
UC9xr9QvIcDvoZNUX5f-jaZw,UCTP3O0rMnc8z8v8jaDQwL0w,1
UC9xr9QvIcDvoZNUX5f-jaZw,UChep9kVb5gQmpodEEl10Xlg,1
UC9xr9QvIcDvoZNUX5f-jaZw,UCFoIAE8k82D6AV-8gjjKaNg,1
UCNpt5CQlTzNjlAKY6CJtClQ,UCDrmf9y9nLgFY5wnA2hTuGA,1
UCNpt5CQlTzNjlAKY6CJtClQ,UCQqlPPUGqAfWjd-FSh_qn7Q,1
UCNpt5CQlTzNjlAKY6CJtClQ,UCZeIIQrGAedW8tCbKWmGY-A,1
UCNpt5CQlTzNjlAKY6CJtClQ,UC5hvEnRUzI4Kfvwnyi4QxqQ,1
UCNpt5CQlTzNjlAKY6CJtClQ,UCgJNFj5dnxXpcMvmuhZDPxA,1
UCNpt5CQlTzNjlAKY6CJtClQ,UCylqlpsh8ENNM1LqgQ1KbxA,1
UCNpt5CQlTzNjlAKY6CJtClQ,UC-fiZBS5Gp1eCJd9ucgWnCg,1
UCNpt5CQlTzNjlAKY6CJtClQ,UCe8JZoYkX5oKUZyivHYdXhw,1
UCNpt5CQlTzNjlAKY6CJtClQ,UCpe5jW3MIqkgTJ-PgkzvM6Q,1
UCNpt5CQlTzNjlAKY6CJtClQ,UCdFlugHJJa4l3YqWuNRmvXw,1
UCNpt5CQlTzNjlAKY6CJtClQ,UCu8_3-Wg-YzNyvHYQDEscfw,1
UCNpt5CQlTzNjlAKY6CJtClQ,UCsGoJEvb-cFPZ2rWoJcXzEQ,1
UCNpt5CQlTzNjlAKY6CJtClQ,UCgQw_Sbq3ugruDUKsq1e0-A,1
UCNpt5CQlTzNjlAKY6CJtClQ,UCV0lM03g5fg5pbPj97-sAtA,1
UCNpt5CQlTzNjlAKY6CJtClQ,UC6Uj1FT5JjDSF8vudvDxPAA,1
UCNpt5CQlTzNjlAKY6CJtClQ,UCRAquv8el-tQ30bN7MlmySQ,1
UCNpt5CQlTzNjlAKY6CJtClQ,UCRvPToDkkumha7WJAfCDk1A,1
UCNpt5CQlTzNjlAKY6CJtClQ,UC1DpqK6vaPEkBOMNvypsKYg,1
UCNpt5CQlTzNjlAKY6CJtClQ,UCW80DaMjQlEUibC98Cot-Dg,1
UCNpt5CQlTzNjlAKY6CJtClQ,UCqCrvuoJpC-aVb0f4logQRQ,1
UCNpt5CQlTzNjlAKY6CJtClQ,UCGGHbtfbbe0o68etrOf0qxw,1
UCNpt5CQlTzNjlAKY6CJtClQ,UCQyOePccUP-fIJYzchAgZYw,1
UCNpt5CQlTzNjlAKY6CJtClQ,UClqA491Xa5fQcXcJJa-vTWw,1
UCNpt5CQlTzNjlAKY6CJtClQ,UCWoAVGVqCn4xtINCMOTM4jg,1
UCYN4wSQ1Sx4_LurxLlW7MPg,UC2weSE8rpqkGMOp6StYtVfg,1
UCYN4wSQ1Sx4_LurxLlW7MPg,UCiGRBf2RNF0WRKhRVT7zFoA,1
UCYN4wSQ1Sx4_LurxLlW7MPg,UC3E9mAgP7VoAE5mZoAexl5g,1
UCYN4wSQ1Sx4_LurxLlW7MPg,UCut6b9S98nv84cVX89PmKzA,1
UCYN4wSQ1Sx4_LurxLlW7MPg,UCXXh7yg5KUFIWylTiKVEFKQ,1
UCYN4wSQ1Sx4_LurxLlW7MPg,UCz3gu01bmjNv0DpRq-K3XYg,1
UCYN4wSQ1Sx4_LurxLlW7MPg,UCp4iw5_5SmV9VGTFSNVGOmQ,1
UCYN4wSQ1Sx4_LurxLlW7MPg,UCWIZUtKJ636y-4TYrNvok0g,1
UCYN4wSQ1Sx4_LurxLlW7MPg,UCgvw7xIdGFupzpt1Y_BFkEA,1
UCYN4wSQ1Sx4_LurxLlW7MPg,UCtNfIBnc5S5DbbQj_yxgJTw,1
UCYN4wSQ1Sx4_LurxLlW7MPg,UCmjppp6ujz3SAnULvP3sZMw,1
UCYN4wSQ1Sx4_LurxLlW7MPg,UCYwpX26TrCxq8TvbKGRYLXA,1
UCYN4wSQ1Sx4_LurxLlW7MPg,UChZknRmJkeGeQk0-mQuhDOg,1
UCYN4wSQ1Sx4_LurxLlW7MPg,UCL1MT278vSaQ83ZDkVWn1gw,1
UCYN4wSQ1Sx4_LurxLlW7MPg,UCh5ESQvtzyHDhCA7XyekCFA,1
UCYN4wSQ1Sx4_LurxLlW7MPg,UCzSfZlOVxBSs5ObD25ywxDQ,1
UCYN4wSQ1Sx4_LurxLlW7MPg,UCEgEQmRbtL5fwr9_DqAC--g,1
UCYN4wSQ1Sx4_LurxLlW7MPg,UCQgYjVngJRfPHDLGB5X6ZjA,1
UCYN4wSQ1Sx4_LurxLlW7MPg,UCAmtbUiIrUIhikru0ZoTFig,1
UCYN4wSQ1Sx4_LurxLlW7MPg,UC4cXueR2bKGFJV0Fk76gwmA,1
UCYN4wSQ1Sx4_LurxLlW7MPg,UCUIIIPTVDVHAXqhC_5V6lPA,1
UCYN4wSQ1Sx4_LurxLlW7MPg,UCDQaQv0hr2SS_PO-CMEwVHg,1
UCYN4wSQ1Sx4_LurxLlW7MPg,UCDlr1VadSucIZgZ171pRBjQ,1
UCYN4wSQ1Sx4_LurxLlW7MPg,UC7VUuJr9cGh845CmTvf7TlQ,1
UCYN4wSQ1Sx4_LurxLlW7MPg,UCA93ym2TXs_Ibyxb4Vcn-6Q,1
UCYN4wSQ1Sx4_LurxLlW7MPg,UCXgr7vXlRrsaskPdo097kGA,1
UCYN4wSQ1Sx4_LurxLlW7MPg,UCj-LL25XJnjxepPKCc3NGog,1
UCYN4wSQ1Sx4_LurxLlW7MPg,UChgkn5Jt5tWKYMoEOuCjz3Q,1
UCYN4wSQ1Sx4_LurxLlW7MPg,UC3NMzdMYryaw82kPTnsaljg,1
UCYN4wSQ1Sx4_LurxLlW7MPg,UCylqlpsh8ENNM1LqgQ1KbxA,1
UCYN4wSQ1Sx4_LurxLlW7MPg,UCCaYwkkbQGcvFoUmothVdQQ,1
UCYN4wSQ1Sx4_LurxLlW7MPg,UC9vMq1YF-e7C-VO0SHkbUTA,1
UCYN4wSQ1Sx4_LurxLlW7MPg,UCr1emrogPKkKTs_WTtx71xg,1
UCYN4wSQ1Sx4_LurxLlW7MPg,UCV0iizTBoOfdAFX_thfI9BA,1
UCYN4wSQ1Sx4_LurxLlW7MPg,UCTylKrsqkrBKIqubMu_5N0Q,1
UCYN4wSQ1Sx4_LurxLlW7MPg,UCDUffaruH6dyUnUGwsTKpgg,1
UCYN4wSQ1Sx4_LurxLlW7MPg,UCN6qbfPSzFtjhqUDZ3Cv3CQ,1
UCYN4wSQ1Sx4_LurxLlW7MPg,UCplrIQtaPj6au60_f2-mOYw,1
UCYN4wSQ1Sx4_LurxLlW7MPg,UCueV9cTyTDwgQSec1x2dYgA,1
UCYN4wSQ1Sx4_LurxLlW7MPg,UCFxE8GbokBrBsPEKM1xrOjQ,1
UCYN4wSQ1Sx4_LurxLlW7MPg,UCDIMztpVm7G27qBuiWuT6oQ,1
UCYN4wSQ1Sx4_LurxLlW7MPg,UC-jS_kA9w-OmpupXDx156Rg,1
UCYN4wSQ1Sx4_LurxLlW7MPg,UCsjs5Hp_r86x1xbK6FAeqaA,1
UCYN4wSQ1Sx4_LurxLlW7MPg,UCQqetiwzzmRNTM5OWuXarGQ,1
UCYN4wSQ1Sx4_LurxLlW7MPg,UCsUCN0Yq_UyTvKjOJLmNrnQ,1
UCYN4wSQ1Sx4_LurxLlW7MPg,UCfM3nrxtTQMY5jFx1v1J4Gg,1
UCYN4wSQ1Sx4_LurxLlW7MPg,UCNBnKqWf4d-rS4HwJRQljmQ,1
UCYN4wSQ1Sx4_LurxLlW7MPg,UC650pRT-OYzny3GwOH8Cgfw,1
UCYN4wSQ1Sx4_LurxLlW7MPg,UCxff05WuyvwELNITi7bj7UA,1
UCYN4wSQ1Sx4_LurxLlW7MPg,UC-pNP6RMFuLg_-x7Ah_0kEA,1
UCYN4wSQ1Sx4_LurxLlW7MPg,UCGzXwyCzMzGmjmCbH3Hg01Q,1
UCYN4wSQ1Sx4_LurxLlW7MPg,UCi1b_TRQfgO1Z9O2gNGGWNA,1
UCYN4wSQ1Sx4_LurxLlW7MPg,UCzoL2l5H5eVlorWGH8AZfAg,1
UCYN4wSQ1Sx4_LurxLlW7MPg,UCjmPuazZJzscrwvk0QR9RVw,1
UCYN4wSQ1Sx4_LurxLlW7MPg,UCHhHUjaMAZ8SiXdCUCj9DkQ,1
UCYN4wSQ1Sx4_LurxLlW7MPg,UCRelkU8JiZBytTzebJxaa-w,1
UCYN4wSQ1Sx4_LurxLlW7MPg,UCZ51R_9Q9C0c8I3pAWhtmjQ,1
UCYN4wSQ1Sx4_LurxLlW7MPg,UCOh6DaZC_x9HASnlRylEMfw,1
UCYN4wSQ1Sx4_LurxLlW7MPg,UCTP3O0rMnc8z8v8jaDQwL0w,1
UCYN4wSQ1Sx4_LurxLlW7MPg,UChep9kVb5gQmpodEEl10Xlg,1
UCYN4wSQ1Sx4_LurxLlW7MPg,UCFoIAE8k82D6AV-8gjjKaNg,1
UCJp3OrVYcBorC94sKwdch_A,UCvcu1kR8xMYy_I1Ty-2mV2Q,1
UCJp3OrVYcBorC94sKwdch_A,UC_6KbBY1bsYXz9fwFS0eQRg,1
UCJp3OrVYcBorC94sKwdch_A,UCVC2QugcI1G4RvlCiUqd1aQ,1
UCJp3OrVYcBorC94sKwdch_A,UCnU8wO1OurAmGstDw6VGjgQ,1
UCJp3OrVYcBorC94sKwdch_A,UCbrtvygfRT6QXqWDNrOf-cA,1
UCGGHbtfbbe0o68etrOf0qxw,UCDrmf9y9nLgFY5wnA2hTuGA,1
UCGGHbtfbbe0o68etrOf0qxw,UCQqlPPUGqAfWjd-FSh_qn7Q,1
UCGGHbtfbbe0o68etrOf0qxw,UCZeIIQrGAedW8tCbKWmGY-A,1
UCGGHbtfbbe0o68etrOf0qxw,UC5hvEnRUzI4Kfvwnyi4QxqQ,1
UCGGHbtfbbe0o68etrOf0qxw,UCgJNFj5dnxXpcMvmuhZDPxA,1
UCGGHbtfbbe0o68etrOf0qxw,UCylqlpsh8ENNM1LqgQ1KbxA,1
UCGGHbtfbbe0o68etrOf0qxw,UC-fiZBS5Gp1eCJd9ucgWnCg,1
UCGGHbtfbbe0o68etrOf0qxw,UCe8JZoYkX5oKUZyivHYdXhw,1
UCGGHbtfbbe0o68etrOf0qxw,UCpe5jW3MIqkgTJ-PgkzvM6Q,1
UCGGHbtfbbe0o68etrOf0qxw,UCdFlugHJJa4l3YqWuNRmvXw,1
UCGGHbtfbbe0o68etrOf0qxw,UCu8_3-Wg-YzNyvHYQDEscfw,1
UCGGHbtfbbe0o68etrOf0qxw,UCsGoJEvb-cFPZ2rWoJcXzEQ,1
UCGGHbtfbbe0o68etrOf0qxw,UCgQw_Sbq3ugruDUKsq1e0-A,1
UCGGHbtfbbe0o68etrOf0qxw,UCV0lM03g5fg5pbPj97-sAtA,1
UCGGHbtfbbe0o68etrOf0qxw,UC6Uj1FT5JjDSF8vudvDxPAA,1
UCGGHbtfbbe0o68etrOf0qxw,UCRAquv8el-tQ30bN7MlmySQ,1
UCGGHbtfbbe0o68etrOf0qxw,UCRvPToDkkumha7WJAfCDk1A,1
UCGGHbtfbbe0o68etrOf0qxw,UC1DpqK6vaPEkBOMNvypsKYg,1
UCGGHbtfbbe0o68etrOf0qxw,UCW80DaMjQlEUibC98Cot-Dg,1
UCGGHbtfbbe0o68etrOf0qxw,UCqCrvuoJpC-aVb0f4logQRQ,1
UCGGHbtfbbe0o68etrOf0qxw,UCQyOePccUP-fIJYzchAgZYw,1
UCGGHbtfbbe0o68etrOf0qxw,UClqA491Xa5fQcXcJJa-vTWw,1
UCGGHbtfbbe0o68etrOf0qxw,UCWoAVGVqCn4xtINCMOTM4jg,1
UCqilIa8r7iek5sGYg_q6ofA,UC_ljZ1hZXR9pzexFz87P5ZA,1
UCqilIa8r7iek5sGYg_q6ofA,UCY7Hq7F9Lnucf-Yr6JkHZNw,1
UCqilIa8r7iek5sGYg_q6ofA,UCIUhbSCy3-SGRe5UtqM4fzQ,1
UCqilIa8r7iek5sGYg_q6ofA,UCGqKxQS-z3NZzZF-2w338AA,1
UCqilIa8r7iek5sGYg_q6ofA,UCtMBF_1O2jY2INlb_luuB_A,1
UCqilIa8r7iek5sGYg_q6ofA,UCIp19h9igblA2YKfSLPDAug,1
UCqilIa8r7iek5sGYg_q6ofA,UCXmrpc6Li0spcKxtS0Q_ptg,1
UCqilIa8r7iek5sGYg_q6ofA,UCHMQ_lDhibZ-XZ_3fo6oxwg,1
UCqilIa8r7iek5sGYg_q6ofA,UCgLrWFdYitoP-b7-PxtUr-w,1
UCqilIa8r7iek5sGYg_q6ofA,UCRznz9-N3Qc1w-qNdLSIY2Q,1
UChep9kVb5gQmpodEEl10Xlg,UC2weSE8rpqkGMOp6StYtVfg,1
UChep9kVb5gQmpodEEl10Xlg,UCiGRBf2RNF0WRKhRVT7zFoA,1
UChep9kVb5gQmpodEEl10Xlg,UC3E9mAgP7VoAE5mZoAexl5g,1
UChep9kVb5gQmpodEEl10Xlg,UCut6b9S98nv84cVX89PmKzA,1
UChep9kVb5gQmpodEEl10Xlg,UCXXh7yg5KUFIWylTiKVEFKQ,1
UChep9kVb5gQmpodEEl10Xlg,UCz3gu01bmjNv0DpRq-K3XYg,1
UChep9kVb5gQmpodEEl10Xlg,UCp4iw5_5SmV9VGTFSNVGOmQ,1
UChep9kVb5gQmpodEEl10Xlg,UCWIZUtKJ636y-4TYrNvok0g,1
UChep9kVb5gQmpodEEl10Xlg,UCgvw7xIdGFupzpt1Y_BFkEA,1
UChep9kVb5gQmpodEEl10Xlg,UCtNfIBnc5S5DbbQj_yxgJTw,1
UChep9kVb5gQmpodEEl10Xlg,UCmjppp6ujz3SAnULvP3sZMw,1
UChep9kVb5gQmpodEEl10Xlg,UCYwpX26TrCxq8TvbKGRYLXA,1
UChep9kVb5gQmpodEEl10Xlg,UChZknRmJkeGeQk0-mQuhDOg,1
UChep9kVb5gQmpodEEl10Xlg,UCL1MT278vSaQ83ZDkVWn1gw,1
UChep9kVb5gQmpodEEl10Xlg,UCh5ESQvtzyHDhCA7XyekCFA,1
UChep9kVb5gQmpodEEl10Xlg,UCzSfZlOVxBSs5ObD25ywxDQ,1
UChep9kVb5gQmpodEEl10Xlg,UCEgEQmRbtL5fwr9_DqAC--g,1
UChep9kVb5gQmpodEEl10Xlg,UCQgYjVngJRfPHDLGB5X6ZjA,1
UChep9kVb5gQmpodEEl10Xlg,UCAmtbUiIrUIhikru0ZoTFig,1
UChep9kVb5gQmpodEEl10Xlg,UC4cXueR2bKGFJV0Fk76gwmA,1
UChep9kVb5gQmpodEEl10Xlg,UCUIIIPTVDVHAXqhC_5V6lPA,1
UChep9kVb5gQmpodEEl10Xlg,UCDQaQv0hr2SS_PO-CMEwVHg,1
UChep9kVb5gQmpodEEl10Xlg,UCDlr1VadSucIZgZ171pRBjQ,1
UChep9kVb5gQmpodEEl10Xlg,UC7VUuJr9cGh845CmTvf7TlQ,1
UChep9kVb5gQmpodEEl10Xlg,UCA93ym2TXs_Ibyxb4Vcn-6Q,1
UChep9kVb5gQmpodEEl10Xlg,UCXgr7vXlRrsaskPdo097kGA,1
UChep9kVb5gQmpodEEl10Xlg,UCj-LL25XJnjxepPKCc3NGog,1
UChep9kVb5gQmpodEEl10Xlg,UChgkn5Jt5tWKYMoEOuCjz3Q,1
UChep9kVb5gQmpodEEl10Xlg,UC3NMzdMYryaw82kPTnsaljg,1
UChep9kVb5gQmpodEEl10Xlg,UCylqlpsh8ENNM1LqgQ1KbxA,1
UChep9kVb5gQmpodEEl10Xlg,UCCaYwkkbQGcvFoUmothVdQQ,1
UChep9kVb5gQmpodEEl10Xlg,UC9vMq1YF-e7C-VO0SHkbUTA,1
UChep9kVb5gQmpodEEl10Xlg,UCr1emrogPKkKTs_WTtx71xg,1
UChep9kVb5gQmpodEEl10Xlg,UCV0iizTBoOfdAFX_thfI9BA,1
UChep9kVb5gQmpodEEl10Xlg,UCTylKrsqkrBKIqubMu_5N0Q,1
UChep9kVb5gQmpodEEl10Xlg,UCDUffaruH6dyUnUGwsTKpgg,1
UChep9kVb5gQmpodEEl10Xlg,UCN6qbfPSzFtjhqUDZ3Cv3CQ,1
UChep9kVb5gQmpodEEl10Xlg,UCplrIQtaPj6au60_f2-mOYw,1
UChep9kVb5gQmpodEEl10Xlg,UCueV9cTyTDwgQSec1x2dYgA,1
UChep9kVb5gQmpodEEl10Xlg,UCFxE8GbokBrBsPEKM1xrOjQ,1
UChep9kVb5gQmpodEEl10Xlg,UCDIMztpVm7G27qBuiWuT6oQ,1
UChep9kVb5gQmpodEEl10Xlg,UC-jS_kA9w-OmpupXDx156Rg,1
UChep9kVb5gQmpodEEl10Xlg,UCsjs5Hp_r86x1xbK6FAeqaA,1
UChep9kVb5gQmpodEEl10Xlg,UCQqetiwzzmRNTM5OWuXarGQ,1
UChep9kVb5gQmpodEEl10Xlg,UCsUCN0Yq_UyTvKjOJLmNrnQ,1
UChep9kVb5gQmpodEEl10Xlg,UCfM3nrxtTQMY5jFx1v1J4Gg,1
UChep9kVb5gQmpodEEl10Xlg,UCNBnKqWf4d-rS4HwJRQljmQ,1
UChep9kVb5gQmpodEEl10Xlg,UC650pRT-OYzny3GwOH8Cgfw,1
UChep9kVb5gQmpodEEl10Xlg,UCxff05WuyvwELNITi7bj7UA,1
UChep9kVb5gQmpodEEl10Xlg,UC-pNP6RMFuLg_-x7Ah_0kEA,1
UChep9kVb5gQmpodEEl10Xlg,UCGzXwyCzMzGmjmCbH3Hg01Q,1
UChep9kVb5gQmpodEEl10Xlg,UCi1b_TRQfgO1Z9O2gNGGWNA,1
UChep9kVb5gQmpodEEl10Xlg,UCzoL2l5H5eVlorWGH8AZfAg,1
UChep9kVb5gQmpodEEl10Xlg,UCjmPuazZJzscrwvk0QR9RVw,1
UChep9kVb5gQmpodEEl10Xlg,UCHhHUjaMAZ8SiXdCUCj9DkQ,1
UChep9kVb5gQmpodEEl10Xlg,UCRelkU8JiZBytTzebJxaa-w,1
UChep9kVb5gQmpodEEl10Xlg,UCZ51R_9Q9C0c8I3pAWhtmjQ,1
UChep9kVb5gQmpodEEl10Xlg,UCOh6DaZC_x9HASnlRylEMfw,1
UChep9kVb5gQmpodEEl10Xlg,UCTP3O0rMnc8z8v8jaDQwL0w,1
UChep9kVb5gQmpodEEl10Xlg,UCFoIAE8k82D6AV-8gjjKaNg,1
UCFoIAE8k82D6AV-8gjjKaNg,UC2weSE8rpqkGMOp6StYtVfg,1
UCFoIAE8k82D6AV-8gjjKaNg,UCiGRBf2RNF0WRKhRVT7zFoA,1
UCFoIAE8k82D6AV-8gjjKaNg,UC3E9mAgP7VoAE5mZoAexl5g,1
UCFoIAE8k82D6AV-8gjjKaNg,UCut6b9S98nv84cVX89PmKzA,1
UCFoIAE8k82D6AV-8gjjKaNg,UCXXh7yg5KUFIWylTiKVEFKQ,1
UCFoIAE8k82D6AV-8gjjKaNg,UCz3gu01bmjNv0DpRq-K3XYg,1
UCFoIAE8k82D6AV-8gjjKaNg,UCp4iw5_5SmV9VGTFSNVGOmQ,1
UCFoIAE8k82D6AV-8gjjKaNg,UCWIZUtKJ636y-4TYrNvok0g,1
UCFoIAE8k82D6AV-8gjjKaNg,UCgvw7xIdGFupzpt1Y_BFkEA,1
UCFoIAE8k82D6AV-8gjjKaNg,UCtNfIBnc5S5DbbQj_yxgJTw,1
UCFoIAE8k82D6AV-8gjjKaNg,UCmjppp6ujz3SAnULvP3sZMw,1
UCFoIAE8k82D6AV-8gjjKaNg,UCYwpX26TrCxq8TvbKGRYLXA,1
UCFoIAE8k82D6AV-8gjjKaNg,UChZknRmJkeGeQk0-mQuhDOg,1
UCFoIAE8k82D6AV-8gjjKaNg,UCL1MT278vSaQ83ZDkVWn1gw,1
UCFoIAE8k82D6AV-8gjjKaNg,UCh5ESQvtzyHDhCA7XyekCFA,1
UCFoIAE8k82D6AV-8gjjKaNg,UCzSfZlOVxBSs5ObD25ywxDQ,1
UCFoIAE8k82D6AV-8gjjKaNg,UCEgEQmRbtL5fwr9_DqAC--g,1
UCFoIAE8k82D6AV-8gjjKaNg,UCQgYjVngJRfPHDLGB5X6ZjA,1
UCFoIAE8k82D6AV-8gjjKaNg,UCAmtbUiIrUIhikru0ZoTFig,1
UCFoIAE8k82D6AV-8gjjKaNg,UC4cXueR2bKGFJV0Fk76gwmA,1
UCFoIAE8k82D6AV-8gjjKaNg,UCUIIIPTVDVHAXqhC_5V6lPA,1
UCFoIAE8k82D6AV-8gjjKaNg,UCDQaQv0hr2SS_PO-CMEwVHg,1
UCFoIAE8k82D6AV-8gjjKaNg,UCDlr1VadSucIZgZ171pRBjQ,1
UCFoIAE8k82D6AV-8gjjKaNg,UC7VUuJr9cGh845CmTvf7TlQ,1
UCFoIAE8k82D6AV-8gjjKaNg,UCA93ym2TXs_Ibyxb4Vcn-6Q,1
UCFoIAE8k82D6AV-8gjjKaNg,UCXgr7vXlRrsaskPdo097kGA,1
UCFoIAE8k82D6AV-8gjjKaNg,UCj-LL25XJnjxepPKCc3NGog,1
UCFoIAE8k82D6AV-8gjjKaNg,UChgkn5Jt5tWKYMoEOuCjz3Q,1
UCFoIAE8k82D6AV-8gjjKaNg,UC3NMzdMYryaw82kPTnsaljg,1
UCFoIAE8k82D6AV-8gjjKaNg,UCylqlpsh8ENNM1LqgQ1KbxA,1
UCFoIAE8k82D6AV-8gjjKaNg,UCCaYwkkbQGcvFoUmothVdQQ,1
UCFoIAE8k82D6AV-8gjjKaNg,UC9vMq1YF-e7C-VO0SHkbUTA,1
UCFoIAE8k82D6AV-8gjjKaNg,UCr1emrogPKkKTs_WTtx71xg,1
UCFoIAE8k82D6AV-8gjjKaNg,UCV0iizTBoOfdAFX_thfI9BA,1
UCFoIAE8k82D6AV-8gjjKaNg,UCTylKrsqkrBKIqubMu_5N0Q,1
UCFoIAE8k82D6AV-8gjjKaNg,UCDUffaruH6dyUnUGwsTKpgg,1
UCFoIAE8k82D6AV-8gjjKaNg,UCN6qbfPSzFtjhqUDZ3Cv3CQ,1
UCFoIAE8k82D6AV-8gjjKaNg,UCplrIQtaPj6au60_f2-mOYw,1
UCFoIAE8k82D6AV-8gjjKaNg,UCueV9cTyTDwgQSec1x2dYgA,1
UCFoIAE8k82D6AV-8gjjKaNg,UCFxE8GbokBrBsPEKM1xrOjQ,1
UCFoIAE8k82D6AV-8gjjKaNg,UCDIMztpVm7G27qBuiWuT6oQ,1
UCFoIAE8k82D6AV-8gjjKaNg,UC-jS_kA9w-OmpupXDx156Rg,1
UCFoIAE8k82D6AV-8gjjKaNg,UCsjs5Hp_r86x1xbK6FAeqaA,1
UCFoIAE8k82D6AV-8gjjKaNg,UCQqetiwzzmRNTM5OWuXarGQ,1
UCFoIAE8k82D6AV-8gjjKaNg,UCsUCN0Yq_UyTvKjOJLmNrnQ,1
UCFoIAE8k82D6AV-8gjjKaNg,UCfM3nrxtTQMY5jFx1v1J4Gg,1
UCFoIAE8k82D6AV-8gjjKaNg,UCNBnKqWf4d-rS4HwJRQljmQ,1
UCFoIAE8k82D6AV-8gjjKaNg,UC650pRT-OYzny3GwOH8Cgfw,1
UCFoIAE8k82D6AV-8gjjKaNg,UCxff05WuyvwELNITi7bj7UA,1
UCFoIAE8k82D6AV-8gjjKaNg,UC-pNP6RMFuLg_-x7Ah_0kEA,1
UCFoIAE8k82D6AV-8gjjKaNg,UCGzXwyCzMzGmjmCbH3Hg01Q,1
UCFoIAE8k82D6AV-8gjjKaNg,UCi1b_TRQfgO1Z9O2gNGGWNA,1
UCFoIAE8k82D6AV-8gjjKaNg,UCzoL2l5H5eVlorWGH8AZfAg,1
UCFoIAE8k82D6AV-8gjjKaNg,UCjmPuazZJzscrwvk0QR9RVw,1
UCFoIAE8k82D6AV-8gjjKaNg,UCHhHUjaMAZ8SiXdCUCj9DkQ,1
UCFoIAE8k82D6AV-8gjjKaNg,UCRelkU8JiZBytTzebJxaa-w,1
UCFoIAE8k82D6AV-8gjjKaNg,UCZ51R_9Q9C0c8I3pAWhtmjQ,1
UCFoIAE8k82D6AV-8gjjKaNg,UCOh6DaZC_x9HASnlRylEMfw,1
UCFoIAE8k82D6AV-8gjjKaNg,UCTP3O0rMnc8z8v8jaDQwL0w,1
UCtsxPYw8VUsH_FfnKg-0lmw,UCgGqw4aqMdMVSGkKiMgrJRQ,1
UCtsxPYw8VUsH_FfnKg-0lmw,UCvDwJBBY1mHK70aTEYl6rsA,1
UCtsxPYw8VUsH_FfnKg-0lmw,UCzZ6dDCEsLMXbc5pCFXIprw,1
UCtsxPYw8VUsH_FfnKg-0lmw,UCyJhqmMbsvjpoarBBStA2kg,1
UCtsxPYw8VUsH_FfnKg-0lmw,UCV3fr-YOixFKCZBbJP1-X4w,1
UCtsxPYw8VUsH_FfnKg-0lmw,UCWvntqPQx99k_Z_skWKqNSA,1
UCtsxPYw8VUsH_FfnKg-0lmw,UC63tFvbQ_hJhGDi2nbjssjw,1
UCtsxPYw8VUsH_FfnKg-0lmw,UC-HeUTT6_g-VoiWds2a4H-w,1
UCtsxPYw8VUsH_FfnKg-0lmw,UCaT4saRcyqCLE657Rq2hhZQ,1
UCtsxPYw8VUsH_FfnKg-0lmw,UCFybmWapGvBKcQod7cPPH9w,1
UCtsxPYw8VUsH_FfnKg-0lmw,UC0HvfEWozTHbwl_iEmJNvVA,1
UCtsxPYw8VUsH_FfnKg-0lmw,UChyps3dqY-VY1_wLeq-2lhw,1
UCtsxPYw8VUsH_FfnKg-0lmw,UC3YpzAr7pcdKC7BVFEpYzog,1
UCtsxPYw8VUsH_FfnKg-0lmw,UCwxoKK59nGCeBqB2sXfDBIw,1
UCDrmf9y9nLgFY5wnA2hTuGA,UCQqlPPUGqAfWjd-FSh_qn7Q,1
UCDrmf9y9nLgFY5wnA2hTuGA,UCZeIIQrGAedW8tCbKWmGY-A,1
UCDrmf9y9nLgFY5wnA2hTuGA,UC5hvEnRUzI4Kfvwnyi4QxqQ,1
UCDrmf9y9nLgFY5wnA2hTuGA,UCgJNFj5dnxXpcMvmuhZDPxA,1
UCDrmf9y9nLgFY5wnA2hTuGA,UCylqlpsh8ENNM1LqgQ1KbxA,1
UCDrmf9y9nLgFY5wnA2hTuGA,UC-fiZBS5Gp1eCJd9ucgWnCg,1
UCDrmf9y9nLgFY5wnA2hTuGA,UCe8JZoYkX5oKUZyivHYdXhw,1
UCDrmf9y9nLgFY5wnA2hTuGA,UCpe5jW3MIqkgTJ-PgkzvM6Q,1
UCDrmf9y9nLgFY5wnA2hTuGA,UCdFlugHJJa4l3YqWuNRmvXw,1
UCDrmf9y9nLgFY5wnA2hTuGA,UCu8_3-Wg-YzNyvHYQDEscfw,1
UCDrmf9y9nLgFY5wnA2hTuGA,UCsGoJEvb-cFPZ2rWoJcXzEQ,1
UCDrmf9y9nLgFY5wnA2hTuGA,UCgQw_Sbq3ugruDUKsq1e0-A,1
UCDrmf9y9nLgFY5wnA2hTuGA,UCV0lM03g5fg5pbPj97-sAtA,1
UCDrmf9y9nLgFY5wnA2hTuGA,UC6Uj1FT5JjDSF8vudvDxPAA,1
UCDrmf9y9nLgFY5wnA2hTuGA,UCRAquv8el-tQ30bN7MlmySQ,1
UCDrmf9y9nLgFY5wnA2hTuGA,UCRvPToDkkumha7WJAfCDk1A,1
UCDrmf9y9nLgFY5wnA2hTuGA,UC1DpqK6vaPEkBOMNvypsKYg,1
UCDrmf9y9nLgFY5wnA2hTuGA,UCW80DaMjQlEUibC98Cot-Dg,1
UCDrmf9y9nLgFY5wnA2hTuGA,UCqCrvuoJpC-aVb0f4logQRQ,1
UCDrmf9y9nLgFY5wnA2hTuGA,UCQyOePccUP-fIJYzchAgZYw,1
UCDrmf9y9nLgFY5wnA2hTuGA,UClqA491Xa5fQcXcJJa-vTWw,1
UCDrmf9y9nLgFY5wnA2hTuGA,UCWoAVGVqCn4xtINCMOTM4jg,1
UC2weSE8rpqkGMOp6StYtVfg,UCiGRBf2RNF0WRKhRVT7zFoA,1
UC2weSE8rpqkGMOp6StYtVfg,UC3E9mAgP7VoAE5mZoAexl5g,1
UC2weSE8rpqkGMOp6StYtVfg,UCut6b9S98nv84cVX89PmKzA,1
UC2weSE8rpqkGMOp6StYtVfg,UCXXh7yg5KUFIWylTiKVEFKQ,1
UC2weSE8rpqkGMOp6StYtVfg,UCz3gu01bmjNv0DpRq-K3XYg,1
UC2weSE8rpqkGMOp6StYtVfg,UCp4iw5_5SmV9VGTFSNVGOmQ,1
UC2weSE8rpqkGMOp6StYtVfg,UCWIZUtKJ636y-4TYrNvok0g,1
UC2weSE8rpqkGMOp6StYtVfg,UCgvw7xIdGFupzpt1Y_BFkEA,1
UC2weSE8rpqkGMOp6StYtVfg,UCtNfIBnc5S5DbbQj_yxgJTw,1
UC2weSE8rpqkGMOp6StYtVfg,UCmjppp6ujz3SAnULvP3sZMw,1
UC2weSE8rpqkGMOp6StYtVfg,UCYwpX26TrCxq8TvbKGRYLXA,1
UC2weSE8rpqkGMOp6StYtVfg,UChZknRmJkeGeQk0-mQuhDOg,1
UC2weSE8rpqkGMOp6StYtVfg,UCL1MT278vSaQ83ZDkVWn1gw,1
UC2weSE8rpqkGMOp6StYtVfg,UCh5ESQvtzyHDhCA7XyekCFA,1
UC2weSE8rpqkGMOp6StYtVfg,UCzSfZlOVxBSs5ObD25ywxDQ,1
UC2weSE8rpqkGMOp6StYtVfg,UCEgEQmRbtL5fwr9_DqAC--g,1
UC2weSE8rpqkGMOp6StYtVfg,UCQgYjVngJRfPHDLGB5X6ZjA,1
UC2weSE8rpqkGMOp6StYtVfg,UCAmtbUiIrUIhikru0ZoTFig,1
UC2weSE8rpqkGMOp6StYtVfg,UC4cXueR2bKGFJV0Fk76gwmA,1
UC2weSE8rpqkGMOp6StYtVfg,UCUIIIPTVDVHAXqhC_5V6lPA,1
UC2weSE8rpqkGMOp6StYtVfg,UCDQaQv0hr2SS_PO-CMEwVHg,1
UC2weSE8rpqkGMOp6StYtVfg,UCDlr1VadSucIZgZ171pRBjQ,1
UC2weSE8rpqkGMOp6StYtVfg,UC7VUuJr9cGh845CmTvf7TlQ,1
UC2weSE8rpqkGMOp6StYtVfg,UCA93ym2TXs_Ibyxb4Vcn-6Q,1
UC2weSE8rpqkGMOp6StYtVfg,UCXgr7vXlRrsaskPdo097kGA,1
UC2weSE8rpqkGMOp6StYtVfg,UCj-LL25XJnjxepPKCc3NGog,1
UC2weSE8rpqkGMOp6StYtVfg,UChgkn5Jt5tWKYMoEOuCjz3Q,1
UC2weSE8rpqkGMOp6StYtVfg,UC3NMzdMYryaw82kPTnsaljg,1
UC2weSE8rpqkGMOp6StYtVfg,UCylqlpsh8ENNM1LqgQ1KbxA,1
UC2weSE8rpqkGMOp6StYtVfg,UCCaYwkkbQGcvFoUmothVdQQ,1
UC2weSE8rpqkGMOp6StYtVfg,UC9vMq1YF-e7C-VO0SHkbUTA,1
UC2weSE8rpqkGMOp6StYtVfg,UCr1emrogPKkKTs_WTtx71xg,1
UC2weSE8rpqkGMOp6StYtVfg,UCV0iizTBoOfdAFX_thfI9BA,1
UC2weSE8rpqkGMOp6StYtVfg,UCTylKrsqkrBKIqubMu_5N0Q,1
UC2weSE8rpqkGMOp6StYtVfg,UCDUffaruH6dyUnUGwsTKpgg,1
UC2weSE8rpqkGMOp6StYtVfg,UCN6qbfPSzFtjhqUDZ3Cv3CQ,1
UC2weSE8rpqkGMOp6StYtVfg,UCplrIQtaPj6au60_f2-mOYw,1
UC2weSE8rpqkGMOp6StYtVfg,UCueV9cTyTDwgQSec1x2dYgA,1
UC2weSE8rpqkGMOp6StYtVfg,UCFxE8GbokBrBsPEKM1xrOjQ,1
UC2weSE8rpqkGMOp6StYtVfg,UCDIMztpVm7G27qBuiWuT6oQ,1
UC2weSE8rpqkGMOp6StYtVfg,UC-jS_kA9w-OmpupXDx156Rg,1
UC2weSE8rpqkGMOp6StYtVfg,UCsjs5Hp_r86x1xbK6FAeqaA,1
UC2weSE8rpqkGMOp6StYtVfg,UCQqetiwzzmRNTM5OWuXarGQ,1
UC2weSE8rpqkGMOp6StYtVfg,UCsUCN0Yq_UyTvKjOJLmNrnQ,1
UC2weSE8rpqkGMOp6StYtVfg,UCfM3nrxtTQMY5jFx1v1J4Gg,1
UC2weSE8rpqkGMOp6StYtVfg,UCNBnKqWf4d-rS4HwJRQljmQ,1
UC2weSE8rpqkGMOp6StYtVfg,UC650pRT-OYzny3GwOH8Cgfw,1
UC2weSE8rpqkGMOp6StYtVfg,UCxff05WuyvwELNITi7bj7UA,1
UC2weSE8rpqkGMOp6StYtVfg,UC-pNP6RMFuLg_-x7Ah_0kEA,1
UC2weSE8rpqkGMOp6StYtVfg,UCGzXwyCzMzGmjmCbH3Hg01Q,1
UC2weSE8rpqkGMOp6StYtVfg,UCi1b_TRQfgO1Z9O2gNGGWNA,1
UC2weSE8rpqkGMOp6StYtVfg,UCzoL2l5H5eVlorWGH8AZfAg,1
UC2weSE8rpqkGMOp6StYtVfg,UCjmPuazZJzscrwvk0QR9RVw,1
UC2weSE8rpqkGMOp6StYtVfg,UCHhHUjaMAZ8SiXdCUCj9DkQ,1
UC2weSE8rpqkGMOp6StYtVfg,UCRelkU8JiZBytTzebJxaa-w,1
UC2weSE8rpqkGMOp6StYtVfg,UCZ51R_9Q9C0c8I3pAWhtmjQ,1
UC2weSE8rpqkGMOp6StYtVfg,UCOh6DaZC_x9HASnlRylEMfw,1
UC2weSE8rpqkGMOp6StYtVfg,UCTP3O0rMnc8z8v8jaDQwL0w,1
UCiGRBf2RNF0WRKhRVT7zFoA,UC3E9mAgP7VoAE5mZoAexl5g,1
UCiGRBf2RNF0WRKhRVT7zFoA,UCut6b9S98nv84cVX89PmKzA,1
UCiGRBf2RNF0WRKhRVT7zFoA,UCXXh7yg5KUFIWylTiKVEFKQ,1
UCiGRBf2RNF0WRKhRVT7zFoA,UCz3gu01bmjNv0DpRq-K3XYg,1
UCiGRBf2RNF0WRKhRVT7zFoA,UCp4iw5_5SmV9VGTFSNVGOmQ,1
UCiGRBf2RNF0WRKhRVT7zFoA,UCWIZUtKJ636y-4TYrNvok0g,1
UCiGRBf2RNF0WRKhRVT7zFoA,UCgvw7xIdGFupzpt1Y_BFkEA,1
UCiGRBf2RNF0WRKhRVT7zFoA,UCtNfIBnc5S5DbbQj_yxgJTw,1
UCiGRBf2RNF0WRKhRVT7zFoA,UCmjppp6ujz3SAnULvP3sZMw,1
UCiGRBf2RNF0WRKhRVT7zFoA,UCYwpX26TrCxq8TvbKGRYLXA,1
UCiGRBf2RNF0WRKhRVT7zFoA,UChZknRmJkeGeQk0-mQuhDOg,1
UCiGRBf2RNF0WRKhRVT7zFoA,UCL1MT278vSaQ83ZDkVWn1gw,1
UCiGRBf2RNF0WRKhRVT7zFoA,UCh5ESQvtzyHDhCA7XyekCFA,1
UCiGRBf2RNF0WRKhRVT7zFoA,UCzSfZlOVxBSs5ObD25ywxDQ,1
UCiGRBf2RNF0WRKhRVT7zFoA,UCEgEQmRbtL5fwr9_DqAC--g,1
UCiGRBf2RNF0WRKhRVT7zFoA,UCQgYjVngJRfPHDLGB5X6ZjA,1
UCiGRBf2RNF0WRKhRVT7zFoA,UCAmtbUiIrUIhikru0ZoTFig,1
UCiGRBf2RNF0WRKhRVT7zFoA,UC4cXueR2bKGFJV0Fk76gwmA,1
UCiGRBf2RNF0WRKhRVT7zFoA,UCUIIIPTVDVHAXqhC_5V6lPA,1
UCiGRBf2RNF0WRKhRVT7zFoA,UCDQaQv0hr2SS_PO-CMEwVHg,1
UCiGRBf2RNF0WRKhRVT7zFoA,UCDlr1VadSucIZgZ171pRBjQ,1
UCiGRBf2RNF0WRKhRVT7zFoA,UC7VUuJr9cGh845CmTvf7TlQ,1
UCiGRBf2RNF0WRKhRVT7zFoA,UCA93ym2TXs_Ibyxb4Vcn-6Q,1
UCiGRBf2RNF0WRKhRVT7zFoA,UCXgr7vXlRrsaskPdo097kGA,1
UCiGRBf2RNF0WRKhRVT7zFoA,UCj-LL25XJnjxepPKCc3NGog,1
UCiGRBf2RNF0WRKhRVT7zFoA,UChgkn5Jt5tWKYMoEOuCjz3Q,1
UCiGRBf2RNF0WRKhRVT7zFoA,UC3NMzdMYryaw82kPTnsaljg,1
UCiGRBf2RNF0WRKhRVT7zFoA,UCylqlpsh8ENNM1LqgQ1KbxA,1
UCiGRBf2RNF0WRKhRVT7zFoA,UCCaYwkkbQGcvFoUmothVdQQ,1
UCiGRBf2RNF0WRKhRVT7zFoA,UC9vMq1YF-e7C-VO0SHkbUTA,1
UCiGRBf2RNF0WRKhRVT7zFoA,UCr1emrogPKkKTs_WTtx71xg,1
UCiGRBf2RNF0WRKhRVT7zFoA,UCV0iizTBoOfdAFX_thfI9BA,1
UCiGRBf2RNF0WRKhRVT7zFoA,UCTylKrsqkrBKIqubMu_5N0Q,1
UCiGRBf2RNF0WRKhRVT7zFoA,UCDUffaruH6dyUnUGwsTKpgg,1
UCiGRBf2RNF0WRKhRVT7zFoA,UCN6qbfPSzFtjhqUDZ3Cv3CQ,1
UCiGRBf2RNF0WRKhRVT7zFoA,UCplrIQtaPj6au60_f2-mOYw,1
UCiGRBf2RNF0WRKhRVT7zFoA,UCueV9cTyTDwgQSec1x2dYgA,1
UCiGRBf2RNF0WRKhRVT7zFoA,UCFxE8GbokBrBsPEKM1xrOjQ,1
UCiGRBf2RNF0WRKhRVT7zFoA,UCDIMztpVm7G27qBuiWuT6oQ,1
UCiGRBf2RNF0WRKhRVT7zFoA,UC-jS_kA9w-OmpupXDx156Rg,1
UCiGRBf2RNF0WRKhRVT7zFoA,UCsjs5Hp_r86x1xbK6FAeqaA,1
UCiGRBf2RNF0WRKhRVT7zFoA,UCQqetiwzzmRNTM5OWuXarGQ,1
UCiGRBf2RNF0WRKhRVT7zFoA,UCsUCN0Yq_UyTvKjOJLmNrnQ,1
UCiGRBf2RNF0WRKhRVT7zFoA,UCfM3nrxtTQMY5jFx1v1J4Gg,1
UCiGRBf2RNF0WRKhRVT7zFoA,UCNBnKqWf4d-rS4HwJRQljmQ,1
UCiGRBf2RNF0WRKhRVT7zFoA,UC650pRT-OYzny3GwOH8Cgfw,1
UCiGRBf2RNF0WRKhRVT7zFoA,UCxff05WuyvwELNITi7bj7UA,1
UCiGRBf2RNF0WRKhRVT7zFoA,UC-pNP6RMFuLg_-x7Ah_0kEA,1
UCiGRBf2RNF0WRKhRVT7zFoA,UCGzXwyCzMzGmjmCbH3Hg01Q,1
UCiGRBf2RNF0WRKhRVT7zFoA,UCi1b_TRQfgO1Z9O2gNGGWNA,1
UCiGRBf2RNF0WRKhRVT7zFoA,UCzoL2l5H5eVlorWGH8AZfAg,1
UCiGRBf2RNF0WRKhRVT7zFoA,UCjmPuazZJzscrwvk0QR9RVw,1
UCiGRBf2RNF0WRKhRVT7zFoA,UCHhHUjaMAZ8SiXdCUCj9DkQ,1
UCiGRBf2RNF0WRKhRVT7zFoA,UCRelkU8JiZBytTzebJxaa-w,1
UCiGRBf2RNF0WRKhRVT7zFoA,UCZ51R_9Q9C0c8I3pAWhtmjQ,1
UCiGRBf2RNF0WRKhRVT7zFoA,UCOh6DaZC_x9HASnlRylEMfw,1
UCiGRBf2RNF0WRKhRVT7zFoA,UCTP3O0rMnc8z8v8jaDQwL0w,1
UCgJNFj5dnxXpcMvmuhZDPxA,UCQqlPPUGqAfWjd-FSh_qn7Q,1
UCgJNFj5dnxXpcMvmuhZDPxA,UCZeIIQrGAedW8tCbKWmGY-A,1
UCgJNFj5dnxXpcMvmuhZDPxA,UC5hvEnRUzI4Kfvwnyi4QxqQ,1
UCgJNFj5dnxXpcMvmuhZDPxA,UCylqlpsh8ENNM1LqgQ1KbxA,1
UCgJNFj5dnxXpcMvmuhZDPxA,UC-fiZBS5Gp1eCJd9ucgWnCg,1
UCgJNFj5dnxXpcMvmuhZDPxA,UCe8JZoYkX5oKUZyivHYdXhw,1
UCgJNFj5dnxXpcMvmuhZDPxA,UCpe5jW3MIqkgTJ-PgkzvM6Q,1
UCgJNFj5dnxXpcMvmuhZDPxA,UCdFlugHJJa4l3YqWuNRmvXw,1
UCgJNFj5dnxXpcMvmuhZDPxA,UCu8_3-Wg-YzNyvHYQDEscfw,1
UCgJNFj5dnxXpcMvmuhZDPxA,UCsGoJEvb-cFPZ2rWoJcXzEQ,1
UCgJNFj5dnxXpcMvmuhZDPxA,UCgQw_Sbq3ugruDUKsq1e0-A,1
UCgJNFj5dnxXpcMvmuhZDPxA,UCV0lM03g5fg5pbPj97-sAtA,1
UCgJNFj5dnxXpcMvmuhZDPxA,UC6Uj1FT5JjDSF8vudvDxPAA,1
UCgJNFj5dnxXpcMvmuhZDPxA,UCRAquv8el-tQ30bN7MlmySQ,1
UCgJNFj5dnxXpcMvmuhZDPxA,UCRvPToDkkumha7WJAfCDk1A,1
UCgJNFj5dnxXpcMvmuhZDPxA,UC1DpqK6vaPEkBOMNvypsKYg,1
UCgJNFj5dnxXpcMvmuhZDPxA,UCW80DaMjQlEUibC98Cot-Dg,1
UCgJNFj5dnxXpcMvmuhZDPxA,UCqCrvuoJpC-aVb0f4logQRQ,1
UCgJNFj5dnxXpcMvmuhZDPxA,UCQyOePccUP-fIJYzchAgZYw,1
UCgJNFj5dnxXpcMvmuhZDPxA,UClqA491Xa5fQcXcJJa-vTWw,1
UCgJNFj5dnxXpcMvmuhZDPxA,UCWoAVGVqCn4xtINCMOTM4jg,1
UCld2stqxaVSk0QdGncM224A,UCtowGNY2lnlg6O2CkwDgkLg,1
UC3E9mAgP7VoAE5mZoAexl5g,UCut6b9S98nv84cVX89PmKzA,1
UC3E9mAgP7VoAE5mZoAexl5g,UCXXh7yg5KUFIWylTiKVEFKQ,1
UC3E9mAgP7VoAE5mZoAexl5g,UCz3gu01bmjNv0DpRq-K3XYg,1
UC3E9mAgP7VoAE5mZoAexl5g,UCp4iw5_5SmV9VGTFSNVGOmQ,1
UC3E9mAgP7VoAE5mZoAexl5g,UCWIZUtKJ636y-4TYrNvok0g,1
UC3E9mAgP7VoAE5mZoAexl5g,UCgvw7xIdGFupzpt1Y_BFkEA,1
UC3E9mAgP7VoAE5mZoAexl5g,UCtNfIBnc5S5DbbQj_yxgJTw,1
UC3E9mAgP7VoAE5mZoAexl5g,UCmjppp6ujz3SAnULvP3sZMw,1
UC3E9mAgP7VoAE5mZoAexl5g,UCYwpX26TrCxq8TvbKGRYLXA,1
UC3E9mAgP7VoAE5mZoAexl5g,UChZknRmJkeGeQk0-mQuhDOg,1
UC3E9mAgP7VoAE5mZoAexl5g,UCL1MT278vSaQ83ZDkVWn1gw,1
UC3E9mAgP7VoAE5mZoAexl5g,UCh5ESQvtzyHDhCA7XyekCFA,1
UC3E9mAgP7VoAE5mZoAexl5g,UCzSfZlOVxBSs5ObD25ywxDQ,1
UC3E9mAgP7VoAE5mZoAexl5g,UCEgEQmRbtL5fwr9_DqAC--g,1
UC3E9mAgP7VoAE5mZoAexl5g,UCQgYjVngJRfPHDLGB5X6ZjA,1
UC3E9mAgP7VoAE5mZoAexl5g,UCAmtbUiIrUIhikru0ZoTFig,1
UC3E9mAgP7VoAE5mZoAexl5g,UC4cXueR2bKGFJV0Fk76gwmA,1
UC3E9mAgP7VoAE5mZoAexl5g,UCUIIIPTVDVHAXqhC_5V6lPA,1
UC3E9mAgP7VoAE5mZoAexl5g,UCDQaQv0hr2SS_PO-CMEwVHg,1
UC3E9mAgP7VoAE5mZoAexl5g,UCDlr1VadSucIZgZ171pRBjQ,1
UC3E9mAgP7VoAE5mZoAexl5g,UC7VUuJr9cGh845CmTvf7TlQ,1
UC3E9mAgP7VoAE5mZoAexl5g,UCA93ym2TXs_Ibyxb4Vcn-6Q,1
UC3E9mAgP7VoAE5mZoAexl5g,UCXgr7vXlRrsaskPdo097kGA,1
UC3E9mAgP7VoAE5mZoAexl5g,UCj-LL25XJnjxepPKCc3NGog,1
UC3E9mAgP7VoAE5mZoAexl5g,UChgkn5Jt5tWKYMoEOuCjz3Q,1
UC3E9mAgP7VoAE5mZoAexl5g,UC3NMzdMYryaw82kPTnsaljg,1
UC3E9mAgP7VoAE5mZoAexl5g,UCylqlpsh8ENNM1LqgQ1KbxA,1
UC3E9mAgP7VoAE5mZoAexl5g,UCCaYwkkbQGcvFoUmothVdQQ,1
UC3E9mAgP7VoAE5mZoAexl5g,UC9vMq1YF-e7C-VO0SHkbUTA,1
UC3E9mAgP7VoAE5mZoAexl5g,UCr1emrogPKkKTs_WTtx71xg,1
UC3E9mAgP7VoAE5mZoAexl5g,UCV0iizTBoOfdAFX_thfI9BA,1
UC3E9mAgP7VoAE5mZoAexl5g,UCTylKrsqkrBKIqubMu_5N0Q,1
UC3E9mAgP7VoAE5mZoAexl5g,UCDUffaruH6dyUnUGwsTKpgg,1
UC3E9mAgP7VoAE5mZoAexl5g,UCN6qbfPSzFtjhqUDZ3Cv3CQ,1
UC3E9mAgP7VoAE5mZoAexl5g,UCplrIQtaPj6au60_f2-mOYw,1
UC3E9mAgP7VoAE5mZoAexl5g,UCueV9cTyTDwgQSec1x2dYgA,1
UC3E9mAgP7VoAE5mZoAexl5g,UCFxE8GbokBrBsPEKM1xrOjQ,1
UC3E9mAgP7VoAE5mZoAexl5g,UCDIMztpVm7G27qBuiWuT6oQ,1
UC3E9mAgP7VoAE5mZoAexl5g,UC-jS_kA9w-OmpupXDx156Rg,1
UC3E9mAgP7VoAE5mZoAexl5g,UCsjs5Hp_r86x1xbK6FAeqaA,1
UC3E9mAgP7VoAE5mZoAexl5g,UCQqetiwzzmRNTM5OWuXarGQ,1
UC3E9mAgP7VoAE5mZoAexl5g,UCsUCN0Yq_UyTvKjOJLmNrnQ,1
UC3E9mAgP7VoAE5mZoAexl5g,UCfM3nrxtTQMY5jFx1v1J4Gg,1
UC3E9mAgP7VoAE5mZoAexl5g,UCNBnKqWf4d-rS4HwJRQljmQ,1
UC3E9mAgP7VoAE5mZoAexl5g,UC650pRT-OYzny3GwOH8Cgfw,1
UC3E9mAgP7VoAE5mZoAexl5g,UCxff05WuyvwELNITi7bj7UA,1
UC3E9mAgP7VoAE5mZoAexl5g,UC-pNP6RMFuLg_-x7Ah_0kEA,1
UC3E9mAgP7VoAE5mZoAexl5g,UCGzXwyCzMzGmjmCbH3Hg01Q,1
UC3E9mAgP7VoAE5mZoAexl5g,UCi1b_TRQfgO1Z9O2gNGGWNA,1
UC3E9mAgP7VoAE5mZoAexl5g,UCzoL2l5H5eVlorWGH8AZfAg,1
UC3E9mAgP7VoAE5mZoAexl5g,UCjmPuazZJzscrwvk0QR9RVw,1
UC3E9mAgP7VoAE5mZoAexl5g,UCHhHUjaMAZ8SiXdCUCj9DkQ,1
UC3E9mAgP7VoAE5mZoAexl5g,UCRelkU8JiZBytTzebJxaa-w,1
UC3E9mAgP7VoAE5mZoAexl5g,UCZ51R_9Q9C0c8I3pAWhtmjQ,1
UC3E9mAgP7VoAE5mZoAexl5g,UCOh6DaZC_x9HASnlRylEMfw,1
UC3E9mAgP7VoAE5mZoAexl5g,UCTP3O0rMnc8z8v8jaDQwL0w,1
UCu8_3-Wg-YzNyvHYQDEscfw,UCQqlPPUGqAfWjd-FSh_qn7Q,1
UCu8_3-Wg-YzNyvHYQDEscfw,UCZeIIQrGAedW8tCbKWmGY-A,1
UCu8_3-Wg-YzNyvHYQDEscfw,UC5hvEnRUzI4Kfvwnyi4QxqQ,1
UCu8_3-Wg-YzNyvHYQDEscfw,UCylqlpsh8ENNM1LqgQ1KbxA,1
UCu8_3-Wg-YzNyvHYQDEscfw,UC-fiZBS5Gp1eCJd9ucgWnCg,1
UCu8_3-Wg-YzNyvHYQDEscfw,UCe8JZoYkX5oKUZyivHYdXhw,1
UCu8_3-Wg-YzNyvHYQDEscfw,UCpe5jW3MIqkgTJ-PgkzvM6Q,1
UCu8_3-Wg-YzNyvHYQDEscfw,UCdFlugHJJa4l3YqWuNRmvXw,1
UCu8_3-Wg-YzNyvHYQDEscfw,UCsGoJEvb-cFPZ2rWoJcXzEQ,1
UCu8_3-Wg-YzNyvHYQDEscfw,UCgQw_Sbq3ugruDUKsq1e0-A,1
UCu8_3-Wg-YzNyvHYQDEscfw,UCV0lM03g5fg5pbPj97-sAtA,1
UCu8_3-Wg-YzNyvHYQDEscfw,UC6Uj1FT5JjDSF8vudvDxPAA,1
UCu8_3-Wg-YzNyvHYQDEscfw,UCRAquv8el-tQ30bN7MlmySQ,1
UCu8_3-Wg-YzNyvHYQDEscfw,UCRvPToDkkumha7WJAfCDk1A,1
UCu8_3-Wg-YzNyvHYQDEscfw,UC1DpqK6vaPEkBOMNvypsKYg,1
UCu8_3-Wg-YzNyvHYQDEscfw,UCW80DaMjQlEUibC98Cot-Dg,1
UCu8_3-Wg-YzNyvHYQDEscfw,UCqCrvuoJpC-aVb0f4logQRQ,1
UCu8_3-Wg-YzNyvHYQDEscfw,UCQyOePccUP-fIJYzchAgZYw,1
UCu8_3-Wg-YzNyvHYQDEscfw,UClqA491Xa5fQcXcJJa-vTWw,1
UCu8_3-Wg-YzNyvHYQDEscfw,UCWoAVGVqCn4xtINCMOTM4jg,1
UCut6b9S98nv84cVX89PmKzA,UCXXh7yg5KUFIWylTiKVEFKQ,1
UCut6b9S98nv84cVX89PmKzA,UCz3gu01bmjNv0DpRq-K3XYg,1
UCut6b9S98nv84cVX89PmKzA,UCp4iw5_5SmV9VGTFSNVGOmQ,1
UCut6b9S98nv84cVX89PmKzA,UCWIZUtKJ636y-4TYrNvok0g,1
UCut6b9S98nv84cVX89PmKzA,UCgvw7xIdGFupzpt1Y_BFkEA,1
UCut6b9S98nv84cVX89PmKzA,UCtNfIBnc5S5DbbQj_yxgJTw,1
UCut6b9S98nv84cVX89PmKzA,UCmjppp6ujz3SAnULvP3sZMw,1
UCut6b9S98nv84cVX89PmKzA,UCYwpX26TrCxq8TvbKGRYLXA,1
UCut6b9S98nv84cVX89PmKzA,UChZknRmJkeGeQk0-mQuhDOg,1
UCut6b9S98nv84cVX89PmKzA,UCL1MT278vSaQ83ZDkVWn1gw,1
UCut6b9S98nv84cVX89PmKzA,UCh5ESQvtzyHDhCA7XyekCFA,1
UCut6b9S98nv84cVX89PmKzA,UCzSfZlOVxBSs5ObD25ywxDQ,1
UCut6b9S98nv84cVX89PmKzA,UCEgEQmRbtL5fwr9_DqAC--g,1
UCut6b9S98nv84cVX89PmKzA,UCQgYjVngJRfPHDLGB5X6ZjA,1
UCut6b9S98nv84cVX89PmKzA,UCAmtbUiIrUIhikru0ZoTFig,1
UCut6b9S98nv84cVX89PmKzA,UC4cXueR2bKGFJV0Fk76gwmA,1
UCut6b9S98nv84cVX89PmKzA,UCUIIIPTVDVHAXqhC_5V6lPA,1
UCut6b9S98nv84cVX89PmKzA,UCDQaQv0hr2SS_PO-CMEwVHg,1
UCut6b9S98nv84cVX89PmKzA,UCDlr1VadSucIZgZ171pRBjQ,1
UCut6b9S98nv84cVX89PmKzA,UC7VUuJr9cGh845CmTvf7TlQ,1
UCut6b9S98nv84cVX89PmKzA,UCA93ym2TXs_Ibyxb4Vcn-6Q,1
UCut6b9S98nv84cVX89PmKzA,UCXgr7vXlRrsaskPdo097kGA,1
UCut6b9S98nv84cVX89PmKzA,UCj-LL25XJnjxepPKCc3NGog,1
UCut6b9S98nv84cVX89PmKzA,UChgkn5Jt5tWKYMoEOuCjz3Q,1
UCut6b9S98nv84cVX89PmKzA,UC3NMzdMYryaw82kPTnsaljg,1
UCut6b9S98nv84cVX89PmKzA,UCylqlpsh8ENNM1LqgQ1KbxA,1
UCut6b9S98nv84cVX89PmKzA,UCCaYwkkbQGcvFoUmothVdQQ,1
UCut6b9S98nv84cVX89PmKzA,UC9vMq1YF-e7C-VO0SHkbUTA,1
UCut6b9S98nv84cVX89PmKzA,UCr1emrogPKkKTs_WTtx71xg,1
UCut6b9S98nv84cVX89PmKzA,UCV0iizTBoOfdAFX_thfI9BA,1
UCut6b9S98nv84cVX89PmKzA,UCTylKrsqkrBKIqubMu_5N0Q,1
UCut6b9S98nv84cVX89PmKzA,UCDUffaruH6dyUnUGwsTKpgg,1
UCut6b9S98nv84cVX89PmKzA,UCN6qbfPSzFtjhqUDZ3Cv3CQ,1
UCut6b9S98nv84cVX89PmKzA,UCplrIQtaPj6au60_f2-mOYw,1
UCut6b9S98nv84cVX89PmKzA,UCueV9cTyTDwgQSec1x2dYgA,1
UCut6b9S98nv84cVX89PmKzA,UCFxE8GbokBrBsPEKM1xrOjQ,1
UCut6b9S98nv84cVX89PmKzA,UCDIMztpVm7G27qBuiWuT6oQ,1
UCut6b9S98nv84cVX89PmKzA,UC-jS_kA9w-OmpupXDx156Rg,1
UCut6b9S98nv84cVX89PmKzA,UCsjs5Hp_r86x1xbK6FAeqaA,1
UCut6b9S98nv84cVX89PmKzA,UCQqetiwzzmRNTM5OWuXarGQ,1
UCut6b9S98nv84cVX89PmKzA,UCsUCN0Yq_UyTvKjOJLmNrnQ,1
UCut6b9S98nv84cVX89PmKzA,UCfM3nrxtTQMY5jFx1v1J4Gg,1
UCut6b9S98nv84cVX89PmKzA,UCNBnKqWf4d-rS4HwJRQljmQ,1
UCut6b9S98nv84cVX89PmKzA,UC650pRT-OYzny3GwOH8Cgfw,1
UCut6b9S98nv84cVX89PmKzA,UCxff05WuyvwELNITi7bj7UA,1
UCut6b9S98nv84cVX89PmKzA,UC-pNP6RMFuLg_-x7Ah_0kEA,1
UCut6b9S98nv84cVX89PmKzA,UCGzXwyCzMzGmjmCbH3Hg01Q,1
UCut6b9S98nv84cVX89PmKzA,UCi1b_TRQfgO1Z9O2gNGGWNA,1
UCut6b9S98nv84cVX89PmKzA,UCzoL2l5H5eVlorWGH8AZfAg,1
UCut6b9S98nv84cVX89PmKzA,UCjmPuazZJzscrwvk0QR9RVw,1
UCut6b9S98nv84cVX89PmKzA,UCHhHUjaMAZ8SiXdCUCj9DkQ,1
UCut6b9S98nv84cVX89PmKzA,UCRelkU8JiZBytTzebJxaa-w,1
UCut6b9S98nv84cVX89PmKzA,UCZ51R_9Q9C0c8I3pAWhtmjQ,1
UCut6b9S98nv84cVX89PmKzA,UCOh6DaZC_x9HASnlRylEMfw,1
UCut6b9S98nv84cVX89PmKzA,UCTP3O0rMnc8z8v8jaDQwL0w,1
UCXXh7yg5KUFIWylTiKVEFKQ,UCz3gu01bmjNv0DpRq-K3XYg,1
UCXXh7yg5KUFIWylTiKVEFKQ,UCp4iw5_5SmV9VGTFSNVGOmQ,1
UCXXh7yg5KUFIWylTiKVEFKQ,UCWIZUtKJ636y-4TYrNvok0g,1
UCXXh7yg5KUFIWylTiKVEFKQ,UCgvw7xIdGFupzpt1Y_BFkEA,1
UCXXh7yg5KUFIWylTiKVEFKQ,UCtNfIBnc5S5DbbQj_yxgJTw,1
UCXXh7yg5KUFIWylTiKVEFKQ,UCmjppp6ujz3SAnULvP3sZMw,1
UCXXh7yg5KUFIWylTiKVEFKQ,UCYwpX26TrCxq8TvbKGRYLXA,1
UCXXh7yg5KUFIWylTiKVEFKQ,UChZknRmJkeGeQk0-mQuhDOg,1
UCXXh7yg5KUFIWylTiKVEFKQ,UCL1MT278vSaQ83ZDkVWn1gw,1
UCXXh7yg5KUFIWylTiKVEFKQ,UCh5ESQvtzyHDhCA7XyekCFA,1
UCXXh7yg5KUFIWylTiKVEFKQ,UCzSfZlOVxBSs5ObD25ywxDQ,1
UCXXh7yg5KUFIWylTiKVEFKQ,UCEgEQmRbtL5fwr9_DqAC--g,1
UCXXh7yg5KUFIWylTiKVEFKQ,UCQgYjVngJRfPHDLGB5X6ZjA,1
UCXXh7yg5KUFIWylTiKVEFKQ,UCAmtbUiIrUIhikru0ZoTFig,1
UCXXh7yg5KUFIWylTiKVEFKQ,UC4cXueR2bKGFJV0Fk76gwmA,1
UCXXh7yg5KUFIWylTiKVEFKQ,UCUIIIPTVDVHAXqhC_5V6lPA,1
UCXXh7yg5KUFIWylTiKVEFKQ,UCDQaQv0hr2SS_PO-CMEwVHg,1
UCXXh7yg5KUFIWylTiKVEFKQ,UCDlr1VadSucIZgZ171pRBjQ,1
UCXXh7yg5KUFIWylTiKVEFKQ,UC7VUuJr9cGh845CmTvf7TlQ,1
UCXXh7yg5KUFIWylTiKVEFKQ,UCA93ym2TXs_Ibyxb4Vcn-6Q,1
UCXXh7yg5KUFIWylTiKVEFKQ,UCXgr7vXlRrsaskPdo097kGA,1
UCXXh7yg5KUFIWylTiKVEFKQ,UCj-LL25XJnjxepPKCc3NGog,1
UCXXh7yg5KUFIWylTiKVEFKQ,UChgkn5Jt5tWKYMoEOuCjz3Q,1
UCXXh7yg5KUFIWylTiKVEFKQ,UC3NMzdMYryaw82kPTnsaljg,1
UCXXh7yg5KUFIWylTiKVEFKQ,UCylqlpsh8ENNM1LqgQ1KbxA,1
UCXXh7yg5KUFIWylTiKVEFKQ,UCCaYwkkbQGcvFoUmothVdQQ,1
UCXXh7yg5KUFIWylTiKVEFKQ,UC9vMq1YF-e7C-VO0SHkbUTA,1
UCXXh7yg5KUFIWylTiKVEFKQ,UCr1emrogPKkKTs_WTtx71xg,1
UCXXh7yg5KUFIWylTiKVEFKQ,UCV0iizTBoOfdAFX_thfI9BA,1
UCXXh7yg5KUFIWylTiKVEFKQ,UCTylKrsqkrBKIqubMu_5N0Q,1
UCXXh7yg5KUFIWylTiKVEFKQ,UCDUffaruH6dyUnUGwsTKpgg,1
UCXXh7yg5KUFIWylTiKVEFKQ,UCN6qbfPSzFtjhqUDZ3Cv3CQ,1
UCXXh7yg5KUFIWylTiKVEFKQ,UCplrIQtaPj6au60_f2-mOYw,1
UCXXh7yg5KUFIWylTiKVEFKQ,UCueV9cTyTDwgQSec1x2dYgA,1
UCXXh7yg5KUFIWylTiKVEFKQ,UCFxE8GbokBrBsPEKM1xrOjQ,1
UCXXh7yg5KUFIWylTiKVEFKQ,UCDIMztpVm7G27qBuiWuT6oQ,1
UCXXh7yg5KUFIWylTiKVEFKQ,UC-jS_kA9w-OmpupXDx156Rg,1
UCXXh7yg5KUFIWylTiKVEFKQ,UCsjs5Hp_r86x1xbK6FAeqaA,1
UCXXh7yg5KUFIWylTiKVEFKQ,UCQqetiwzzmRNTM5OWuXarGQ,1
UCXXh7yg5KUFIWylTiKVEFKQ,UCsUCN0Yq_UyTvKjOJLmNrnQ,1
UCXXh7yg5KUFIWylTiKVEFKQ,UCfM3nrxtTQMY5jFx1v1J4Gg,1
UCXXh7yg5KUFIWylTiKVEFKQ,UCNBnKqWf4d-rS4HwJRQljmQ,1
UCXXh7yg5KUFIWylTiKVEFKQ,UC650pRT-OYzny3GwOH8Cgfw,1
UCXXh7yg5KUFIWylTiKVEFKQ,UCxff05WuyvwELNITi7bj7UA,1
UCXXh7yg5KUFIWylTiKVEFKQ,UC-pNP6RMFuLg_-x7Ah_0kEA,1
UCXXh7yg5KUFIWylTiKVEFKQ,UCGzXwyCzMzGmjmCbH3Hg01Q,1
UCXXh7yg5KUFIWylTiKVEFKQ,UCi1b_TRQfgO1Z9O2gNGGWNA,1
UCXXh7yg5KUFIWylTiKVEFKQ,UCzoL2l5H5eVlorWGH8AZfAg,1
UCXXh7yg5KUFIWylTiKVEFKQ,UCjmPuazZJzscrwvk0QR9RVw,1
UCXXh7yg5KUFIWylTiKVEFKQ,UCHhHUjaMAZ8SiXdCUCj9DkQ,1
UCXXh7yg5KUFIWylTiKVEFKQ,UCRelkU8JiZBytTzebJxaa-w,1
UCXXh7yg5KUFIWylTiKVEFKQ,UCZ51R_9Q9C0c8I3pAWhtmjQ,1
UCXXh7yg5KUFIWylTiKVEFKQ,UCOh6DaZC_x9HASnlRylEMfw,1
UCXXh7yg5KUFIWylTiKVEFKQ,UCTP3O0rMnc8z8v8jaDQwL0w,1
UCV3fr-YOixFKCZBbJP1-X4w,UCgGqw4aqMdMVSGkKiMgrJRQ,1
UCV3fr-YOixFKCZBbJP1-X4w,UCvDwJBBY1mHK70aTEYl6rsA,1
UCV3fr-YOixFKCZBbJP1-X4w,UCzZ6dDCEsLMXbc5pCFXIprw,1
UCV3fr-YOixFKCZBbJP1-X4w,UCyJhqmMbsvjpoarBBStA2kg,1
UCV3fr-YOixFKCZBbJP1-X4w,UCWvntqPQx99k_Z_skWKqNSA,1
UCV3fr-YOixFKCZBbJP1-X4w,UC63tFvbQ_hJhGDi2nbjssjw,1
UCV3fr-YOixFKCZBbJP1-X4w,UC-HeUTT6_g-VoiWds2a4H-w,1
UCV3fr-YOixFKCZBbJP1-X4w,UCaT4saRcyqCLE657Rq2hhZQ,1
UCV3fr-YOixFKCZBbJP1-X4w,UCFybmWapGvBKcQod7cPPH9w,1
UCV3fr-YOixFKCZBbJP1-X4w,UC0HvfEWozTHbwl_iEmJNvVA,1
UCV3fr-YOixFKCZBbJP1-X4w,UChyps3dqY-VY1_wLeq-2lhw,1
UCV3fr-YOixFKCZBbJP1-X4w,UC3YpzAr7pcdKC7BVFEpYzog,1
UCV3fr-YOixFKCZBbJP1-X4w,UCwxoKK59nGCeBqB2sXfDBIw,1
UC-HeUTT6_g-VoiWds2a4H-w,UCgGqw4aqMdMVSGkKiMgrJRQ,1
UC-HeUTT6_g-VoiWds2a4H-w,UCvDwJBBY1mHK70aTEYl6rsA,1
UC-HeUTT6_g-VoiWds2a4H-w,UCzZ6dDCEsLMXbc5pCFXIprw,1
UC-HeUTT6_g-VoiWds2a4H-w,UCyJhqmMbsvjpoarBBStA2kg,1
UC-HeUTT6_g-VoiWds2a4H-w,UCWvntqPQx99k_Z_skWKqNSA,1
UC-HeUTT6_g-VoiWds2a4H-w,UC63tFvbQ_hJhGDi2nbjssjw,1
UC-HeUTT6_g-VoiWds2a4H-w,UCaT4saRcyqCLE657Rq2hhZQ,1
UC-HeUTT6_g-VoiWds2a4H-w,UCFybmWapGvBKcQod7cPPH9w,1
UC-HeUTT6_g-VoiWds2a4H-w,UC0HvfEWozTHbwl_iEmJNvVA,1
UC-HeUTT6_g-VoiWds2a4H-w,UChyps3dqY-VY1_wLeq-2lhw,1
UC-HeUTT6_g-VoiWds2a4H-w,UC3YpzAr7pcdKC7BVFEpYzog,1
UC-HeUTT6_g-VoiWds2a4H-w,UCwxoKK59nGCeBqB2sXfDBIw,1
UCz3gu01bmjNv0DpRq-K3XYg,UCp4iw5_5SmV9VGTFSNVGOmQ,1
UCz3gu01bmjNv0DpRq-K3XYg,UCWIZUtKJ636y-4TYrNvok0g,1
UCz3gu01bmjNv0DpRq-K3XYg,UCgvw7xIdGFupzpt1Y_BFkEA,1
UCz3gu01bmjNv0DpRq-K3XYg,UCtNfIBnc5S5DbbQj_yxgJTw,1
UCz3gu01bmjNv0DpRq-K3XYg,UCmjppp6ujz3SAnULvP3sZMw,1
UCz3gu01bmjNv0DpRq-K3XYg,UCYwpX26TrCxq8TvbKGRYLXA,1
UCz3gu01bmjNv0DpRq-K3XYg,UChZknRmJkeGeQk0-mQuhDOg,1
UCz3gu01bmjNv0DpRq-K3XYg,UCL1MT278vSaQ83ZDkVWn1gw,1
UCz3gu01bmjNv0DpRq-K3XYg,UCh5ESQvtzyHDhCA7XyekCFA,1
UCz3gu01bmjNv0DpRq-K3XYg,UCzSfZlOVxBSs5ObD25ywxDQ,1
UCz3gu01bmjNv0DpRq-K3XYg,UCEgEQmRbtL5fwr9_DqAC--g,1
UCz3gu01bmjNv0DpRq-K3XYg,UCQgYjVngJRfPHDLGB5X6ZjA,1
UCz3gu01bmjNv0DpRq-K3XYg,UCAmtbUiIrUIhikru0ZoTFig,1
UCz3gu01bmjNv0DpRq-K3XYg,UC4cXueR2bKGFJV0Fk76gwmA,1
UCz3gu01bmjNv0DpRq-K3XYg,UCUIIIPTVDVHAXqhC_5V6lPA,1
UCz3gu01bmjNv0DpRq-K3XYg,UCDQaQv0hr2SS_PO-CMEwVHg,1
UCz3gu01bmjNv0DpRq-K3XYg,UCDlr1VadSucIZgZ171pRBjQ,1
UCz3gu01bmjNv0DpRq-K3XYg,UC7VUuJr9cGh845CmTvf7TlQ,1
UCz3gu01bmjNv0DpRq-K3XYg,UCA93ym2TXs_Ibyxb4Vcn-6Q,1
UCz3gu01bmjNv0DpRq-K3XYg,UCXgr7vXlRrsaskPdo097kGA,1
UCz3gu01bmjNv0DpRq-K3XYg,UCj-LL25XJnjxepPKCc3NGog,1
UCz3gu01bmjNv0DpRq-K3XYg,UChgkn5Jt5tWKYMoEOuCjz3Q,1
UCz3gu01bmjNv0DpRq-K3XYg,UC3NMzdMYryaw82kPTnsaljg,1
UCz3gu01bmjNv0DpRq-K3XYg,UCylqlpsh8ENNM1LqgQ1KbxA,1
UCz3gu01bmjNv0DpRq-K3XYg,UCCaYwkkbQGcvFoUmothVdQQ,1
UCz3gu01bmjNv0DpRq-K3XYg,UC9vMq1YF-e7C-VO0SHkbUTA,1
UCz3gu01bmjNv0DpRq-K3XYg,UCr1emrogPKkKTs_WTtx71xg,1
UCz3gu01bmjNv0DpRq-K3XYg,UCV0iizTBoOfdAFX_thfI9BA,1
UCz3gu01bmjNv0DpRq-K3XYg,UCTylKrsqkrBKIqubMu_5N0Q,1
UCz3gu01bmjNv0DpRq-K3XYg,UCDUffaruH6dyUnUGwsTKpgg,1
UCz3gu01bmjNv0DpRq-K3XYg,UCN6qbfPSzFtjhqUDZ3Cv3CQ,1
UCz3gu01bmjNv0DpRq-K3XYg,UCplrIQtaPj6au60_f2-mOYw,1
UCz3gu01bmjNv0DpRq-K3XYg,UCueV9cTyTDwgQSec1x2dYgA,1
UCz3gu01bmjNv0DpRq-K3XYg,UCFxE8GbokBrBsPEKM1xrOjQ,1
UCz3gu01bmjNv0DpRq-K3XYg,UCDIMztpVm7G27qBuiWuT6oQ,1
UCz3gu01bmjNv0DpRq-K3XYg,UC-jS_kA9w-OmpupXDx156Rg,1
UCz3gu01bmjNv0DpRq-K3XYg,UCsjs5Hp_r86x1xbK6FAeqaA,1
UCz3gu01bmjNv0DpRq-K3XYg,UCQqetiwzzmRNTM5OWuXarGQ,1
UCz3gu01bmjNv0DpRq-K3XYg,UCsUCN0Yq_UyTvKjOJLmNrnQ,1
UCz3gu01bmjNv0DpRq-K3XYg,UCfM3nrxtTQMY5jFx1v1J4Gg,1
UCz3gu01bmjNv0DpRq-K3XYg,UCNBnKqWf4d-rS4HwJRQljmQ,1
UCz3gu01bmjNv0DpRq-K3XYg,UC650pRT-OYzny3GwOH8Cgfw,1
UCz3gu01bmjNv0DpRq-K3XYg,UCxff05WuyvwELNITi7bj7UA,1
UCz3gu01bmjNv0DpRq-K3XYg,UC-pNP6RMFuLg_-x7Ah_0kEA,1
UCz3gu01bmjNv0DpRq-K3XYg,UCGzXwyCzMzGmjmCbH3Hg01Q,1
UCz3gu01bmjNv0DpRq-K3XYg,UCi1b_TRQfgO1Z9O2gNGGWNA,1
UCz3gu01bmjNv0DpRq-K3XYg,UCzoL2l5H5eVlorWGH8AZfAg,1
UCz3gu01bmjNv0DpRq-K3XYg,UCjmPuazZJzscrwvk0QR9RVw,1
UCz3gu01bmjNv0DpRq-K3XYg,UCHhHUjaMAZ8SiXdCUCj9DkQ,1
UCz3gu01bmjNv0DpRq-K3XYg,UCRelkU8JiZBytTzebJxaa-w,1
UCz3gu01bmjNv0DpRq-K3XYg,UCZ51R_9Q9C0c8I3pAWhtmjQ,1
UCz3gu01bmjNv0DpRq-K3XYg,UCOh6DaZC_x9HASnlRylEMfw,1
UCz3gu01bmjNv0DpRq-K3XYg,UCTP3O0rMnc8z8v8jaDQwL0w,1
UCFybmWapGvBKcQod7cPPH9w,UCgGqw4aqMdMVSGkKiMgrJRQ,1
UCFybmWapGvBKcQod7cPPH9w,UCvDwJBBY1mHK70aTEYl6rsA,1
UCFybmWapGvBKcQod7cPPH9w,UCzZ6dDCEsLMXbc5pCFXIprw,1
UCFybmWapGvBKcQod7cPPH9w,UCyJhqmMbsvjpoarBBStA2kg,1
UCFybmWapGvBKcQod7cPPH9w,UCWvntqPQx99k_Z_skWKqNSA,1
UCFybmWapGvBKcQod7cPPH9w,UC63tFvbQ_hJhGDi2nbjssjw,1
UCFybmWapGvBKcQod7cPPH9w,UCaT4saRcyqCLE657Rq2hhZQ,1
UCFybmWapGvBKcQod7cPPH9w,UC0HvfEWozTHbwl_iEmJNvVA,1
UCFybmWapGvBKcQod7cPPH9w,UChyps3dqY-VY1_wLeq-2lhw,1
UCFybmWapGvBKcQod7cPPH9w,UC3YpzAr7pcdKC7BVFEpYzog,1
UCFybmWapGvBKcQod7cPPH9w,UCwxoKK59nGCeBqB2sXfDBIw,1
UCgvw7xIdGFupzpt1Y_BFkEA,UCp4iw5_5SmV9VGTFSNVGOmQ,1
UCgvw7xIdGFupzpt1Y_BFkEA,UCWIZUtKJ636y-4TYrNvok0g,1
UCgvw7xIdGFupzpt1Y_BFkEA,UCtNfIBnc5S5DbbQj_yxgJTw,1
UCgvw7xIdGFupzpt1Y_BFkEA,UCmjppp6ujz3SAnULvP3sZMw,1
UCgvw7xIdGFupzpt1Y_BFkEA,UCYwpX26TrCxq8TvbKGRYLXA,1
UCgvw7xIdGFupzpt1Y_BFkEA,UChZknRmJkeGeQk0-mQuhDOg,1
UCgvw7xIdGFupzpt1Y_BFkEA,UCL1MT278vSaQ83ZDkVWn1gw,1
UCgvw7xIdGFupzpt1Y_BFkEA,UCh5ESQvtzyHDhCA7XyekCFA,1
UCgvw7xIdGFupzpt1Y_BFkEA,UCzSfZlOVxBSs5ObD25ywxDQ,1
UCgvw7xIdGFupzpt1Y_BFkEA,UCEgEQmRbtL5fwr9_DqAC--g,1
UCgvw7xIdGFupzpt1Y_BFkEA,UCQgYjVngJRfPHDLGB5X6ZjA,1
UCgvw7xIdGFupzpt1Y_BFkEA,UCAmtbUiIrUIhikru0ZoTFig,1
UCgvw7xIdGFupzpt1Y_BFkEA,UC4cXueR2bKGFJV0Fk76gwmA,1
UCgvw7xIdGFupzpt1Y_BFkEA,UCUIIIPTVDVHAXqhC_5V6lPA,1
UCgvw7xIdGFupzpt1Y_BFkEA,UCDQaQv0hr2SS_PO-CMEwVHg,1
UCgvw7xIdGFupzpt1Y_BFkEA,UCDlr1VadSucIZgZ171pRBjQ,1
UCgvw7xIdGFupzpt1Y_BFkEA,UC7VUuJr9cGh845CmTvf7TlQ,1
UCgvw7xIdGFupzpt1Y_BFkEA,UCA93ym2TXs_Ibyxb4Vcn-6Q,1
UCgvw7xIdGFupzpt1Y_BFkEA,UCXgr7vXlRrsaskPdo097kGA,1
UCgvw7xIdGFupzpt1Y_BFkEA,UCj-LL25XJnjxepPKCc3NGog,1
UCgvw7xIdGFupzpt1Y_BFkEA,UChgkn5Jt5tWKYMoEOuCjz3Q,1
UCgvw7xIdGFupzpt1Y_BFkEA,UC3NMzdMYryaw82kPTnsaljg,1
UCgvw7xIdGFupzpt1Y_BFkEA,UCylqlpsh8ENNM1LqgQ1KbxA,1
UCgvw7xIdGFupzpt1Y_BFkEA,UCCaYwkkbQGcvFoUmothVdQQ,1
UCgvw7xIdGFupzpt1Y_BFkEA,UC9vMq1YF-e7C-VO0SHkbUTA,1
UCgvw7xIdGFupzpt1Y_BFkEA,UCr1emrogPKkKTs_WTtx71xg,1
UCgvw7xIdGFupzpt1Y_BFkEA,UCV0iizTBoOfdAFX_thfI9BA,1
UCgvw7xIdGFupzpt1Y_BFkEA,UCTylKrsqkrBKIqubMu_5N0Q,1
UCgvw7xIdGFupzpt1Y_BFkEA,UCDUffaruH6dyUnUGwsTKpgg,1
UCgvw7xIdGFupzpt1Y_BFkEA,UCN6qbfPSzFtjhqUDZ3Cv3CQ,1
UCgvw7xIdGFupzpt1Y_BFkEA,UCplrIQtaPj6au60_f2-mOYw,1
UCgvw7xIdGFupzpt1Y_BFkEA,UCueV9cTyTDwgQSec1x2dYgA,1
UCgvw7xIdGFupzpt1Y_BFkEA,UCFxE8GbokBrBsPEKM1xrOjQ,1
UCgvw7xIdGFupzpt1Y_BFkEA,UCDIMztpVm7G27qBuiWuT6oQ,1
UCgvw7xIdGFupzpt1Y_BFkEA,UC-jS_kA9w-OmpupXDx156Rg,1
UCgvw7xIdGFupzpt1Y_BFkEA,UCsjs5Hp_r86x1xbK6FAeqaA,1
UCgvw7xIdGFupzpt1Y_BFkEA,UCQqetiwzzmRNTM5OWuXarGQ,1
UCgvw7xIdGFupzpt1Y_BFkEA,UCsUCN0Yq_UyTvKjOJLmNrnQ,1
UCgvw7xIdGFupzpt1Y_BFkEA,UCfM3nrxtTQMY5jFx1v1J4Gg,1
UCgvw7xIdGFupzpt1Y_BFkEA,UCNBnKqWf4d-rS4HwJRQljmQ,1
UCgvw7xIdGFupzpt1Y_BFkEA,UC650pRT-OYzny3GwOH8Cgfw,1
UCgvw7xIdGFupzpt1Y_BFkEA,UCxff05WuyvwELNITi7bj7UA,1
UCgvw7xIdGFupzpt1Y_BFkEA,UC-pNP6RMFuLg_-x7Ah_0kEA,1
UCgvw7xIdGFupzpt1Y_BFkEA,UCGzXwyCzMzGmjmCbH3Hg01Q,1
UCgvw7xIdGFupzpt1Y_BFkEA,UCi1b_TRQfgO1Z9O2gNGGWNA,1
UCgvw7xIdGFupzpt1Y_BFkEA,UCzoL2l5H5eVlorWGH8AZfAg,1
UCgvw7xIdGFupzpt1Y_BFkEA,UCjmPuazZJzscrwvk0QR9RVw,1
UCgvw7xIdGFupzpt1Y_BFkEA,UCHhHUjaMAZ8SiXdCUCj9DkQ,1
UCgvw7xIdGFupzpt1Y_BFkEA,UCRelkU8JiZBytTzebJxaa-w,1
UCgvw7xIdGFupzpt1Y_BFkEA,UCZ51R_9Q9C0c8I3pAWhtmjQ,1
UCgvw7xIdGFupzpt1Y_BFkEA,UCOh6DaZC_x9HASnlRylEMfw,1
UCgvw7xIdGFupzpt1Y_BFkEA,UCTP3O0rMnc8z8v8jaDQwL0w,1
UC5PrBbmUlQolwqmiru7yZhw,UCsUCN0Yq_UyTvKjOJLmNrnQ,1
UC5PrBbmUlQolwqmiru7yZhw,UCHu8x4MVkayU6VgwVKd--MQ,1
UC5PrBbmUlQolwqmiru7yZhw,UC094EFEmMSdwVa8NQjjYBXg,1
UCW80DaMjQlEUibC98Cot-Dg,UCQqlPPUGqAfWjd-FSh_qn7Q,1
UCW80DaMjQlEUibC98Cot-Dg,UCZeIIQrGAedW8tCbKWmGY-A,1
UCW80DaMjQlEUibC98Cot-Dg,UC5hvEnRUzI4Kfvwnyi4QxqQ,1
UCW80DaMjQlEUibC98Cot-Dg,UCylqlpsh8ENNM1LqgQ1KbxA,1
UCW80DaMjQlEUibC98Cot-Dg,UC-fiZBS5Gp1eCJd9ucgWnCg,1
UCW80DaMjQlEUibC98Cot-Dg,UCe8JZoYkX5oKUZyivHYdXhw,1
UCW80DaMjQlEUibC98Cot-Dg,UCpe5jW3MIqkgTJ-PgkzvM6Q,1
UCW80DaMjQlEUibC98Cot-Dg,UCdFlugHJJa4l3YqWuNRmvXw,1
UCW80DaMjQlEUibC98Cot-Dg,UCsGoJEvb-cFPZ2rWoJcXzEQ,1
UCW80DaMjQlEUibC98Cot-Dg,UCgQw_Sbq3ugruDUKsq1e0-A,1
UCW80DaMjQlEUibC98Cot-Dg,UCV0lM03g5fg5pbPj97-sAtA,1
UCW80DaMjQlEUibC98Cot-Dg,UC6Uj1FT5JjDSF8vudvDxPAA,1
UCW80DaMjQlEUibC98Cot-Dg,UCRAquv8el-tQ30bN7MlmySQ,1
UCW80DaMjQlEUibC98Cot-Dg,UCRvPToDkkumha7WJAfCDk1A,1
UCW80DaMjQlEUibC98Cot-Dg,UC1DpqK6vaPEkBOMNvypsKYg,1
UCW80DaMjQlEUibC98Cot-Dg,UCqCrvuoJpC-aVb0f4logQRQ,1
UCW80DaMjQlEUibC98Cot-Dg,UCQyOePccUP-fIJYzchAgZYw,1
UCW80DaMjQlEUibC98Cot-Dg,UClqA491Xa5fQcXcJJa-vTWw,1
UCW80DaMjQlEUibC98Cot-Dg,UCWoAVGVqCn4xtINCMOTM4jg,1
UCwxoKK59nGCeBqB2sXfDBIw,UCgGqw4aqMdMVSGkKiMgrJRQ,1
UCwxoKK59nGCeBqB2sXfDBIw,UCvDwJBBY1mHK70aTEYl6rsA,1
UCwxoKK59nGCeBqB2sXfDBIw,UCzZ6dDCEsLMXbc5pCFXIprw,1
UCwxoKK59nGCeBqB2sXfDBIw,UCyJhqmMbsvjpoarBBStA2kg,1
UCwxoKK59nGCeBqB2sXfDBIw,UCWvntqPQx99k_Z_skWKqNSA,1
UCwxoKK59nGCeBqB2sXfDBIw,UC63tFvbQ_hJhGDi2nbjssjw,1
UCwxoKK59nGCeBqB2sXfDBIw,UCaT4saRcyqCLE657Rq2hhZQ,1
UCwxoKK59nGCeBqB2sXfDBIw,UC0HvfEWozTHbwl_iEmJNvVA,1
UCwxoKK59nGCeBqB2sXfDBIw,UChyps3dqY-VY1_wLeq-2lhw,1
UCwxoKK59nGCeBqB2sXfDBIw,UC3YpzAr7pcdKC7BVFEpYzog,1
UCgGqw4aqMdMVSGkKiMgrJRQ,UCvDwJBBY1mHK70aTEYl6rsA,1
UCgGqw4aqMdMVSGkKiMgrJRQ,UCzZ6dDCEsLMXbc5pCFXIprw,1
UCgGqw4aqMdMVSGkKiMgrJRQ,UCyJhqmMbsvjpoarBBStA2kg,1
UCgGqw4aqMdMVSGkKiMgrJRQ,UCWvntqPQx99k_Z_skWKqNSA,1
UCgGqw4aqMdMVSGkKiMgrJRQ,UC63tFvbQ_hJhGDi2nbjssjw,1
UCgGqw4aqMdMVSGkKiMgrJRQ,UCaT4saRcyqCLE657Rq2hhZQ,1
UCgGqw4aqMdMVSGkKiMgrJRQ,UC0HvfEWozTHbwl_iEmJNvVA,1
UCgGqw4aqMdMVSGkKiMgrJRQ,UChyps3dqY-VY1_wLeq-2lhw,1
UCgGqw4aqMdMVSGkKiMgrJRQ,UC3YpzAr7pcdKC7BVFEpYzog,1
UCfRqgt2O-vjzUDMZY_tnxQw,UCdFlugHJJa4l3YqWuNRmvXw,1
UCfRqgt2O-vjzUDMZY_tnxQw,UCBtB5dIyx-C16UN8ClUD2UA,1
UCfRqgt2O-vjzUDMZY_tnxQw,UC4kg7zuTfqQKLd2bkZrSYBA,1
UCtMBF_1O2jY2INlb_luuB_A,UC_ljZ1hZXR9pzexFz87P5ZA,1
UCtMBF_1O2jY2INlb_luuB_A,UCY7Hq7F9Lnucf-Yr6JkHZNw,1
UCtMBF_1O2jY2INlb_luuB_A,UCIUhbSCy3-SGRe5UtqM4fzQ,1
UCtMBF_1O2jY2INlb_luuB_A,UCGqKxQS-z3NZzZF-2w338AA,1
UCtMBF_1O2jY2INlb_luuB_A,UCIp19h9igblA2YKfSLPDAug,1
UCtMBF_1O2jY2INlb_luuB_A,UCXmrpc6Li0spcKxtS0Q_ptg,1
UCtMBF_1O2jY2INlb_luuB_A,UCHMQ_lDhibZ-XZ_3fo6oxwg,1
UCtMBF_1O2jY2INlb_luuB_A,UCgLrWFdYitoP-b7-PxtUr-w,1
UCtMBF_1O2jY2INlb_luuB_A,UCRznz9-N3Qc1w-qNdLSIY2Q,1
UC-fiZBS5Gp1eCJd9ucgWnCg,UCQqlPPUGqAfWjd-FSh_qn7Q,1
UC-fiZBS5Gp1eCJd9ucgWnCg,UCZeIIQrGAedW8tCbKWmGY-A,1
UC-fiZBS5Gp1eCJd9ucgWnCg,UC5hvEnRUzI4Kfvwnyi4QxqQ,1
UC-fiZBS5Gp1eCJd9ucgWnCg,UCylqlpsh8ENNM1LqgQ1KbxA,1
UC-fiZBS5Gp1eCJd9ucgWnCg,UCe8JZoYkX5oKUZyivHYdXhw,1
UC-fiZBS5Gp1eCJd9ucgWnCg,UCpe5jW3MIqkgTJ-PgkzvM6Q,1
UC-fiZBS5Gp1eCJd9ucgWnCg,UCdFlugHJJa4l3YqWuNRmvXw,1
UC-fiZBS5Gp1eCJd9ucgWnCg,UCsGoJEvb-cFPZ2rWoJcXzEQ,1
UC-fiZBS5Gp1eCJd9ucgWnCg,UCgQw_Sbq3ugruDUKsq1e0-A,1
UC-fiZBS5Gp1eCJd9ucgWnCg,UCV0lM03g5fg5pbPj97-sAtA,1
UC-fiZBS5Gp1eCJd9ucgWnCg,UC6Uj1FT5JjDSF8vudvDxPAA,1
UC-fiZBS5Gp1eCJd9ucgWnCg,UCRAquv8el-tQ30bN7MlmySQ,1
UC-fiZBS5Gp1eCJd9ucgWnCg,UCRvPToDkkumha7WJAfCDk1A,1
UC-fiZBS5Gp1eCJd9ucgWnCg,UC1DpqK6vaPEkBOMNvypsKYg,1
UC-fiZBS5Gp1eCJd9ucgWnCg,UCqCrvuoJpC-aVb0f4logQRQ,1
UC-fiZBS5Gp1eCJd9ucgWnCg,UCQyOePccUP-fIJYzchAgZYw,1
UC-fiZBS5Gp1eCJd9ucgWnCg,UClqA491Xa5fQcXcJJa-vTWw,1
UC-fiZBS5Gp1eCJd9ucgWnCg,UCWoAVGVqCn4xtINCMOTM4jg,1
UCdFlugHJJa4l3YqWuNRmvXw,UCQqlPPUGqAfWjd-FSh_qn7Q,1
UCdFlugHJJa4l3YqWuNRmvXw,UCZeIIQrGAedW8tCbKWmGY-A,1
UCdFlugHJJa4l3YqWuNRmvXw,UC5hvEnRUzI4Kfvwnyi4QxqQ,1
UCdFlugHJJa4l3YqWuNRmvXw,UCylqlpsh8ENNM1LqgQ1KbxA,1
UCdFlugHJJa4l3YqWuNRmvXw,UCe8JZoYkX5oKUZyivHYdXhw,1
UCdFlugHJJa4l3YqWuNRmvXw,UCpe5jW3MIqkgTJ-PgkzvM6Q,1
UCdFlugHJJa4l3YqWuNRmvXw,UCsGoJEvb-cFPZ2rWoJcXzEQ,1
UCdFlugHJJa4l3YqWuNRmvXw,UCgQw_Sbq3ugruDUKsq1e0-A,1
UCdFlugHJJa4l3YqWuNRmvXw,UCV0lM03g5fg5pbPj97-sAtA,1
UCdFlugHJJa4l3YqWuNRmvXw,UC6Uj1FT5JjDSF8vudvDxPAA,1
UCdFlugHJJa4l3YqWuNRmvXw,UCRAquv8el-tQ30bN7MlmySQ,1
UCdFlugHJJa4l3YqWuNRmvXw,UCBtB5dIyx-C16UN8ClUD2UA,1
UCdFlugHJJa4l3YqWuNRmvXw,UCRvPToDkkumha7WJAfCDk1A,1
UCdFlugHJJa4l3YqWuNRmvXw,UC1DpqK6vaPEkBOMNvypsKYg,1
UCdFlugHJJa4l3YqWuNRmvXw,UCqCrvuoJpC-aVb0f4logQRQ,1
UCdFlugHJJa4l3YqWuNRmvXw,UCQyOePccUP-fIJYzchAgZYw,1
UCdFlugHJJa4l3YqWuNRmvXw,UC4kg7zuTfqQKLd2bkZrSYBA,1
UCdFlugHJJa4l3YqWuNRmvXw,UClqA491Xa5fQcXcJJa-vTWw,1
UCdFlugHJJa4l3YqWuNRmvXw,UCWoAVGVqCn4xtINCMOTM4jg,1
UCtiHFjFu7d5v2XxHnKFUYig,UCozFYHN0e_-vlQbX3wQGOug,1
UCtiHFjFu7d5v2XxHnKFUYig,UCPNXmbOBVeC4HS-xemvcPtQ,1
UCtiHFjFu7d5v2XxHnKFUYig,UCrqXyRsg-_hTosURZ-uvoKg,1
UCtiHFjFu7d5v2XxHnKFUYig,UCQMMuADgqWUOcJpLwHOzC-g,1
UCtiHFjFu7d5v2XxHnKFUYig,UCGZMgmM92E3njyXNe9-kjAQ,1
UCtiHFjFu7d5v2XxHnKFUYig,UC-QOpE7GOxlXcHZ8b7HbQKA,1
UCtiHFjFu7d5v2XxHnKFUYig,UCbNanjFI51cwGqMAb2rOrBw,1
UCtiHFjFu7d5v2XxHnKFUYig,UCVdjCrh4tQoX3haNAZv-n5A,1
UCEgEQmRbtL5fwr9_DqAC--g,UCp4iw5_5SmV9VGTFSNVGOmQ,1
UCEgEQmRbtL5fwr9_DqAC--g,UCWIZUtKJ636y-4TYrNvok0g,1
UCEgEQmRbtL5fwr9_DqAC--g,UCtNfIBnc5S5DbbQj_yxgJTw,1
UCEgEQmRbtL5fwr9_DqAC--g,UCmjppp6ujz3SAnULvP3sZMw,1
UCEgEQmRbtL5fwr9_DqAC--g,UCYwpX26TrCxq8TvbKGRYLXA,1
UCEgEQmRbtL5fwr9_DqAC--g,UChZknRmJkeGeQk0-mQuhDOg,1
UCEgEQmRbtL5fwr9_DqAC--g,UCL1MT278vSaQ83ZDkVWn1gw,1
UCEgEQmRbtL5fwr9_DqAC--g,UCh5ESQvtzyHDhCA7XyekCFA,1
UCEgEQmRbtL5fwr9_DqAC--g,UCzSfZlOVxBSs5ObD25ywxDQ,1
UCEgEQmRbtL5fwr9_DqAC--g,UCQgYjVngJRfPHDLGB5X6ZjA,1
UCEgEQmRbtL5fwr9_DqAC--g,UCAmtbUiIrUIhikru0ZoTFig,1
UCEgEQmRbtL5fwr9_DqAC--g,UC4cXueR2bKGFJV0Fk76gwmA,1
UCEgEQmRbtL5fwr9_DqAC--g,UCUIIIPTVDVHAXqhC_5V6lPA,1
UCEgEQmRbtL5fwr9_DqAC--g,UCDQaQv0hr2SS_PO-CMEwVHg,1
UCEgEQmRbtL5fwr9_DqAC--g,UCDlr1VadSucIZgZ171pRBjQ,1
UCEgEQmRbtL5fwr9_DqAC--g,UC7VUuJr9cGh845CmTvf7TlQ,1
UCEgEQmRbtL5fwr9_DqAC--g,UCA93ym2TXs_Ibyxb4Vcn-6Q,1
UCEgEQmRbtL5fwr9_DqAC--g,UCXgr7vXlRrsaskPdo097kGA,1
UCEgEQmRbtL5fwr9_DqAC--g,UCj-LL25XJnjxepPKCc3NGog,1
UCEgEQmRbtL5fwr9_DqAC--g,UChgkn5Jt5tWKYMoEOuCjz3Q,1
UCEgEQmRbtL5fwr9_DqAC--g,UC3NMzdMYryaw82kPTnsaljg,1
UCEgEQmRbtL5fwr9_DqAC--g,UCylqlpsh8ENNM1LqgQ1KbxA,1
UCEgEQmRbtL5fwr9_DqAC--g,UCCaYwkkbQGcvFoUmothVdQQ,1
UCEgEQmRbtL5fwr9_DqAC--g,UC9vMq1YF-e7C-VO0SHkbUTA,1
UCEgEQmRbtL5fwr9_DqAC--g,UCr1emrogPKkKTs_WTtx71xg,1
UCEgEQmRbtL5fwr9_DqAC--g,UCV0iizTBoOfdAFX_thfI9BA,1
UCEgEQmRbtL5fwr9_DqAC--g,UCTylKrsqkrBKIqubMu_5N0Q,1
UCEgEQmRbtL5fwr9_DqAC--g,UCDUffaruH6dyUnUGwsTKpgg,1
UCEgEQmRbtL5fwr9_DqAC--g,UCN6qbfPSzFtjhqUDZ3Cv3CQ,1
UCEgEQmRbtL5fwr9_DqAC--g,UCplrIQtaPj6au60_f2-mOYw,1
UCEgEQmRbtL5fwr9_DqAC--g,UCueV9cTyTDwgQSec1x2dYgA,1
UCEgEQmRbtL5fwr9_DqAC--g,UCFxE8GbokBrBsPEKM1xrOjQ,1
UCEgEQmRbtL5fwr9_DqAC--g,UCDIMztpVm7G27qBuiWuT6oQ,1
UCEgEQmRbtL5fwr9_DqAC--g,UC-jS_kA9w-OmpupXDx156Rg,1
UCEgEQmRbtL5fwr9_DqAC--g,UCsjs5Hp_r86x1xbK6FAeqaA,1
UCEgEQmRbtL5fwr9_DqAC--g,UCQqetiwzzmRNTM5OWuXarGQ,1
UCEgEQmRbtL5fwr9_DqAC--g,UCsUCN0Yq_UyTvKjOJLmNrnQ,1
UCEgEQmRbtL5fwr9_DqAC--g,UCfM3nrxtTQMY5jFx1v1J4Gg,1
UCEgEQmRbtL5fwr9_DqAC--g,UCNBnKqWf4d-rS4HwJRQljmQ,1
UCEgEQmRbtL5fwr9_DqAC--g,UC650pRT-OYzny3GwOH8Cgfw,1
UCEgEQmRbtL5fwr9_DqAC--g,UCxff05WuyvwELNITi7bj7UA,1
UCEgEQmRbtL5fwr9_DqAC--g,UC-pNP6RMFuLg_-x7Ah_0kEA,1
UCEgEQmRbtL5fwr9_DqAC--g,UCGzXwyCzMzGmjmCbH3Hg01Q,1
UCEgEQmRbtL5fwr9_DqAC--g,UCi1b_TRQfgO1Z9O2gNGGWNA,1
UCEgEQmRbtL5fwr9_DqAC--g,UCzoL2l5H5eVlorWGH8AZfAg,1
UCEgEQmRbtL5fwr9_DqAC--g,UCjmPuazZJzscrwvk0QR9RVw,1
UCEgEQmRbtL5fwr9_DqAC--g,UCHhHUjaMAZ8SiXdCUCj9DkQ,1
UCEgEQmRbtL5fwr9_DqAC--g,UCRelkU8JiZBytTzebJxaa-w,1
UCEgEQmRbtL5fwr9_DqAC--g,UCZ51R_9Q9C0c8I3pAWhtmjQ,1
UCEgEQmRbtL5fwr9_DqAC--g,UCOh6DaZC_x9HASnlRylEMfw,1
UCEgEQmRbtL5fwr9_DqAC--g,UCTP3O0rMnc8z8v8jaDQwL0w,1
UCaT4saRcyqCLE657Rq2hhZQ,UCvDwJBBY1mHK70aTEYl6rsA,1
UCaT4saRcyqCLE657Rq2hhZQ,UCzZ6dDCEsLMXbc5pCFXIprw,1
UCaT4saRcyqCLE657Rq2hhZQ,UCyJhqmMbsvjpoarBBStA2kg,1
UCaT4saRcyqCLE657Rq2hhZQ,UCWvntqPQx99k_Z_skWKqNSA,1
UCaT4saRcyqCLE657Rq2hhZQ,UC63tFvbQ_hJhGDi2nbjssjw,1
UCaT4saRcyqCLE657Rq2hhZQ,UC0HvfEWozTHbwl_iEmJNvVA,1
UCaT4saRcyqCLE657Rq2hhZQ,UChyps3dqY-VY1_wLeq-2lhw,1
UCaT4saRcyqCLE657Rq2hhZQ,UC3YpzAr7pcdKC7BVFEpYzog,1
UCY7Hq7F9Lnucf-Yr6JkHZNw,UC_ljZ1hZXR9pzexFz87P5ZA,1
UCY7Hq7F9Lnucf-Yr6JkHZNw,UCIUhbSCy3-SGRe5UtqM4fzQ,1
UCY7Hq7F9Lnucf-Yr6JkHZNw,UCGqKxQS-z3NZzZF-2w338AA,1
UCY7Hq7F9Lnucf-Yr6JkHZNw,UCIp19h9igblA2YKfSLPDAug,1
UCY7Hq7F9Lnucf-Yr6JkHZNw,UCXmrpc6Li0spcKxtS0Q_ptg,1
UCY7Hq7F9Lnucf-Yr6JkHZNw,UCHMQ_lDhibZ-XZ_3fo6oxwg,1
UCY7Hq7F9Lnucf-Yr6JkHZNw,UCgLrWFdYitoP-b7-PxtUr-w,1
UCY7Hq7F9Lnucf-Yr6JkHZNw,UCRznz9-N3Qc1w-qNdLSIY2Q,1
UCQgYjVngJRfPHDLGB5X6ZjA,UCp4iw5_5SmV9VGTFSNVGOmQ,1
UCQgYjVngJRfPHDLGB5X6ZjA,UCWIZUtKJ636y-4TYrNvok0g,1
UCQgYjVngJRfPHDLGB5X6ZjA,UCtNfIBnc5S5DbbQj_yxgJTw,1
UCQgYjVngJRfPHDLGB5X6ZjA,UCmjppp6ujz3SAnULvP3sZMw,1
UCQgYjVngJRfPHDLGB5X6ZjA,UCYwpX26TrCxq8TvbKGRYLXA,1
UCQgYjVngJRfPHDLGB5X6ZjA,UChZknRmJkeGeQk0-mQuhDOg,1
UCQgYjVngJRfPHDLGB5X6ZjA,UCL1MT278vSaQ83ZDkVWn1gw,1
UCQgYjVngJRfPHDLGB5X6ZjA,UCh5ESQvtzyHDhCA7XyekCFA,1
UCQgYjVngJRfPHDLGB5X6ZjA,UCzSfZlOVxBSs5ObD25ywxDQ,1
UCQgYjVngJRfPHDLGB5X6ZjA,UCAmtbUiIrUIhikru0ZoTFig,1
UCQgYjVngJRfPHDLGB5X6ZjA,UC4cXueR2bKGFJV0Fk76gwmA,1
UCQgYjVngJRfPHDLGB5X6ZjA,UCUIIIPTVDVHAXqhC_5V6lPA,1
UCQgYjVngJRfPHDLGB5X6ZjA,UCDQaQv0hr2SS_PO-CMEwVHg,1
UCQgYjVngJRfPHDLGB5X6ZjA,UCDlr1VadSucIZgZ171pRBjQ,1
UCQgYjVngJRfPHDLGB5X6ZjA,UC7VUuJr9cGh845CmTvf7TlQ,1
UCQgYjVngJRfPHDLGB5X6ZjA,UCA93ym2TXs_Ibyxb4Vcn-6Q,1
UCQgYjVngJRfPHDLGB5X6ZjA,UCXgr7vXlRrsaskPdo097kGA,1
UCQgYjVngJRfPHDLGB5X6ZjA,UCj-LL25XJnjxepPKCc3NGog,1
UCQgYjVngJRfPHDLGB5X6ZjA,UChgkn5Jt5tWKYMoEOuCjz3Q,1
UCQgYjVngJRfPHDLGB5X6ZjA,UC3NMzdMYryaw82kPTnsaljg,1
UCQgYjVngJRfPHDLGB5X6ZjA,UCylqlpsh8ENNM1LqgQ1KbxA,1
UCQgYjVngJRfPHDLGB5X6ZjA,UCCaYwkkbQGcvFoUmothVdQQ,1
UCQgYjVngJRfPHDLGB5X6ZjA,UC9vMq1YF-e7C-VO0SHkbUTA,1
UCQgYjVngJRfPHDLGB5X6ZjA,UCr1emrogPKkKTs_WTtx71xg,1
UCQgYjVngJRfPHDLGB5X6ZjA,UCV0iizTBoOfdAFX_thfI9BA,1
UCQgYjVngJRfPHDLGB5X6ZjA,UCTylKrsqkrBKIqubMu_5N0Q,1
UCQgYjVngJRfPHDLGB5X6ZjA,UCDUffaruH6dyUnUGwsTKpgg,1
UCQgYjVngJRfPHDLGB5X6ZjA,UCN6qbfPSzFtjhqUDZ3Cv3CQ,1
UCQgYjVngJRfPHDLGB5X6ZjA,UCplrIQtaPj6au60_f2-mOYw,1
UCQgYjVngJRfPHDLGB5X6ZjA,UCueV9cTyTDwgQSec1x2dYgA,1
UCQgYjVngJRfPHDLGB5X6ZjA,UCFxE8GbokBrBsPEKM1xrOjQ,1
UCQgYjVngJRfPHDLGB5X6ZjA,UCDIMztpVm7G27qBuiWuT6oQ,1
UCQgYjVngJRfPHDLGB5X6ZjA,UC-jS_kA9w-OmpupXDx156Rg,1
UCQgYjVngJRfPHDLGB5X6ZjA,UCsjs5Hp_r86x1xbK6FAeqaA,1
UCQgYjVngJRfPHDLGB5X6ZjA,UCQqetiwzzmRNTM5OWuXarGQ,1
UCQgYjVngJRfPHDLGB5X6ZjA,UCsUCN0Yq_UyTvKjOJLmNrnQ,1
UCQgYjVngJRfPHDLGB5X6ZjA,UCfM3nrxtTQMY5jFx1v1J4Gg,1
UCQgYjVngJRfPHDLGB5X6ZjA,UCNBnKqWf4d-rS4HwJRQljmQ,1
UCQgYjVngJRfPHDLGB5X6ZjA,UC650pRT-OYzny3GwOH8Cgfw,1
UCQgYjVngJRfPHDLGB5X6ZjA,UCxff05WuyvwELNITi7bj7UA,1
UCQgYjVngJRfPHDLGB5X6ZjA,UC-pNP6RMFuLg_-x7Ah_0kEA,1
UCQgYjVngJRfPHDLGB5X6ZjA,UCGzXwyCzMzGmjmCbH3Hg01Q,1
UCQgYjVngJRfPHDLGB5X6ZjA,UCi1b_TRQfgO1Z9O2gNGGWNA,1
UCQgYjVngJRfPHDLGB5X6ZjA,UCzoL2l5H5eVlorWGH8AZfAg,1
UCQgYjVngJRfPHDLGB5X6ZjA,UCjmPuazZJzscrwvk0QR9RVw,1
UCQgYjVngJRfPHDLGB5X6ZjA,UCHhHUjaMAZ8SiXdCUCj9DkQ,1
UCQgYjVngJRfPHDLGB5X6ZjA,UCRelkU8JiZBytTzebJxaa-w,1
UCQgYjVngJRfPHDLGB5X6ZjA,UCZ51R_9Q9C0c8I3pAWhtmjQ,1
UCQgYjVngJRfPHDLGB5X6ZjA,UCOh6DaZC_x9HASnlRylEMfw,1
UCQgYjVngJRfPHDLGB5X6ZjA,UCTP3O0rMnc8z8v8jaDQwL0w,1
UC1DpqK6vaPEkBOMNvypsKYg,UCQqlPPUGqAfWjd-FSh_qn7Q,1
UC1DpqK6vaPEkBOMNvypsKYg,UCZeIIQrGAedW8tCbKWmGY-A,1
UC1DpqK6vaPEkBOMNvypsKYg,UC5hvEnRUzI4Kfvwnyi4QxqQ,1
UC1DpqK6vaPEkBOMNvypsKYg,UCylqlpsh8ENNM1LqgQ1KbxA,1
UC1DpqK6vaPEkBOMNvypsKYg,UCe8JZoYkX5oKUZyivHYdXhw,1
UC1DpqK6vaPEkBOMNvypsKYg,UCpe5jW3MIqkgTJ-PgkzvM6Q,1
UC1DpqK6vaPEkBOMNvypsKYg,UCsGoJEvb-cFPZ2rWoJcXzEQ,1
UC1DpqK6vaPEkBOMNvypsKYg,UCgQw_Sbq3ugruDUKsq1e0-A,1
UC1DpqK6vaPEkBOMNvypsKYg,UCV0lM03g5fg5pbPj97-sAtA,1
UC1DpqK6vaPEkBOMNvypsKYg,UC6Uj1FT5JjDSF8vudvDxPAA,1
UC1DpqK6vaPEkBOMNvypsKYg,UCRAquv8el-tQ30bN7MlmySQ,1
UC1DpqK6vaPEkBOMNvypsKYg,UCRvPToDkkumha7WJAfCDk1A,1
UC1DpqK6vaPEkBOMNvypsKYg,UCqCrvuoJpC-aVb0f4logQRQ,1
UC1DpqK6vaPEkBOMNvypsKYg,UCQyOePccUP-fIJYzchAgZYw,1
UC1DpqK6vaPEkBOMNvypsKYg,UClqA491Xa5fQcXcJJa-vTWw,1
UC1DpqK6vaPEkBOMNvypsKYg,UCWoAVGVqCn4xtINCMOTM4jg,1
UCAmtbUiIrUIhikru0ZoTFig,UCp4iw5_5SmV9VGTFSNVGOmQ,1
UCAmtbUiIrUIhikru0ZoTFig,UCWIZUtKJ636y-4TYrNvok0g,1
UCAmtbUiIrUIhikru0ZoTFig,UCtNfIBnc5S5DbbQj_yxgJTw,1
UCAmtbUiIrUIhikru0ZoTFig,UCmjppp6ujz3SAnULvP3sZMw,1
UCAmtbUiIrUIhikru0ZoTFig,UCYwpX26TrCxq8TvbKGRYLXA,1
UCAmtbUiIrUIhikru0ZoTFig,UChZknRmJkeGeQk0-mQuhDOg,1
UCAmtbUiIrUIhikru0ZoTFig,UCL1MT278vSaQ83ZDkVWn1gw,1
UCAmtbUiIrUIhikru0ZoTFig,UCh5ESQvtzyHDhCA7XyekCFA,1
UCAmtbUiIrUIhikru0ZoTFig,UCzSfZlOVxBSs5ObD25ywxDQ,1
UCAmtbUiIrUIhikru0ZoTFig,UC4cXueR2bKGFJV0Fk76gwmA,1
UCAmtbUiIrUIhikru0ZoTFig,UCUIIIPTVDVHAXqhC_5V6lPA,1
UCAmtbUiIrUIhikru0ZoTFig,UCDQaQv0hr2SS_PO-CMEwVHg,1
UCAmtbUiIrUIhikru0ZoTFig,UCDlr1VadSucIZgZ171pRBjQ,1
UCAmtbUiIrUIhikru0ZoTFig,UC7VUuJr9cGh845CmTvf7TlQ,1
UCAmtbUiIrUIhikru0ZoTFig,UCA93ym2TXs_Ibyxb4Vcn-6Q,1
UCAmtbUiIrUIhikru0ZoTFig,UCXgr7vXlRrsaskPdo097kGA,1
UCAmtbUiIrUIhikru0ZoTFig,UCj-LL25XJnjxepPKCc3NGog,1
UCAmtbUiIrUIhikru0ZoTFig,UChgkn5Jt5tWKYMoEOuCjz3Q,1
UCAmtbUiIrUIhikru0ZoTFig,UC3NMzdMYryaw82kPTnsaljg,1
UCAmtbUiIrUIhikru0ZoTFig,UCylqlpsh8ENNM1LqgQ1KbxA,1
UCAmtbUiIrUIhikru0ZoTFig,UCCaYwkkbQGcvFoUmothVdQQ,1
UCAmtbUiIrUIhikru0ZoTFig,UC9vMq1YF-e7C-VO0SHkbUTA,1
UCAmtbUiIrUIhikru0ZoTFig,UCr1emrogPKkKTs_WTtx71xg,1
UCAmtbUiIrUIhikru0ZoTFig,UCV0iizTBoOfdAFX_thfI9BA,1
UCAmtbUiIrUIhikru0ZoTFig,UCTylKrsqkrBKIqubMu_5N0Q,1
UCAmtbUiIrUIhikru0ZoTFig,UCDUffaruH6dyUnUGwsTKpgg,1
UCAmtbUiIrUIhikru0ZoTFig,UCN6qbfPSzFtjhqUDZ3Cv3CQ,1
UCAmtbUiIrUIhikru0ZoTFig,UCplrIQtaPj6au60_f2-mOYw,1
UCAmtbUiIrUIhikru0ZoTFig,UCueV9cTyTDwgQSec1x2dYgA,1
UCAmtbUiIrUIhikru0ZoTFig,UCFxE8GbokBrBsPEKM1xrOjQ,1
UCAmtbUiIrUIhikru0ZoTFig,UCDIMztpVm7G27qBuiWuT6oQ,1
UCAmtbUiIrUIhikru0ZoTFig,UC-jS_kA9w-OmpupXDx156Rg,1
UCAmtbUiIrUIhikru0ZoTFig,UCsjs5Hp_r86x1xbK6FAeqaA,1
UCAmtbUiIrUIhikru0ZoTFig,UCQqetiwzzmRNTM5OWuXarGQ,1
UCAmtbUiIrUIhikru0ZoTFig,UCsUCN0Yq_UyTvKjOJLmNrnQ,1
UCAmtbUiIrUIhikru0ZoTFig,UCfM3nrxtTQMY5jFx1v1J4Gg,1
UCAmtbUiIrUIhikru0ZoTFig,UCNBnKqWf4d-rS4HwJRQljmQ,1
UCAmtbUiIrUIhikru0ZoTFig,UC650pRT-OYzny3GwOH8Cgfw,1
UCAmtbUiIrUIhikru0ZoTFig,UCxff05WuyvwELNITi7bj7UA,1
UCAmtbUiIrUIhikru0ZoTFig,UC-pNP6RMFuLg_-x7Ah_0kEA,1
UCAmtbUiIrUIhikru0ZoTFig,UCGzXwyCzMzGmjmCbH3Hg01Q,1
UCAmtbUiIrUIhikru0ZoTFig,UCi1b_TRQfgO1Z9O2gNGGWNA,1
UCAmtbUiIrUIhikru0ZoTFig,UCzoL2l5H5eVlorWGH8AZfAg,1
UCAmtbUiIrUIhikru0ZoTFig,UCjmPuazZJzscrwvk0QR9RVw,1
UCAmtbUiIrUIhikru0ZoTFig,UCHhHUjaMAZ8SiXdCUCj9DkQ,1
UCAmtbUiIrUIhikru0ZoTFig,UCRelkU8JiZBytTzebJxaa-w,1
UCAmtbUiIrUIhikru0ZoTFig,UCZ51R_9Q9C0c8I3pAWhtmjQ,1
UCAmtbUiIrUIhikru0ZoTFig,UCOh6DaZC_x9HASnlRylEMfw,1
UCAmtbUiIrUIhikru0ZoTFig,UCTP3O0rMnc8z8v8jaDQwL0w,1
UCrqXyRsg-_hTosURZ-uvoKg,UCozFYHN0e_-vlQbX3wQGOug,1
UCrqXyRsg-_hTosURZ-uvoKg,UCPNXmbOBVeC4HS-xemvcPtQ,1
UCrqXyRsg-_hTosURZ-uvoKg,UCQMMuADgqWUOcJpLwHOzC-g,1
UCrqXyRsg-_hTosURZ-uvoKg,UCGZMgmM92E3njyXNe9-kjAQ,1
UCrqXyRsg-_hTosURZ-uvoKg,UC-QOpE7GOxlXcHZ8b7HbQKA,1
UCrqXyRsg-_hTosURZ-uvoKg,UCbNanjFI51cwGqMAb2rOrBw,1
UCrqXyRsg-_hTosURZ-uvoKg,UCVdjCrh4tQoX3haNAZv-n5A,1
UCGX_UbAQOXGZknv5iqklwTA,UCNIeXbV_mEwpa412h1aqUWw,1
UCGX_UbAQOXGZknv5iqklwTA,UCzZ6dDCEsLMXbc5pCFXIprw,1
UCGX_UbAQOXGZknv5iqklwTA,UCPZueDLrCS4BmTBRMA4q0fA,1
UCGX_UbAQOXGZknv5iqklwTA,UCf5lnNZF7Qrtli9v4N_23WQ,1
UCGX_UbAQOXGZknv5iqklwTA,UCgQJgI9vu1FI2dnC9mrFthw,1
UCGX_UbAQOXGZknv5iqklwTA,UC8xlJWNHz1V_W6q3fbuQH8g,1
UCgQJgI9vu1FI2dnC9mrFthw,UCNIeXbV_mEwpa412h1aqUWw,1
UCgQJgI9vu1FI2dnC9mrFthw,UCzZ6dDCEsLMXbc5pCFXIprw,1
UCgQJgI9vu1FI2dnC9mrFthw,UCPZueDLrCS4BmTBRMA4q0fA,1
UCgQJgI9vu1FI2dnC9mrFthw,UCf5lnNZF7Qrtli9v4N_23WQ,1
UCgQJgI9vu1FI2dnC9mrFthw,UC8xlJWNHz1V_W6q3fbuQH8g,1
UCDlr1VadSucIZgZ171pRBjQ,UCp4iw5_5SmV9VGTFSNVGOmQ,1
UCDlr1VadSucIZgZ171pRBjQ,UCWIZUtKJ636y-4TYrNvok0g,1
UCDlr1VadSucIZgZ171pRBjQ,UCtNfIBnc5S5DbbQj_yxgJTw,1
UCDlr1VadSucIZgZ171pRBjQ,UCmjppp6ujz3SAnULvP3sZMw,1
UCDlr1VadSucIZgZ171pRBjQ,UCYwpX26TrCxq8TvbKGRYLXA,1
UCDlr1VadSucIZgZ171pRBjQ,UChZknRmJkeGeQk0-mQuhDOg,1
UCDlr1VadSucIZgZ171pRBjQ,UCL1MT278vSaQ83ZDkVWn1gw,1
UCDlr1VadSucIZgZ171pRBjQ,UCh5ESQvtzyHDhCA7XyekCFA,1
UCDlr1VadSucIZgZ171pRBjQ,UCzSfZlOVxBSs5ObD25ywxDQ,1
UCDlr1VadSucIZgZ171pRBjQ,UC4cXueR2bKGFJV0Fk76gwmA,1
UCDlr1VadSucIZgZ171pRBjQ,UCUIIIPTVDVHAXqhC_5V6lPA,1
UCDlr1VadSucIZgZ171pRBjQ,UCDQaQv0hr2SS_PO-CMEwVHg,1
UCDlr1VadSucIZgZ171pRBjQ,UC7VUuJr9cGh845CmTvf7TlQ,1
UCDlr1VadSucIZgZ171pRBjQ,UCA93ym2TXs_Ibyxb4Vcn-6Q,1
UCDlr1VadSucIZgZ171pRBjQ,UCXgr7vXlRrsaskPdo097kGA,1
UCDlr1VadSucIZgZ171pRBjQ,UCj-LL25XJnjxepPKCc3NGog,1
UCDlr1VadSucIZgZ171pRBjQ,UChgkn5Jt5tWKYMoEOuCjz3Q,1
UCDlr1VadSucIZgZ171pRBjQ,UC3NMzdMYryaw82kPTnsaljg,1
UCDlr1VadSucIZgZ171pRBjQ,UCylqlpsh8ENNM1LqgQ1KbxA,1
UCDlr1VadSucIZgZ171pRBjQ,UCCaYwkkbQGcvFoUmothVdQQ,1
UCDlr1VadSucIZgZ171pRBjQ,UC9vMq1YF-e7C-VO0SHkbUTA,1
UCDlr1VadSucIZgZ171pRBjQ,UCr1emrogPKkKTs_WTtx71xg,1
UCDlr1VadSucIZgZ171pRBjQ,UCV0iizTBoOfdAFX_thfI9BA,1
UCDlr1VadSucIZgZ171pRBjQ,UCTylKrsqkrBKIqubMu_5N0Q,1
UCDlr1VadSucIZgZ171pRBjQ,UCDUffaruH6dyUnUGwsTKpgg,1
UCDlr1VadSucIZgZ171pRBjQ,UCN6qbfPSzFtjhqUDZ3Cv3CQ,1
UCDlr1VadSucIZgZ171pRBjQ,UCplrIQtaPj6au60_f2-mOYw,1
UCDlr1VadSucIZgZ171pRBjQ,UCueV9cTyTDwgQSec1x2dYgA,1
UCDlr1VadSucIZgZ171pRBjQ,UCFxE8GbokBrBsPEKM1xrOjQ,1
UCDlr1VadSucIZgZ171pRBjQ,UCDIMztpVm7G27qBuiWuT6oQ,1
UCDlr1VadSucIZgZ171pRBjQ,UC-jS_kA9w-OmpupXDx156Rg,1
UCDlr1VadSucIZgZ171pRBjQ,UCsjs5Hp_r86x1xbK6FAeqaA,1
UCDlr1VadSucIZgZ171pRBjQ,UCQqetiwzzmRNTM5OWuXarGQ,1
UCDlr1VadSucIZgZ171pRBjQ,UCsUCN0Yq_UyTvKjOJLmNrnQ,1
UCDlr1VadSucIZgZ171pRBjQ,UCfM3nrxtTQMY5jFx1v1J4Gg,1
UCDlr1VadSucIZgZ171pRBjQ,UCNBnKqWf4d-rS4HwJRQljmQ,1
UCDlr1VadSucIZgZ171pRBjQ,UC650pRT-OYzny3GwOH8Cgfw,1
UCDlr1VadSucIZgZ171pRBjQ,UCxff05WuyvwELNITi7bj7UA,1
UCDlr1VadSucIZgZ171pRBjQ,UC-pNP6RMFuLg_-x7Ah_0kEA,1
UCDlr1VadSucIZgZ171pRBjQ,UCGzXwyCzMzGmjmCbH3Hg01Q,1
UCDlr1VadSucIZgZ171pRBjQ,UCi1b_TRQfgO1Z9O2gNGGWNA,1
UCDlr1VadSucIZgZ171pRBjQ,UCzoL2l5H5eVlorWGH8AZfAg,1
UCDlr1VadSucIZgZ171pRBjQ,UCjmPuazZJzscrwvk0QR9RVw,1
UCDlr1VadSucIZgZ171pRBjQ,UCHhHUjaMAZ8SiXdCUCj9DkQ,1
UCDlr1VadSucIZgZ171pRBjQ,UCRelkU8JiZBytTzebJxaa-w,1
UCDlr1VadSucIZgZ171pRBjQ,UCZ51R_9Q9C0c8I3pAWhtmjQ,1
UCDlr1VadSucIZgZ171pRBjQ,UCOh6DaZC_x9HASnlRylEMfw,1
UCDlr1VadSucIZgZ171pRBjQ,UCTP3O0rMnc8z8v8jaDQwL0w,1
UCTTILH6QCIxbTnEWxwRqs1g,UCvcu1kR8xMYy_I1Ty-2mV2Q,1
UCTTILH6QCIxbTnEWxwRqs1g,UCXO1BBohNWXkK9SBDAG2ySg,1
UCTTILH6QCIxbTnEWxwRqs1g,UCdQAuWwyC99MB7Y02Umj26Q,1
UCTTILH6QCIxbTnEWxwRqs1g,UChT7pzGytNd92Nmvi-zuWog,1
UCTTILH6QCIxbTnEWxwRqs1g,UCbrtvygfRT6QXqWDNrOf-cA,1
UCTTILH6QCIxbTnEWxwRqs1g,UCXVLc8CmAO813ubM-fLvCDw,1
UCTTILH6QCIxbTnEWxwRqs1g,UCxcoDvP-g2_KTZDmVZtvb3w,1
UCTTILH6QCIxbTnEWxwRqs1g,UCwEe1RKlEv1UpNWmWYfSh4w,1
UCTTILH6QCIxbTnEWxwRqs1g,UCOY3XpD9qMCRSA8AA8c4CAw,1
UCj-LL25XJnjxepPKCc3NGog,UCp4iw5_5SmV9VGTFSNVGOmQ,1
UCj-LL25XJnjxepPKCc3NGog,UCWIZUtKJ636y-4TYrNvok0g,1
UCj-LL25XJnjxepPKCc3NGog,UCtNfIBnc5S5DbbQj_yxgJTw,1
UCj-LL25XJnjxepPKCc3NGog,UCmjppp6ujz3SAnULvP3sZMw,1
UCj-LL25XJnjxepPKCc3NGog,UCYwpX26TrCxq8TvbKGRYLXA,1
UCj-LL25XJnjxepPKCc3NGog,UChZknRmJkeGeQk0-mQuhDOg,1
UCj-LL25XJnjxepPKCc3NGog,UCL1MT278vSaQ83ZDkVWn1gw,1
UCj-LL25XJnjxepPKCc3NGog,UCh5ESQvtzyHDhCA7XyekCFA,1
UCj-LL25XJnjxepPKCc3NGog,UCzSfZlOVxBSs5ObD25ywxDQ,1
UCj-LL25XJnjxepPKCc3NGog,UC4cXueR2bKGFJV0Fk76gwmA,1
UCj-LL25XJnjxepPKCc3NGog,UCUIIIPTVDVHAXqhC_5V6lPA,1
UCj-LL25XJnjxepPKCc3NGog,UCDQaQv0hr2SS_PO-CMEwVHg,1
UCj-LL25XJnjxepPKCc3NGog,UC7VUuJr9cGh845CmTvf7TlQ,1
UCj-LL25XJnjxepPKCc3NGog,UCA93ym2TXs_Ibyxb4Vcn-6Q,1
UCj-LL25XJnjxepPKCc3NGog,UCXgr7vXlRrsaskPdo097kGA,1
UCj-LL25XJnjxepPKCc3NGog,UChgkn5Jt5tWKYMoEOuCjz3Q,1
UCj-LL25XJnjxepPKCc3NGog,UC3NMzdMYryaw82kPTnsaljg,1
UCj-LL25XJnjxepPKCc3NGog,UCylqlpsh8ENNM1LqgQ1KbxA,1
UCj-LL25XJnjxepPKCc3NGog,UCCaYwkkbQGcvFoUmothVdQQ,1
UCj-LL25XJnjxepPKCc3NGog,UC9vMq1YF-e7C-VO0SHkbUTA,1
UCj-LL25XJnjxepPKCc3NGog,UCr1emrogPKkKTs_WTtx71xg,1
UCj-LL25XJnjxepPKCc3NGog,UCV0iizTBoOfdAFX_thfI9BA,1
UCj-LL25XJnjxepPKCc3NGog,UCTylKrsqkrBKIqubMu_5N0Q,1
UCj-LL25XJnjxepPKCc3NGog,UCDUffaruH6dyUnUGwsTKpgg,1
UCj-LL25XJnjxepPKCc3NGog,UCN6qbfPSzFtjhqUDZ3Cv3CQ,1
UCj-LL25XJnjxepPKCc3NGog,UCplrIQtaPj6au60_f2-mOYw,1
UCj-LL25XJnjxepPKCc3NGog,UCueV9cTyTDwgQSec1x2dYgA,1
UCj-LL25XJnjxepPKCc3NGog,UCFxE8GbokBrBsPEKM1xrOjQ,1
UCj-LL25XJnjxepPKCc3NGog,UCDIMztpVm7G27qBuiWuT6oQ,1
UCj-LL25XJnjxepPKCc3NGog,UC-jS_kA9w-OmpupXDx156Rg,1
UCj-LL25XJnjxepPKCc3NGog,UCsjs5Hp_r86x1xbK6FAeqaA,1
UCj-LL25XJnjxepPKCc3NGog,UCQqetiwzzmRNTM5OWuXarGQ,1
UCj-LL25XJnjxepPKCc3NGog,UCsUCN0Yq_UyTvKjOJLmNrnQ,1
UCj-LL25XJnjxepPKCc3NGog,UCfM3nrxtTQMY5jFx1v1J4Gg,1
UCj-LL25XJnjxepPKCc3NGog,UCNBnKqWf4d-rS4HwJRQljmQ,1
UCj-LL25XJnjxepPKCc3NGog,UC650pRT-OYzny3GwOH8Cgfw,1
UCj-LL25XJnjxepPKCc3NGog,UCxff05WuyvwELNITi7bj7UA,1
UCj-LL25XJnjxepPKCc3NGog,UC-pNP6RMFuLg_-x7Ah_0kEA,1
UCj-LL25XJnjxepPKCc3NGog,UCGzXwyCzMzGmjmCbH3Hg01Q,1
UCj-LL25XJnjxepPKCc3NGog,UCi1b_TRQfgO1Z9O2gNGGWNA,1
UCj-LL25XJnjxepPKCc3NGog,UCzoL2l5H5eVlorWGH8AZfAg,1
UCj-LL25XJnjxepPKCc3NGog,UCjmPuazZJzscrwvk0QR9RVw,1
UCj-LL25XJnjxepPKCc3NGog,UCHhHUjaMAZ8SiXdCUCj9DkQ,1
UCj-LL25XJnjxepPKCc3NGog,UCRelkU8JiZBytTzebJxaa-w,1
UCj-LL25XJnjxepPKCc3NGog,UCZ51R_9Q9C0c8I3pAWhtmjQ,1
UCj-LL25XJnjxepPKCc3NGog,UCOh6DaZC_x9HASnlRylEMfw,1
UCj-LL25XJnjxepPKCc3NGog,UCTP3O0rMnc8z8v8jaDQwL0w,1
UCvcu1kR8xMYy_I1Ty-2mV2Q,UCOARn3hnfkB7-_Rwa8Hoqcw,1
UCvcu1kR8xMYy_I1Ty-2mV2Q,UCVhif9eV0f8plICen2DnpKA,1
UCvcu1kR8xMYy_I1Ty-2mV2Q,UChT7pzGytNd92Nmvi-zuWog,1
UCvcu1kR8xMYy_I1Ty-2mV2Q,UCVC2QugcI1G4RvlCiUqd1aQ,1
UCvcu1kR8xMYy_I1Ty-2mV2Q,UCXO1BBohNWXkK9SBDAG2ySg,1
UCvcu1kR8xMYy_I1Ty-2mV2Q,UCdQAuWwyC99MB7Y02Umj26Q,1
UCvcu1kR8xMYy_I1Ty-2mV2Q,UCGj2v6Gl5bN8NSrzJMXS-CA,1
UCvcu1kR8xMYy_I1Ty-2mV2Q,UCnU8wO1OurAmGstDw6VGjgQ,1
UCvcu1kR8xMYy_I1Ty-2mV2Q,UCbrtvygfRT6QXqWDNrOf-cA,2
UCvcu1kR8xMYy_I1Ty-2mV2Q,UCXVLc8CmAO813ubM-fLvCDw,1
UCvcu1kR8xMYy_I1Ty-2mV2Q,UC_6KbBY1bsYXz9fwFS0eQRg,1
UCvcu1kR8xMYy_I1Ty-2mV2Q,UCxcoDvP-g2_KTZDmVZtvb3w,1
UCvcu1kR8xMYy_I1Ty-2mV2Q,UCwEe1RKlEv1UpNWmWYfSh4w,1
UCvcu1kR8xMYy_I1Ty-2mV2Q,UCOY3XpD9qMCRSA8AA8c4CAw,1
UC3NMzdMYryaw82kPTnsaljg,UCp4iw5_5SmV9VGTFSNVGOmQ,1
UC3NMzdMYryaw82kPTnsaljg,UCWIZUtKJ636y-4TYrNvok0g,1
UC3NMzdMYryaw82kPTnsaljg,UCtNfIBnc5S5DbbQj_yxgJTw,1
UC3NMzdMYryaw82kPTnsaljg,UCmjppp6ujz3SAnULvP3sZMw,1
UC3NMzdMYryaw82kPTnsaljg,UCYwpX26TrCxq8TvbKGRYLXA,1
UC3NMzdMYryaw82kPTnsaljg,UChZknRmJkeGeQk0-mQuhDOg,1
UC3NMzdMYryaw82kPTnsaljg,UCL1MT278vSaQ83ZDkVWn1gw,1
UC3NMzdMYryaw82kPTnsaljg,UCh5ESQvtzyHDhCA7XyekCFA,1
UC3NMzdMYryaw82kPTnsaljg,UCzSfZlOVxBSs5ObD25ywxDQ,1
UC3NMzdMYryaw82kPTnsaljg,UC4cXueR2bKGFJV0Fk76gwmA,1
UC3NMzdMYryaw82kPTnsaljg,UCUIIIPTVDVHAXqhC_5V6lPA,1
UC3NMzdMYryaw82kPTnsaljg,UCDQaQv0hr2SS_PO-CMEwVHg,1
UC3NMzdMYryaw82kPTnsaljg,UC7VUuJr9cGh845CmTvf7TlQ,1
UC3NMzdMYryaw82kPTnsaljg,UCA93ym2TXs_Ibyxb4Vcn-6Q,1
UC3NMzdMYryaw82kPTnsaljg,UCXgr7vXlRrsaskPdo097kGA,1
UC3NMzdMYryaw82kPTnsaljg,UChgkn5Jt5tWKYMoEOuCjz3Q,1
UC3NMzdMYryaw82kPTnsaljg,UCylqlpsh8ENNM1LqgQ1KbxA,1
UC3NMzdMYryaw82kPTnsaljg,UCCaYwkkbQGcvFoUmothVdQQ,1
UC3NMzdMYryaw82kPTnsaljg,UC9vMq1YF-e7C-VO0SHkbUTA,1
UC3NMzdMYryaw82kPTnsaljg,UCr1emrogPKkKTs_WTtx71xg,1
UC3NMzdMYryaw82kPTnsaljg,UCV0iizTBoOfdAFX_thfI9BA,1
UC3NMzdMYryaw82kPTnsaljg,UCTylKrsqkrBKIqubMu_5N0Q,1
UC3NMzdMYryaw82kPTnsaljg,UCDUffaruH6dyUnUGwsTKpgg,1
UC3NMzdMYryaw82kPTnsaljg,UCN6qbfPSzFtjhqUDZ3Cv3CQ,1
UC3NMzdMYryaw82kPTnsaljg,UCplrIQtaPj6au60_f2-mOYw,1
UC3NMzdMYryaw82kPTnsaljg,UCueV9cTyTDwgQSec1x2dYgA,1
UC3NMzdMYryaw82kPTnsaljg,UCFxE8GbokBrBsPEKM1xrOjQ,1
UC3NMzdMYryaw82kPTnsaljg,UCDIMztpVm7G27qBuiWuT6oQ,1
UC3NMzdMYryaw82kPTnsaljg,UC-jS_kA9w-OmpupXDx156Rg,1
UC3NMzdMYryaw82kPTnsaljg,UCsjs5Hp_r86x1xbK6FAeqaA,1
UC3NMzdMYryaw82kPTnsaljg,UCQqetiwzzmRNTM5OWuXarGQ,1
UC3NMzdMYryaw82kPTnsaljg,UCsUCN0Yq_UyTvKjOJLmNrnQ,1
UC3NMzdMYryaw82kPTnsaljg,UCfM3nrxtTQMY5jFx1v1J4Gg,1
UC3NMzdMYryaw82kPTnsaljg,UCNBnKqWf4d-rS4HwJRQljmQ,1
UC3NMzdMYryaw82kPTnsaljg,UC650pRT-OYzny3GwOH8Cgfw,1
UC3NMzdMYryaw82kPTnsaljg,UCxff05WuyvwELNITi7bj7UA,1
UC3NMzdMYryaw82kPTnsaljg,UC-pNP6RMFuLg_-x7Ah_0kEA,1
UC3NMzdMYryaw82kPTnsaljg,UCGzXwyCzMzGmjmCbH3Hg01Q,1
UC3NMzdMYryaw82kPTnsaljg,UCi1b_TRQfgO1Z9O2gNGGWNA,1
UC3NMzdMYryaw82kPTnsaljg,UCzoL2l5H5eVlorWGH8AZfAg,1
UC3NMzdMYryaw82kPTnsaljg,UCjmPuazZJzscrwvk0QR9RVw,1
UC3NMzdMYryaw82kPTnsaljg,UCHhHUjaMAZ8SiXdCUCj9DkQ,1
UC3NMzdMYryaw82kPTnsaljg,UCRelkU8JiZBytTzebJxaa-w,1
UC3NMzdMYryaw82kPTnsaljg,UCZ51R_9Q9C0c8I3pAWhtmjQ,1
UC3NMzdMYryaw82kPTnsaljg,UCOh6DaZC_x9HASnlRylEMfw,1
UC3NMzdMYryaw82kPTnsaljg,UCTP3O0rMnc8z8v8jaDQwL0w,1
UCCaYwkkbQGcvFoUmothVdQQ,UCp4iw5_5SmV9VGTFSNVGOmQ,1
UCCaYwkkbQGcvFoUmothVdQQ,UCWIZUtKJ636y-4TYrNvok0g,1
UCCaYwkkbQGcvFoUmothVdQQ,UCtNfIBnc5S5DbbQj_yxgJTw,1
UCCaYwkkbQGcvFoUmothVdQQ,UCmjppp6ujz3SAnULvP3sZMw,1
UCCaYwkkbQGcvFoUmothVdQQ,UCYwpX26TrCxq8TvbKGRYLXA,1
UCCaYwkkbQGcvFoUmothVdQQ,UChZknRmJkeGeQk0-mQuhDOg,1
UCCaYwkkbQGcvFoUmothVdQQ,UCL1MT278vSaQ83ZDkVWn1gw,1
UCCaYwkkbQGcvFoUmothVdQQ,UCh5ESQvtzyHDhCA7XyekCFA,1
UCCaYwkkbQGcvFoUmothVdQQ,UCzSfZlOVxBSs5ObD25ywxDQ,1
UCCaYwkkbQGcvFoUmothVdQQ,UC4cXueR2bKGFJV0Fk76gwmA,1
UCCaYwkkbQGcvFoUmothVdQQ,UCUIIIPTVDVHAXqhC_5V6lPA,1
UCCaYwkkbQGcvFoUmothVdQQ,UCDQaQv0hr2SS_PO-CMEwVHg,1
UCCaYwkkbQGcvFoUmothVdQQ,UC7VUuJr9cGh845CmTvf7TlQ,1
UCCaYwkkbQGcvFoUmothVdQQ,UCA93ym2TXs_Ibyxb4Vcn-6Q,1
UCCaYwkkbQGcvFoUmothVdQQ,UCXgr7vXlRrsaskPdo097kGA,1
UCCaYwkkbQGcvFoUmothVdQQ,UChgkn5Jt5tWKYMoEOuCjz3Q,1
UCCaYwkkbQGcvFoUmothVdQQ,UCylqlpsh8ENNM1LqgQ1KbxA,1
UCCaYwkkbQGcvFoUmothVdQQ,UC9vMq1YF-e7C-VO0SHkbUTA,1
UCCaYwkkbQGcvFoUmothVdQQ,UCr1emrogPKkKTs_WTtx71xg,1
UCCaYwkkbQGcvFoUmothVdQQ,UCV0iizTBoOfdAFX_thfI9BA,1
UCCaYwkkbQGcvFoUmothVdQQ,UCTylKrsqkrBKIqubMu_5N0Q,1
UCCaYwkkbQGcvFoUmothVdQQ,UCDUffaruH6dyUnUGwsTKpgg,1
UCCaYwkkbQGcvFoUmothVdQQ,UCN6qbfPSzFtjhqUDZ3Cv3CQ,1
UCCaYwkkbQGcvFoUmothVdQQ,UCplrIQtaPj6au60_f2-mOYw,1
UCCaYwkkbQGcvFoUmothVdQQ,UCueV9cTyTDwgQSec1x2dYgA,1
UCCaYwkkbQGcvFoUmothVdQQ,UCFxE8GbokBrBsPEKM1xrOjQ,1
UCCaYwkkbQGcvFoUmothVdQQ,UCDIMztpVm7G27qBuiWuT6oQ,1
UCCaYwkkbQGcvFoUmothVdQQ,UC-jS_kA9w-OmpupXDx156Rg,1
UCCaYwkkbQGcvFoUmothVdQQ,UCsjs5Hp_r86x1xbK6FAeqaA,1
UCCaYwkkbQGcvFoUmothVdQQ,UCQqetiwzzmRNTM5OWuXarGQ,1
UCCaYwkkbQGcvFoUmothVdQQ,UCsUCN0Yq_UyTvKjOJLmNrnQ,1
UCCaYwkkbQGcvFoUmothVdQQ,UCfM3nrxtTQMY5jFx1v1J4Gg,1
UCCaYwkkbQGcvFoUmothVdQQ,UCNBnKqWf4d-rS4HwJRQljmQ,1
UCCaYwkkbQGcvFoUmothVdQQ,UC650pRT-OYzny3GwOH8Cgfw,1
UCCaYwkkbQGcvFoUmothVdQQ,UCxff05WuyvwELNITi7bj7UA,1
UCCaYwkkbQGcvFoUmothVdQQ,UC-pNP6RMFuLg_-x7Ah_0kEA,1
UCCaYwkkbQGcvFoUmothVdQQ,UCGzXwyCzMzGmjmCbH3Hg01Q,1
UCCaYwkkbQGcvFoUmothVdQQ,UCi1b_TRQfgO1Z9O2gNGGWNA,1
UCCaYwkkbQGcvFoUmothVdQQ,UCzoL2l5H5eVlorWGH8AZfAg,1
UCCaYwkkbQGcvFoUmothVdQQ,UCjmPuazZJzscrwvk0QR9RVw,1
UCCaYwkkbQGcvFoUmothVdQQ,UCHhHUjaMAZ8SiXdCUCj9DkQ,1
UCCaYwkkbQGcvFoUmothVdQQ,UCRelkU8JiZBytTzebJxaa-w,1
UCCaYwkkbQGcvFoUmothVdQQ,UCZ51R_9Q9C0c8I3pAWhtmjQ,1
UCCaYwkkbQGcvFoUmothVdQQ,UCOh6DaZC_x9HASnlRylEMfw,1
UCCaYwkkbQGcvFoUmothVdQQ,UCTP3O0rMnc8z8v8jaDQwL0w,1
UCQMMuADgqWUOcJpLwHOzC-g,UCozFYHN0e_-vlQbX3wQGOug,1
UCQMMuADgqWUOcJpLwHOzC-g,UCPNXmbOBVeC4HS-xemvcPtQ,1
UCQMMuADgqWUOcJpLwHOzC-g,UCGZMgmM92E3njyXNe9-kjAQ,1
UCQMMuADgqWUOcJpLwHOzC-g,UC-QOpE7GOxlXcHZ8b7HbQKA,1
UCQMMuADgqWUOcJpLwHOzC-g,UCbNanjFI51cwGqMAb2rOrBw,1
UCQMMuADgqWUOcJpLwHOzC-g,UCVdjCrh4tQoX3haNAZv-n5A,1
UCbrtvygfRT6QXqWDNrOf-cA,UCXO1BBohNWXkK9SBDAG2ySg,1
UCbrtvygfRT6QXqWDNrOf-cA,UChT7pzGytNd92Nmvi-zuWog,1
UCbrtvygfRT6QXqWDNrOf-cA,UCVC2QugcI1G4RvlCiUqd1aQ,1
UCbrtvygfRT6QXqWDNrOf-cA,UCdQAuWwyC99MB7Y02Umj26Q,1
UCbrtvygfRT6QXqWDNrOf-cA,UCnU8wO1OurAmGstDw6VGjgQ,1
UCbrtvygfRT6QXqWDNrOf-cA,UCXVLc8CmAO813ubM-fLvCDw,1
UCbrtvygfRT6QXqWDNrOf-cA,UC_6KbBY1bsYXz9fwFS0eQRg,1
UCbrtvygfRT6QXqWDNrOf-cA,UCxcoDvP-g2_KTZDmVZtvb3w,1
UCbrtvygfRT6QXqWDNrOf-cA,UCwEe1RKlEv1UpNWmWYfSh4w,1
UCbrtvygfRT6QXqWDNrOf-cA,UCOY3XpD9qMCRSA8AA8c4CAw,1
UCTylKrsqkrBKIqubMu_5N0Q,UCp4iw5_5SmV9VGTFSNVGOmQ,1
UCTylKrsqkrBKIqubMu_5N0Q,UCWIZUtKJ636y-4TYrNvok0g,1
UCTylKrsqkrBKIqubMu_5N0Q,UCtNfIBnc5S5DbbQj_yxgJTw,1
UCTylKrsqkrBKIqubMu_5N0Q,UCmjppp6ujz3SAnULvP3sZMw,1
UCTylKrsqkrBKIqubMu_5N0Q,UCYwpX26TrCxq8TvbKGRYLXA,1
UCTylKrsqkrBKIqubMu_5N0Q,UChZknRmJkeGeQk0-mQuhDOg,1
UCTylKrsqkrBKIqubMu_5N0Q,UCL1MT278vSaQ83ZDkVWn1gw,1
UCTylKrsqkrBKIqubMu_5N0Q,UCh5ESQvtzyHDhCA7XyekCFA,1
UCTylKrsqkrBKIqubMu_5N0Q,UCzSfZlOVxBSs5ObD25ywxDQ,1
UCTylKrsqkrBKIqubMu_5N0Q,UC4cXueR2bKGFJV0Fk76gwmA,1
UCTylKrsqkrBKIqubMu_5N0Q,UCUIIIPTVDVHAXqhC_5V6lPA,1
UCTylKrsqkrBKIqubMu_5N0Q,UCDQaQv0hr2SS_PO-CMEwVHg,1
UCTylKrsqkrBKIqubMu_5N0Q,UC7VUuJr9cGh845CmTvf7TlQ,1
UCTylKrsqkrBKIqubMu_5N0Q,UCA93ym2TXs_Ibyxb4Vcn-6Q,1
UCTylKrsqkrBKIqubMu_5N0Q,UCXgr7vXlRrsaskPdo097kGA,1
UCTylKrsqkrBKIqubMu_5N0Q,UChgkn5Jt5tWKYMoEOuCjz3Q,1
UCTylKrsqkrBKIqubMu_5N0Q,UCylqlpsh8ENNM1LqgQ1KbxA,1
UCTylKrsqkrBKIqubMu_5N0Q,UC9vMq1YF-e7C-VO0SHkbUTA,1
UCTylKrsqkrBKIqubMu_5N0Q,UCr1emrogPKkKTs_WTtx71xg,1
UCTylKrsqkrBKIqubMu_5N0Q,UCV0iizTBoOfdAFX_thfI9BA,1
UCTylKrsqkrBKIqubMu_5N0Q,UCDUffaruH6dyUnUGwsTKpgg,1
UCTylKrsqkrBKIqubMu_5N0Q,UCN6qbfPSzFtjhqUDZ3Cv3CQ,1
UCTylKrsqkrBKIqubMu_5N0Q,UCplrIQtaPj6au60_f2-mOYw,1
UCTylKrsqkrBKIqubMu_5N0Q,UCueV9cTyTDwgQSec1x2dYgA,1
UCTylKrsqkrBKIqubMu_5N0Q,UCFxE8GbokBrBsPEKM1xrOjQ,1
UCTylKrsqkrBKIqubMu_5N0Q,UCDIMztpVm7G27qBuiWuT6oQ,1
UCTylKrsqkrBKIqubMu_5N0Q,UC-jS_kA9w-OmpupXDx156Rg,1
UCTylKrsqkrBKIqubMu_5N0Q,UCsjs5Hp_r86x1xbK6FAeqaA,1
UCTylKrsqkrBKIqubMu_5N0Q,UCQqetiwzzmRNTM5OWuXarGQ,1
UCTylKrsqkrBKIqubMu_5N0Q,UCsUCN0Yq_UyTvKjOJLmNrnQ,1
UCTylKrsqkrBKIqubMu_5N0Q,UCfM3nrxtTQMY5jFx1v1J4Gg,1
UCTylKrsqkrBKIqubMu_5N0Q,UCNBnKqWf4d-rS4HwJRQljmQ,1
UCTylKrsqkrBKIqubMu_5N0Q,UC650pRT-OYzny3GwOH8Cgfw,1
UCTylKrsqkrBKIqubMu_5N0Q,UCxff05WuyvwELNITi7bj7UA,1
UCTylKrsqkrBKIqubMu_5N0Q,UC-pNP6RMFuLg_-x7Ah_0kEA,1
UCTylKrsqkrBKIqubMu_5N0Q,UCGzXwyCzMzGmjmCbH3Hg01Q,1
UCTylKrsqkrBKIqubMu_5N0Q,UCi1b_TRQfgO1Z9O2gNGGWNA,1
UCTylKrsqkrBKIqubMu_5N0Q,UCzoL2l5H5eVlorWGH8AZfAg,1
UCTylKrsqkrBKIqubMu_5N0Q,UCjmPuazZJzscrwvk0QR9RVw,1
UCTylKrsqkrBKIqubMu_5N0Q,UCHhHUjaMAZ8SiXdCUCj9DkQ,1
UCTylKrsqkrBKIqubMu_5N0Q,UCRelkU8JiZBytTzebJxaa-w,1
UCTylKrsqkrBKIqubMu_5N0Q,UCZ51R_9Q9C0c8I3pAWhtmjQ,1
UCTylKrsqkrBKIqubMu_5N0Q,UCOh6DaZC_x9HASnlRylEMfw,1
UCTylKrsqkrBKIqubMu_5N0Q,UCTP3O0rMnc8z8v8jaDQwL0w,1
UCwEe1RKlEv1UpNWmWYfSh4w,UCXO1BBohNWXkK9SBDAG2ySg,1
UCwEe1RKlEv1UpNWmWYfSh4w,UCdQAuWwyC99MB7Y02Umj26Q,1
UCwEe1RKlEv1UpNWmWYfSh4w,UChT7pzGytNd92Nmvi-zuWog,1
UCwEe1RKlEv1UpNWmWYfSh4w,UCXVLc8CmAO813ubM-fLvCDw,1
UCwEe1RKlEv1UpNWmWYfSh4w,UCxcoDvP-g2_KTZDmVZtvb3w,1
UCwEe1RKlEv1UpNWmWYfSh4w,UCOY3XpD9qMCRSA8AA8c4CAw,1
UCOY3XpD9qMCRSA8AA8c4CAw,UCXO1BBohNWXkK9SBDAG2ySg,1
UCOY3XpD9qMCRSA8AA8c4CAw,UCdQAuWwyC99MB7Y02Umj26Q,1
UCOY3XpD9qMCRSA8AA8c4CAw,UChT7pzGytNd92Nmvi-zuWog,1
UCOY3XpD9qMCRSA8AA8c4CAw,UCXVLc8CmAO813ubM-fLvCDw,1
UCOY3XpD9qMCRSA8AA8c4CAw,UCxcoDvP-g2_KTZDmVZtvb3w,1
UCplrIQtaPj6au60_f2-mOYw,UCp4iw5_5SmV9VGTFSNVGOmQ,1
UCplrIQtaPj6au60_f2-mOYw,UCWIZUtKJ636y-4TYrNvok0g,1
UCplrIQtaPj6au60_f2-mOYw,UCtNfIBnc5S5DbbQj_yxgJTw,1
UCplrIQtaPj6au60_f2-mOYw,UCmjppp6ujz3SAnULvP3sZMw,1
UCplrIQtaPj6au60_f2-mOYw,UCYwpX26TrCxq8TvbKGRYLXA,1
UCplrIQtaPj6au60_f2-mOYw,UChZknRmJkeGeQk0-mQuhDOg,1
UCplrIQtaPj6au60_f2-mOYw,UCL1MT278vSaQ83ZDkVWn1gw,1
UCplrIQtaPj6au60_f2-mOYw,UCh5ESQvtzyHDhCA7XyekCFA,1
UCplrIQtaPj6au60_f2-mOYw,UCzSfZlOVxBSs5ObD25ywxDQ,1
UCplrIQtaPj6au60_f2-mOYw,UC4cXueR2bKGFJV0Fk76gwmA,1
UCplrIQtaPj6au60_f2-mOYw,UCUIIIPTVDVHAXqhC_5V6lPA,1
UCplrIQtaPj6au60_f2-mOYw,UCDQaQv0hr2SS_PO-CMEwVHg,1
UCplrIQtaPj6au60_f2-mOYw,UC7VUuJr9cGh845CmTvf7TlQ,1
UCplrIQtaPj6au60_f2-mOYw,UCA93ym2TXs_Ibyxb4Vcn-6Q,1
UCplrIQtaPj6au60_f2-mOYw,UCXgr7vXlRrsaskPdo097kGA,1
UCplrIQtaPj6au60_f2-mOYw,UChgkn5Jt5tWKYMoEOuCjz3Q,1
UCplrIQtaPj6au60_f2-mOYw,UCylqlpsh8ENNM1LqgQ1KbxA,1
UCplrIQtaPj6au60_f2-mOYw,UC9vMq1YF-e7C-VO0SHkbUTA,1
UCplrIQtaPj6au60_f2-mOYw,UCr1emrogPKkKTs_WTtx71xg,1
UCplrIQtaPj6au60_f2-mOYw,UCV0iizTBoOfdAFX_thfI9BA,1
UCplrIQtaPj6au60_f2-mOYw,UCDUffaruH6dyUnUGwsTKpgg,1
UCplrIQtaPj6au60_f2-mOYw,UCN6qbfPSzFtjhqUDZ3Cv3CQ,1
UCplrIQtaPj6au60_f2-mOYw,UCueV9cTyTDwgQSec1x2dYgA,1
UCplrIQtaPj6au60_f2-mOYw,UCFxE8GbokBrBsPEKM1xrOjQ,1
UCplrIQtaPj6au60_f2-mOYw,UCDIMztpVm7G27qBuiWuT6oQ,1
UCplrIQtaPj6au60_f2-mOYw,UC-jS_kA9w-OmpupXDx156Rg,1
UCplrIQtaPj6au60_f2-mOYw,UCsjs5Hp_r86x1xbK6FAeqaA,1
UCplrIQtaPj6au60_f2-mOYw,UCQqetiwzzmRNTM5OWuXarGQ,1
UCplrIQtaPj6au60_f2-mOYw,UCsUCN0Yq_UyTvKjOJLmNrnQ,1
UCplrIQtaPj6au60_f2-mOYw,UCfM3nrxtTQMY5jFx1v1J4Gg,1
UCplrIQtaPj6au60_f2-mOYw,UCNBnKqWf4d-rS4HwJRQljmQ,1
UCplrIQtaPj6au60_f2-mOYw,UC650pRT-OYzny3GwOH8Cgfw,1
UCplrIQtaPj6au60_f2-mOYw,UCxff05WuyvwELNITi7bj7UA,1
UCplrIQtaPj6au60_f2-mOYw,UC-pNP6RMFuLg_-x7Ah_0kEA,1
UCplrIQtaPj6au60_f2-mOYw,UCGzXwyCzMzGmjmCbH3Hg01Q,1
UCplrIQtaPj6au60_f2-mOYw,UCi1b_TRQfgO1Z9O2gNGGWNA,1
UCplrIQtaPj6au60_f2-mOYw,UCzoL2l5H5eVlorWGH8AZfAg,1
UCplrIQtaPj6au60_f2-mOYw,UCjmPuazZJzscrwvk0QR9RVw,1
UCplrIQtaPj6au60_f2-mOYw,UCHhHUjaMAZ8SiXdCUCj9DkQ,1
UCplrIQtaPj6au60_f2-mOYw,UCRelkU8JiZBytTzebJxaa-w,1
UCplrIQtaPj6au60_f2-mOYw,UCZ51R_9Q9C0c8I3pAWhtmjQ,1
UCplrIQtaPj6au60_f2-mOYw,UCOh6DaZC_x9HASnlRylEMfw,1
UCplrIQtaPj6au60_f2-mOYw,UCTP3O0rMnc8z8v8jaDQwL0w,1
UC6Uj1FT5JjDSF8vudvDxPAA,UCQqlPPUGqAfWjd-FSh_qn7Q,1
UC6Uj1FT5JjDSF8vudvDxPAA,UCZeIIQrGAedW8tCbKWmGY-A,1
UC6Uj1FT5JjDSF8vudvDxPAA,UC5hvEnRUzI4Kfvwnyi4QxqQ,1
UC6Uj1FT5JjDSF8vudvDxPAA,UCylqlpsh8ENNM1LqgQ1KbxA,1
UC6Uj1FT5JjDSF8vudvDxPAA,UCe8JZoYkX5oKUZyivHYdXhw,1
UC6Uj1FT5JjDSF8vudvDxPAA,UCpe5jW3MIqkgTJ-PgkzvM6Q,1
UC6Uj1FT5JjDSF8vudvDxPAA,UCsGoJEvb-cFPZ2rWoJcXzEQ,1
UC6Uj1FT5JjDSF8vudvDxPAA,UCgQw_Sbq3ugruDUKsq1e0-A,1
UC6Uj1FT5JjDSF8vudvDxPAA,UCV0lM03g5fg5pbPj97-sAtA,1
UC6Uj1FT5JjDSF8vudvDxPAA,UCRAquv8el-tQ30bN7MlmySQ,1
UC6Uj1FT5JjDSF8vudvDxPAA,UCRvPToDkkumha7WJAfCDk1A,1
UC6Uj1FT5JjDSF8vudvDxPAA,UCqCrvuoJpC-aVb0f4logQRQ,1
UC6Uj1FT5JjDSF8vudvDxPAA,UCQyOePccUP-fIJYzchAgZYw,1
UC6Uj1FT5JjDSF8vudvDxPAA,UClqA491Xa5fQcXcJJa-vTWw,1
UC6Uj1FT5JjDSF8vudvDxPAA,UCWoAVGVqCn4xtINCMOTM4jg,1
UCueV9cTyTDwgQSec1x2dYgA,UCp4iw5_5SmV9VGTFSNVGOmQ,1
UCueV9cTyTDwgQSec1x2dYgA,UCWIZUtKJ636y-4TYrNvok0g,1
UCueV9cTyTDwgQSec1x2dYgA,UCtNfIBnc5S5DbbQj_yxgJTw,1
UCueV9cTyTDwgQSec1x2dYgA,UCmjppp6ujz3SAnULvP3sZMw,1
UCueV9cTyTDwgQSec1x2dYgA,UCYwpX26TrCxq8TvbKGRYLXA,1
UCueV9cTyTDwgQSec1x2dYgA,UChZknRmJkeGeQk0-mQuhDOg,1
UCueV9cTyTDwgQSec1x2dYgA,UCL1MT278vSaQ83ZDkVWn1gw,1
UCueV9cTyTDwgQSec1x2dYgA,UCh5ESQvtzyHDhCA7XyekCFA,1
UCueV9cTyTDwgQSec1x2dYgA,UCzSfZlOVxBSs5ObD25ywxDQ,1
UCueV9cTyTDwgQSec1x2dYgA,UC4cXueR2bKGFJV0Fk76gwmA,1
UCueV9cTyTDwgQSec1x2dYgA,UCUIIIPTVDVHAXqhC_5V6lPA,1
UCueV9cTyTDwgQSec1x2dYgA,UCDQaQv0hr2SS_PO-CMEwVHg,1
UCueV9cTyTDwgQSec1x2dYgA,UC7VUuJr9cGh845CmTvf7TlQ,1
UCueV9cTyTDwgQSec1x2dYgA,UCA93ym2TXs_Ibyxb4Vcn-6Q,1
UCueV9cTyTDwgQSec1x2dYgA,UCXgr7vXlRrsaskPdo097kGA,1
UCueV9cTyTDwgQSec1x2dYgA,UChgkn5Jt5tWKYMoEOuCjz3Q,1
UCueV9cTyTDwgQSec1x2dYgA,UCylqlpsh8ENNM1LqgQ1KbxA,1
UCueV9cTyTDwgQSec1x2dYgA,UC9vMq1YF-e7C-VO0SHkbUTA,1
UCueV9cTyTDwgQSec1x2dYgA,UCr1emrogPKkKTs_WTtx71xg,1
UCueV9cTyTDwgQSec1x2dYgA,UCV0iizTBoOfdAFX_thfI9BA,1
UCueV9cTyTDwgQSec1x2dYgA,UCDUffaruH6dyUnUGwsTKpgg,1
UCueV9cTyTDwgQSec1x2dYgA,UCN6qbfPSzFtjhqUDZ3Cv3CQ,1
UCueV9cTyTDwgQSec1x2dYgA,UCFxE8GbokBrBsPEKM1xrOjQ,1
UCueV9cTyTDwgQSec1x2dYgA,UCDIMztpVm7G27qBuiWuT6oQ,1
UCueV9cTyTDwgQSec1x2dYgA,UC-jS_kA9w-OmpupXDx156Rg,1
UCueV9cTyTDwgQSec1x2dYgA,UCsjs5Hp_r86x1xbK6FAeqaA,1
UCueV9cTyTDwgQSec1x2dYgA,UCQqetiwzzmRNTM5OWuXarGQ,1
UCueV9cTyTDwgQSec1x2dYgA,UCsUCN0Yq_UyTvKjOJLmNrnQ,1
UCueV9cTyTDwgQSec1x2dYgA,UCfM3nrxtTQMY5jFx1v1J4Gg,1
UCueV9cTyTDwgQSec1x2dYgA,UCNBnKqWf4d-rS4HwJRQljmQ,1
UCueV9cTyTDwgQSec1x2dYgA,UC650pRT-OYzny3GwOH8Cgfw,1
UCueV9cTyTDwgQSec1x2dYgA,UCxff05WuyvwELNITi7bj7UA,1
UCueV9cTyTDwgQSec1x2dYgA,UC-pNP6RMFuLg_-x7Ah_0kEA,1
UCueV9cTyTDwgQSec1x2dYgA,UCGzXwyCzMzGmjmCbH3Hg01Q,1
UCueV9cTyTDwgQSec1x2dYgA,UCi1b_TRQfgO1Z9O2gNGGWNA,1
UCueV9cTyTDwgQSec1x2dYgA,UCzoL2l5H5eVlorWGH8AZfAg,1
UCueV9cTyTDwgQSec1x2dYgA,UCjmPuazZJzscrwvk0QR9RVw,1
UCueV9cTyTDwgQSec1x2dYgA,UCHhHUjaMAZ8SiXdCUCj9DkQ,1
UCueV9cTyTDwgQSec1x2dYgA,UCRelkU8JiZBytTzebJxaa-w,1
UCueV9cTyTDwgQSec1x2dYgA,UCZ51R_9Q9C0c8I3pAWhtmjQ,1
UCueV9cTyTDwgQSec1x2dYgA,UCOh6DaZC_x9HASnlRylEMfw,1
UCueV9cTyTDwgQSec1x2dYgA,UCTP3O0rMnc8z8v8jaDQwL0w,1
UCDIMztpVm7G27qBuiWuT6oQ,UCp4iw5_5SmV9VGTFSNVGOmQ,1
UCDIMztpVm7G27qBuiWuT6oQ,UCWIZUtKJ636y-4TYrNvok0g,1
UCDIMztpVm7G27qBuiWuT6oQ,UCtNfIBnc5S5DbbQj_yxgJTw,1
UCDIMztpVm7G27qBuiWuT6oQ,UCmjppp6ujz3SAnULvP3sZMw,1
UCDIMztpVm7G27qBuiWuT6oQ,UCYwpX26TrCxq8TvbKGRYLXA,1
UCDIMztpVm7G27qBuiWuT6oQ,UChZknRmJkeGeQk0-mQuhDOg,1
UCDIMztpVm7G27qBuiWuT6oQ,UCL1MT278vSaQ83ZDkVWn1gw,1
UCDIMztpVm7G27qBuiWuT6oQ,UCh5ESQvtzyHDhCA7XyekCFA,1
UCDIMztpVm7G27qBuiWuT6oQ,UCzSfZlOVxBSs5ObD25ywxDQ,1
UCDIMztpVm7G27qBuiWuT6oQ,UC4cXueR2bKGFJV0Fk76gwmA,1
UCDIMztpVm7G27qBuiWuT6oQ,UCUIIIPTVDVHAXqhC_5V6lPA,1
UCDIMztpVm7G27qBuiWuT6oQ,UCDQaQv0hr2SS_PO-CMEwVHg,1
UCDIMztpVm7G27qBuiWuT6oQ,UC7VUuJr9cGh845CmTvf7TlQ,1
UCDIMztpVm7G27qBuiWuT6oQ,UCA93ym2TXs_Ibyxb4Vcn-6Q,1
UCDIMztpVm7G27qBuiWuT6oQ,UCXgr7vXlRrsaskPdo097kGA,1
UCDIMztpVm7G27qBuiWuT6oQ,UChgkn5Jt5tWKYMoEOuCjz3Q,1
UCDIMztpVm7G27qBuiWuT6oQ,UCylqlpsh8ENNM1LqgQ1KbxA,1
UCDIMztpVm7G27qBuiWuT6oQ,UC9vMq1YF-e7C-VO0SHkbUTA,1
UCDIMztpVm7G27qBuiWuT6oQ,UCr1emrogPKkKTs_WTtx71xg,1
UCDIMztpVm7G27qBuiWuT6oQ,UCV0iizTBoOfdAFX_thfI9BA,1
UCDIMztpVm7G27qBuiWuT6oQ,UCDUffaruH6dyUnUGwsTKpgg,1
UCDIMztpVm7G27qBuiWuT6oQ,UCN6qbfPSzFtjhqUDZ3Cv3CQ,1
UCDIMztpVm7G27qBuiWuT6oQ,UCFxE8GbokBrBsPEKM1xrOjQ,1
UCDIMztpVm7G27qBuiWuT6oQ,UC-jS_kA9w-OmpupXDx156Rg,1
UCDIMztpVm7G27qBuiWuT6oQ,UCsjs5Hp_r86x1xbK6FAeqaA,1
UCDIMztpVm7G27qBuiWuT6oQ,UCQqetiwzzmRNTM5OWuXarGQ,1
UCDIMztpVm7G27qBuiWuT6oQ,UCsUCN0Yq_UyTvKjOJLmNrnQ,1
UCDIMztpVm7G27qBuiWuT6oQ,UCfM3nrxtTQMY5jFx1v1J4Gg,1
UCDIMztpVm7G27qBuiWuT6oQ,UCNBnKqWf4d-rS4HwJRQljmQ,1
UCDIMztpVm7G27qBuiWuT6oQ,UC650pRT-OYzny3GwOH8Cgfw,1
UCDIMztpVm7G27qBuiWuT6oQ,UCxff05WuyvwELNITi7bj7UA,1
UCDIMztpVm7G27qBuiWuT6oQ,UC-pNP6RMFuLg_-x7Ah_0kEA,1
UCDIMztpVm7G27qBuiWuT6oQ,UCGzXwyCzMzGmjmCbH3Hg01Q,1
UCDIMztpVm7G27qBuiWuT6oQ,UCi1b_TRQfgO1Z9O2gNGGWNA,1
UCDIMztpVm7G27qBuiWuT6oQ,UCzoL2l5H5eVlorWGH8AZfAg,1
UCDIMztpVm7G27qBuiWuT6oQ,UCjmPuazZJzscrwvk0QR9RVw,1
UCDIMztpVm7G27qBuiWuT6oQ,UCHhHUjaMAZ8SiXdCUCj9DkQ,1
UCDIMztpVm7G27qBuiWuT6oQ,UCRelkU8JiZBytTzebJxaa-w,1
UCDIMztpVm7G27qBuiWuT6oQ,UCZ51R_9Q9C0c8I3pAWhtmjQ,1
UCDIMztpVm7G27qBuiWuT6oQ,UCOh6DaZC_x9HASnlRylEMfw,1
UCDIMztpVm7G27qBuiWuT6oQ,UCTP3O0rMnc8z8v8jaDQwL0w,1
UCLXYp1Cvc5DLtq5UQL5D9vw,UCfXykdbSU97rj987LDUGfvg,1
UCLXYp1Cvc5DLtq5UQL5D9vw,UC2ngpd8UBQu4gcUYy0goAtg,1
UCLXYp1Cvc5DLtq5UQL5D9vw,UCXN2s7DwTJm33xO-pNkAdaA,1
UCLXYp1Cvc5DLtq5UQL5D9vw,UCwCfs-2zbD5k0lG-UVg_JBw,1
UCLXYp1Cvc5DLtq5UQL5D9vw,UCfjhejO7LZy4doXURa7LZCQ,1
UCLXYp1Cvc5DLtq5UQL5D9vw,UCvl1tzQeBeGy6efPTRJXSCw,1
UCXmrpc6Li0spcKxtS0Q_ptg,UC_ljZ1hZXR9pzexFz87P5ZA,1
UCXmrpc6Li0spcKxtS0Q_ptg,UCIUhbSCy3-SGRe5UtqM4fzQ,1
UCXmrpc6Li0spcKxtS0Q_ptg,UCGqKxQS-z3NZzZF-2w338AA,1
UCXmrpc6Li0spcKxtS0Q_ptg,UCIp19h9igblA2YKfSLPDAug,1
UCXmrpc6Li0spcKxtS0Q_ptg,UCHMQ_lDhibZ-XZ_3fo6oxwg,1
UCXmrpc6Li0spcKxtS0Q_ptg,UCgLrWFdYitoP-b7-PxtUr-w,1
UCXmrpc6Li0spcKxtS0Q_ptg,UCRznz9-N3Qc1w-qNdLSIY2Q,1
UCxcoDvP-g2_KTZDmVZtvb3w,UCXO1BBohNWXkK9SBDAG2ySg,1
UCxcoDvP-g2_KTZDmVZtvb3w,UCdQAuWwyC99MB7Y02Umj26Q,1
UCxcoDvP-g2_KTZDmVZtvb3w,UChT7pzGytNd92Nmvi-zuWog,1
UCxcoDvP-g2_KTZDmVZtvb3w,UCXVLc8CmAO813ubM-fLvCDw,1
UCgLrWFdYitoP-b7-PxtUr-w,UC_ljZ1hZXR9pzexFz87P5ZA,1
UCgLrWFdYitoP-b7-PxtUr-w,UCIUhbSCy3-SGRe5UtqM4fzQ,1
UCgLrWFdYitoP-b7-PxtUr-w,UCGqKxQS-z3NZzZF-2w338AA,1
UCgLrWFdYitoP-b7-PxtUr-w,UCIp19h9igblA2YKfSLPDAug,1
UCgLrWFdYitoP-b7-PxtUr-w,UCHMQ_lDhibZ-XZ_3fo6oxwg,1
UCgLrWFdYitoP-b7-PxtUr-w,UCRznz9-N3Qc1w-qNdLSIY2Q,1
UC3YpzAr7pcdKC7BVFEpYzog,UCvDwJBBY1mHK70aTEYl6rsA,1
UC3YpzAr7pcdKC7BVFEpYzog,UCzZ6dDCEsLMXbc5pCFXIprw,1
UC3YpzAr7pcdKC7BVFEpYzog,UCyJhqmMbsvjpoarBBStA2kg,1
UC3YpzAr7pcdKC7BVFEpYzog,UCWvntqPQx99k_Z_skWKqNSA,1
UC3YpzAr7pcdKC7BVFEpYzog,UC63tFvbQ_hJhGDi2nbjssjw,1
UC3YpzAr7pcdKC7BVFEpYzog,UC0HvfEWozTHbwl_iEmJNvVA,1
UC3YpzAr7pcdKC7BVFEpYzog,UChyps3dqY-VY1_wLeq-2lhw,1
UCVC2QugcI1G4RvlCiUqd1aQ,UC_6KbBY1bsYXz9fwFS0eQRg,1
UCVC2QugcI1G4RvlCiUqd1aQ,UCnU8wO1OurAmGstDw6VGjgQ,1
UCHu8x4MVkayU6VgwVKd--MQ,UCsUCN0Yq_UyTvKjOJLmNrnQ,1
UCHu8x4MVkayU6VgwVKd--MQ,UC094EFEmMSdwVa8NQjjYBXg,1
UCxff05WuyvwELNITi7bj7UA,UCp4iw5_5SmV9VGTFSNVGOmQ,1
UCxff05WuyvwELNITi7bj7UA,UCWIZUtKJ636y-4TYrNvok0g,1
UCxff05WuyvwELNITi7bj7UA,UCtNfIBnc5S5DbbQj_yxgJTw,1
UCxff05WuyvwELNITi7bj7UA,UCmjppp6ujz3SAnULvP3sZMw,1
UCxff05WuyvwELNITi7bj7UA,UCYwpX26TrCxq8TvbKGRYLXA,1
UCxff05WuyvwELNITi7bj7UA,UChZknRmJkeGeQk0-mQuhDOg,1
UCxff05WuyvwELNITi7bj7UA,UCL1MT278vSaQ83ZDkVWn1gw,1
UCxff05WuyvwELNITi7bj7UA,UCh5ESQvtzyHDhCA7XyekCFA,1
UCxff05WuyvwELNITi7bj7UA,UCzSfZlOVxBSs5ObD25ywxDQ,1
UCxff05WuyvwELNITi7bj7UA,UC4cXueR2bKGFJV0Fk76gwmA,1
UCxff05WuyvwELNITi7bj7UA,UCUIIIPTVDVHAXqhC_5V6lPA,1
UCxff05WuyvwELNITi7bj7UA,UCDQaQv0hr2SS_PO-CMEwVHg,1
UCxff05WuyvwELNITi7bj7UA,UC7VUuJr9cGh845CmTvf7TlQ,1
UCxff05WuyvwELNITi7bj7UA,UCA93ym2TXs_Ibyxb4Vcn-6Q,1
UCxff05WuyvwELNITi7bj7UA,UCXgr7vXlRrsaskPdo097kGA,1
UCxff05WuyvwELNITi7bj7UA,UChgkn5Jt5tWKYMoEOuCjz3Q,1
UCxff05WuyvwELNITi7bj7UA,UCylqlpsh8ENNM1LqgQ1KbxA,1
UCxff05WuyvwELNITi7bj7UA,UC9vMq1YF-e7C-VO0SHkbUTA,1
UCxff05WuyvwELNITi7bj7UA,UCr1emrogPKkKTs_WTtx71xg,1
UCxff05WuyvwELNITi7bj7UA,UCV0iizTBoOfdAFX_thfI9BA,1
UCxff05WuyvwELNITi7bj7UA,UCDUffaruH6dyUnUGwsTKpgg,1
UCxff05WuyvwELNITi7bj7UA,UCN6qbfPSzFtjhqUDZ3Cv3CQ,1
UCxff05WuyvwELNITi7bj7UA,UCFxE8GbokBrBsPEKM1xrOjQ,1
UCxff05WuyvwELNITi7bj7UA,UC-jS_kA9w-OmpupXDx156Rg,1
UCxff05WuyvwELNITi7bj7UA,UCsjs5Hp_r86x1xbK6FAeqaA,1
UCxff05WuyvwELNITi7bj7UA,UCQqetiwzzmRNTM5OWuXarGQ,1
UCxff05WuyvwELNITi7bj7UA,UCsUCN0Yq_UyTvKjOJLmNrnQ,1
UCxff05WuyvwELNITi7bj7UA,UCfM3nrxtTQMY5jFx1v1J4Gg,1
UCxff05WuyvwELNITi7bj7UA,UCNBnKqWf4d-rS4HwJRQljmQ,1
UCxff05WuyvwELNITi7bj7UA,UC650pRT-OYzny3GwOH8Cgfw,1
UCxff05WuyvwELNITi7bj7UA,UC-pNP6RMFuLg_-x7Ah_0kEA,1
UCxff05WuyvwELNITi7bj7UA,UCGzXwyCzMzGmjmCbH3Hg01Q,1
UCxff05WuyvwELNITi7bj7UA,UCi1b_TRQfgO1Z9O2gNGGWNA,1
UCxff05WuyvwELNITi7bj7UA,UCzoL2l5H5eVlorWGH8AZfAg,1
UCxff05WuyvwELNITi7bj7UA,UCjmPuazZJzscrwvk0QR9RVw,1
UCxff05WuyvwELNITi7bj7UA,UCHhHUjaMAZ8SiXdCUCj9DkQ,1
UCxff05WuyvwELNITi7bj7UA,UCRelkU8JiZBytTzebJxaa-w,1
UCxff05WuyvwELNITi7bj7UA,UCZ51R_9Q9C0c8I3pAWhtmjQ,1
UCxff05WuyvwELNITi7bj7UA,UCOh6DaZC_x9HASnlRylEMfw,1
UCxff05WuyvwELNITi7bj7UA,UCTP3O0rMnc8z8v8jaDQwL0w,1
UCnU8wO1OurAmGstDw6VGjgQ,UC_6KbBY1bsYXz9fwFS0eQRg,1
UCe8JZoYkX5oKUZyivHYdXhw,UCQqlPPUGqAfWjd-FSh_qn7Q,1
UCe8JZoYkX5oKUZyivHYdXhw,UCZeIIQrGAedW8tCbKWmGY-A,1
UCe8JZoYkX5oKUZyivHYdXhw,UC5hvEnRUzI4Kfvwnyi4QxqQ,1
UCe8JZoYkX5oKUZyivHYdXhw,UCylqlpsh8ENNM1LqgQ1KbxA,1
UCe8JZoYkX5oKUZyivHYdXhw,UCpe5jW3MIqkgTJ-PgkzvM6Q,1
UCe8JZoYkX5oKUZyivHYdXhw,UCsGoJEvb-cFPZ2rWoJcXzEQ,1
UCe8JZoYkX5oKUZyivHYdXhw,UCgQw_Sbq3ugruDUKsq1e0-A,1
UCe8JZoYkX5oKUZyivHYdXhw,UCV0lM03g5fg5pbPj97-sAtA,1
UCe8JZoYkX5oKUZyivHYdXhw,UCRAquv8el-tQ30bN7MlmySQ,1
UCe8JZoYkX5oKUZyivHYdXhw,UCRvPToDkkumha7WJAfCDk1A,1
UCe8JZoYkX5oKUZyivHYdXhw,UCqCrvuoJpC-aVb0f4logQRQ,1
UCe8JZoYkX5oKUZyivHYdXhw,UCQyOePccUP-fIJYzchAgZYw,1
UCe8JZoYkX5oKUZyivHYdXhw,UClqA491Xa5fQcXcJJa-vTWw,1
UCe8JZoYkX5oKUZyivHYdXhw,UCWoAVGVqCn4xtINCMOTM4jg,1
UC-pNP6RMFuLg_-x7Ah_0kEA,UCp4iw5_5SmV9VGTFSNVGOmQ,1
UC-pNP6RMFuLg_-x7Ah_0kEA,UCWIZUtKJ636y-4TYrNvok0g,1
UC-pNP6RMFuLg_-x7Ah_0kEA,UCtNfIBnc5S5DbbQj_yxgJTw,1
UC-pNP6RMFuLg_-x7Ah_0kEA,UCmjppp6ujz3SAnULvP3sZMw,1
UC-pNP6RMFuLg_-x7Ah_0kEA,UCYwpX26TrCxq8TvbKGRYLXA,1
UC-pNP6RMFuLg_-x7Ah_0kEA,UChZknRmJkeGeQk0-mQuhDOg,1
UC-pNP6RMFuLg_-x7Ah_0kEA,UCL1MT278vSaQ83ZDkVWn1gw,1
UC-pNP6RMFuLg_-x7Ah_0kEA,UCh5ESQvtzyHDhCA7XyekCFA,1
UC-pNP6RMFuLg_-x7Ah_0kEA,UCzSfZlOVxBSs5ObD25ywxDQ,1
UC-pNP6RMFuLg_-x7Ah_0kEA,UC4cXueR2bKGFJV0Fk76gwmA,1
UC-pNP6RMFuLg_-x7Ah_0kEA,UCUIIIPTVDVHAXqhC_5V6lPA,1
UC-pNP6RMFuLg_-x7Ah_0kEA,UCDQaQv0hr2SS_PO-CMEwVHg,1
UC-pNP6RMFuLg_-x7Ah_0kEA,UC7VUuJr9cGh845CmTvf7TlQ,1
UC-pNP6RMFuLg_-x7Ah_0kEA,UCA93ym2TXs_Ibyxb4Vcn-6Q,1
UC-pNP6RMFuLg_-x7Ah_0kEA,UCXgr7vXlRrsaskPdo097kGA,1
UC-pNP6RMFuLg_-x7Ah_0kEA,UChgkn5Jt5tWKYMoEOuCjz3Q,1
UC-pNP6RMFuLg_-x7Ah_0kEA,UCylqlpsh8ENNM1LqgQ1KbxA,1
UC-pNP6RMFuLg_-x7Ah_0kEA,UC9vMq1YF-e7C-VO0SHkbUTA,1
UC-pNP6RMFuLg_-x7Ah_0kEA,UCr1emrogPKkKTs_WTtx71xg,1
UC-pNP6RMFuLg_-x7Ah_0kEA,UCV0iizTBoOfdAFX_thfI9BA,1
UC-pNP6RMFuLg_-x7Ah_0kEA,UCDUffaruH6dyUnUGwsTKpgg,1
UC-pNP6RMFuLg_-x7Ah_0kEA,UCN6qbfPSzFtjhqUDZ3Cv3CQ,1
UC-pNP6RMFuLg_-x7Ah_0kEA,UCFxE8GbokBrBsPEKM1xrOjQ,1
UC-pNP6RMFuLg_-x7Ah_0kEA,UC-jS_kA9w-OmpupXDx156Rg,1
UC-pNP6RMFuLg_-x7Ah_0kEA,UCsjs5Hp_r86x1xbK6FAeqaA,1
UC-pNP6RMFuLg_-x7Ah_0kEA,UCQqetiwzzmRNTM5OWuXarGQ,1
UC-pNP6RMFuLg_-x7Ah_0kEA,UCsUCN0Yq_UyTvKjOJLmNrnQ,1
UC-pNP6RMFuLg_-x7Ah_0kEA,UCfM3nrxtTQMY5jFx1v1J4Gg,1
UC-pNP6RMFuLg_-x7Ah_0kEA,UCNBnKqWf4d-rS4HwJRQljmQ,1
UC-pNP6RMFuLg_-x7Ah_0kEA,UC650pRT-OYzny3GwOH8Cgfw,1
UC-pNP6RMFuLg_-x7Ah_0kEA,UCGzXwyCzMzGmjmCbH3Hg01Q,1
UC-pNP6RMFuLg_-x7Ah_0kEA,UCi1b_TRQfgO1Z9O2gNGGWNA,1
UC-pNP6RMFuLg_-x7Ah_0kEA,UCzoL2l5H5eVlorWGH8AZfAg,1
UC-pNP6RMFuLg_-x7Ah_0kEA,UCjmPuazZJzscrwvk0QR9RVw,1
UC-pNP6RMFuLg_-x7Ah_0kEA,UCHhHUjaMAZ8SiXdCUCj9DkQ,1
UC-pNP6RMFuLg_-x7Ah_0kEA,UCRelkU8JiZBytTzebJxaa-w,1
UC-pNP6RMFuLg_-x7Ah_0kEA,UCZ51R_9Q9C0c8I3pAWhtmjQ,1
UC-pNP6RMFuLg_-x7Ah_0kEA,UCOh6DaZC_x9HASnlRylEMfw,1
UC-pNP6RMFuLg_-x7Ah_0kEA,UCTP3O0rMnc8z8v8jaDQwL0w,1
UCWWkebAekppaL5b5CNlppuw,UCQIdKuZ-OzuFqy0KjGrgesg,1
UC63tFvbQ_hJhGDi2nbjssjw,UCvDwJBBY1mHK70aTEYl6rsA,1
UC63tFvbQ_hJhGDi2nbjssjw,UCzZ6dDCEsLMXbc5pCFXIprw,1
UC63tFvbQ_hJhGDi2nbjssjw,UCyJhqmMbsvjpoarBBStA2kg,1
UC63tFvbQ_hJhGDi2nbjssjw,UCWvntqPQx99k_Z_skWKqNSA,1
UC63tFvbQ_hJhGDi2nbjssjw,UC0HvfEWozTHbwl_iEmJNvVA,1
UC63tFvbQ_hJhGDi2nbjssjw,UChyps3dqY-VY1_wLeq-2lhw,1
UCV0lM03g5fg5pbPj97-sAtA,UCQqlPPUGqAfWjd-FSh_qn7Q,1
UCV0lM03g5fg5pbPj97-sAtA,UCZeIIQrGAedW8tCbKWmGY-A,1
UCV0lM03g5fg5pbPj97-sAtA,UC5hvEnRUzI4Kfvwnyi4QxqQ,1
UCV0lM03g5fg5pbPj97-sAtA,UCylqlpsh8ENNM1LqgQ1KbxA,1
UCV0lM03g5fg5pbPj97-sAtA,UCpe5jW3MIqkgTJ-PgkzvM6Q,1
UCV0lM03g5fg5pbPj97-sAtA,UCsGoJEvb-cFPZ2rWoJcXzEQ,1
UCV0lM03g5fg5pbPj97-sAtA,UCgQw_Sbq3ugruDUKsq1e0-A,1
UCV0lM03g5fg5pbPj97-sAtA,UCRAquv8el-tQ30bN7MlmySQ,1
UCV0lM03g5fg5pbPj97-sAtA,UCRvPToDkkumha7WJAfCDk1A,1
UCV0lM03g5fg5pbPj97-sAtA,UCqCrvuoJpC-aVb0f4logQRQ,1
UCV0lM03g5fg5pbPj97-sAtA,UCQyOePccUP-fIJYzchAgZYw,1
UCV0lM03g5fg5pbPj97-sAtA,UClqA491Xa5fQcXcJJa-vTWw,1
UCV0lM03g5fg5pbPj97-sAtA,UCWoAVGVqCn4xtINCMOTM4jg,1
UCfjhejO7LZy4doXURa7LZCQ,UCfXykdbSU97rj987LDUGfvg,1
UCfjhejO7LZy4doXURa7LZCQ,UC2ngpd8UBQu4gcUYy0goAtg,1
UCfjhejO7LZy4doXURa7LZCQ,UCXN2s7DwTJm33xO-pNkAdaA,1
UCfjhejO7LZy4doXURa7LZCQ,UCwCfs-2zbD5k0lG-UVg_JBw,1
UCfjhejO7LZy4doXURa7LZCQ,UCvl1tzQeBeGy6efPTRJXSCw,1
UCOARn3hnfkB7-_Rwa8Hoqcw,UCVhif9eV0f8plICen2DnpKA,1
UCOARn3hnfkB7-_Rwa8Hoqcw,UCGj2v6Gl5bN8NSrzJMXS-CA,1
UCjmPuazZJzscrwvk0QR9RVw,UCp4iw5_5SmV9VGTFSNVGOmQ,1
UCjmPuazZJzscrwvk0QR9RVw,UCWIZUtKJ636y-4TYrNvok0g,1
UCjmPuazZJzscrwvk0QR9RVw,UCtNfIBnc5S5DbbQj_yxgJTw,1
UCjmPuazZJzscrwvk0QR9RVw,UCmjppp6ujz3SAnULvP3sZMw,1
UCjmPuazZJzscrwvk0QR9RVw,UCYwpX26TrCxq8TvbKGRYLXA,1
UCjmPuazZJzscrwvk0QR9RVw,UChZknRmJkeGeQk0-mQuhDOg,1
UCjmPuazZJzscrwvk0QR9RVw,UCL1MT278vSaQ83ZDkVWn1gw,1
UCjmPuazZJzscrwvk0QR9RVw,UCh5ESQvtzyHDhCA7XyekCFA,1
UCjmPuazZJzscrwvk0QR9RVw,UCzSfZlOVxBSs5ObD25ywxDQ,1
UCjmPuazZJzscrwvk0QR9RVw,UC4cXueR2bKGFJV0Fk76gwmA,1
UCjmPuazZJzscrwvk0QR9RVw,UCUIIIPTVDVHAXqhC_5V6lPA,1
UCjmPuazZJzscrwvk0QR9RVw,UCDQaQv0hr2SS_PO-CMEwVHg,1
UCjmPuazZJzscrwvk0QR9RVw,UC7VUuJr9cGh845CmTvf7TlQ,1
UCjmPuazZJzscrwvk0QR9RVw,UCA93ym2TXs_Ibyxb4Vcn-6Q,1
UCjmPuazZJzscrwvk0QR9RVw,UCXgr7vXlRrsaskPdo097kGA,1
UCjmPuazZJzscrwvk0QR9RVw,UChgkn5Jt5tWKYMoEOuCjz3Q,1
UCjmPuazZJzscrwvk0QR9RVw,UCylqlpsh8ENNM1LqgQ1KbxA,1
UCjmPuazZJzscrwvk0QR9RVw,UC9vMq1YF-e7C-VO0SHkbUTA,1
UCjmPuazZJzscrwvk0QR9RVw,UCr1emrogPKkKTs_WTtx71xg,1
UCjmPuazZJzscrwvk0QR9RVw,UCV0iizTBoOfdAFX_thfI9BA,1
UCjmPuazZJzscrwvk0QR9RVw,UCDUffaruH6dyUnUGwsTKpgg,1
UCjmPuazZJzscrwvk0QR9RVw,UCN6qbfPSzFtjhqUDZ3Cv3CQ,1
UCjmPuazZJzscrwvk0QR9RVw,UCFxE8GbokBrBsPEKM1xrOjQ,1
UCjmPuazZJzscrwvk0QR9RVw,UC-jS_kA9w-OmpupXDx156Rg,1
UCjmPuazZJzscrwvk0QR9RVw,UCsjs5Hp_r86x1xbK6FAeqaA,1
UCjmPuazZJzscrwvk0QR9RVw,UCQqetiwzzmRNTM5OWuXarGQ,1
UCjmPuazZJzscrwvk0QR9RVw,UCsUCN0Yq_UyTvKjOJLmNrnQ,1
UCjmPuazZJzscrwvk0QR9RVw,UCfM3nrxtTQMY5jFx1v1J4Gg,1
UCjmPuazZJzscrwvk0QR9RVw,UCNBnKqWf4d-rS4HwJRQljmQ,1
UCjmPuazZJzscrwvk0QR9RVw,UC650pRT-OYzny3GwOH8Cgfw,1
UCjmPuazZJzscrwvk0QR9RVw,UCGzXwyCzMzGmjmCbH3Hg01Q,1
UCjmPuazZJzscrwvk0QR9RVw,UCi1b_TRQfgO1Z9O2gNGGWNA,1
UCjmPuazZJzscrwvk0QR9RVw,UCzoL2l5H5eVlorWGH8AZfAg,1
UCjmPuazZJzscrwvk0QR9RVw,UCHhHUjaMAZ8SiXdCUCj9DkQ,1
UCjmPuazZJzscrwvk0QR9RVw,UCRelkU8JiZBytTzebJxaa-w,1
UCjmPuazZJzscrwvk0QR9RVw,UCZ51R_9Q9C0c8I3pAWhtmjQ,1
UCjmPuazZJzscrwvk0QR9RVw,UCOh6DaZC_x9HASnlRylEMfw,1
UCjmPuazZJzscrwvk0QR9RVw,UCTP3O0rMnc8z8v8jaDQwL0w,1
UC_ljZ1hZXR9pzexFz87P5ZA,UCIUhbSCy3-SGRe5UtqM4fzQ,1
UC_ljZ1hZXR9pzexFz87P5ZA,UCGqKxQS-z3NZzZF-2w338AA,1
UC_ljZ1hZXR9pzexFz87P5ZA,UCIp19h9igblA2YKfSLPDAug,1
UC_ljZ1hZXR9pzexFz87P5ZA,UCHMQ_lDhibZ-XZ_3fo6oxwg,1
UC_ljZ1hZXR9pzexFz87P5ZA,UCRznz9-N3Qc1w-qNdLSIY2Q,1
UCHhHUjaMAZ8SiXdCUCj9DkQ,UCp4iw5_5SmV9VGTFSNVGOmQ,1
UCHhHUjaMAZ8SiXdCUCj9DkQ,UCWIZUtKJ636y-4TYrNvok0g,1
UCHhHUjaMAZ8SiXdCUCj9DkQ,UCtNfIBnc5S5DbbQj_yxgJTw,1
UCHhHUjaMAZ8SiXdCUCj9DkQ,UCmjppp6ujz3SAnULvP3sZMw,1
UCHhHUjaMAZ8SiXdCUCj9DkQ,UCYwpX26TrCxq8TvbKGRYLXA,1
UCHhHUjaMAZ8SiXdCUCj9DkQ,UChZknRmJkeGeQk0-mQuhDOg,1
UCHhHUjaMAZ8SiXdCUCj9DkQ,UCL1MT278vSaQ83ZDkVWn1gw,1
UCHhHUjaMAZ8SiXdCUCj9DkQ,UCh5ESQvtzyHDhCA7XyekCFA,1
UCHhHUjaMAZ8SiXdCUCj9DkQ,UCzSfZlOVxBSs5ObD25ywxDQ,1
UCHhHUjaMAZ8SiXdCUCj9DkQ,UC4cXueR2bKGFJV0Fk76gwmA,1
UCHhHUjaMAZ8SiXdCUCj9DkQ,UCUIIIPTVDVHAXqhC_5V6lPA,1
UCHhHUjaMAZ8SiXdCUCj9DkQ,UCDQaQv0hr2SS_PO-CMEwVHg,1
UCHhHUjaMAZ8SiXdCUCj9DkQ,UC7VUuJr9cGh845CmTvf7TlQ,1
UCHhHUjaMAZ8SiXdCUCj9DkQ,UCA93ym2TXs_Ibyxb4Vcn-6Q,1
UCHhHUjaMAZ8SiXdCUCj9DkQ,UCXgr7vXlRrsaskPdo097kGA,1
UCHhHUjaMAZ8SiXdCUCj9DkQ,UChgkn5Jt5tWKYMoEOuCjz3Q,1
UCHhHUjaMAZ8SiXdCUCj9DkQ,UCylqlpsh8ENNM1LqgQ1KbxA,1
UCHhHUjaMAZ8SiXdCUCj9DkQ,UC9vMq1YF-e7C-VO0SHkbUTA,1
UCHhHUjaMAZ8SiXdCUCj9DkQ,UCr1emrogPKkKTs_WTtx71xg,1
UCHhHUjaMAZ8SiXdCUCj9DkQ,UCV0iizTBoOfdAFX_thfI9BA,1
UCHhHUjaMAZ8SiXdCUCj9DkQ,UCDUffaruH6dyUnUGwsTKpgg,1
UCHhHUjaMAZ8SiXdCUCj9DkQ,UCN6qbfPSzFtjhqUDZ3Cv3CQ,1
UCHhHUjaMAZ8SiXdCUCj9DkQ,UCFxE8GbokBrBsPEKM1xrOjQ,1
UCHhHUjaMAZ8SiXdCUCj9DkQ,UC-jS_kA9w-OmpupXDx156Rg,1
UCHhHUjaMAZ8SiXdCUCj9DkQ,UCsjs5Hp_r86x1xbK6FAeqaA,1
UCHhHUjaMAZ8SiXdCUCj9DkQ,UCQqetiwzzmRNTM5OWuXarGQ,1
UCHhHUjaMAZ8SiXdCUCj9DkQ,UCsUCN0Yq_UyTvKjOJLmNrnQ,1
UCHhHUjaMAZ8SiXdCUCj9DkQ,UCfM3nrxtTQMY5jFx1v1J4Gg,1
UCHhHUjaMAZ8SiXdCUCj9DkQ,UCNBnKqWf4d-rS4HwJRQljmQ,1
UCHhHUjaMAZ8SiXdCUCj9DkQ,UC650pRT-OYzny3GwOH8Cgfw,1
UCHhHUjaMAZ8SiXdCUCj9DkQ,UCGzXwyCzMzGmjmCbH3Hg01Q,1
UCHhHUjaMAZ8SiXdCUCj9DkQ,UCi1b_TRQfgO1Z9O2gNGGWNA,1
UCHhHUjaMAZ8SiXdCUCj9DkQ,UCzoL2l5H5eVlorWGH8AZfAg,1
UCHhHUjaMAZ8SiXdCUCj9DkQ,UCRelkU8JiZBytTzebJxaa-w,1
UCHhHUjaMAZ8SiXdCUCj9DkQ,UCZ51R_9Q9C0c8I3pAWhtmjQ,1
UCHhHUjaMAZ8SiXdCUCj9DkQ,UCOh6DaZC_x9HASnlRylEMfw,1
UCHhHUjaMAZ8SiXdCUCj9DkQ,UCTP3O0rMnc8z8v8jaDQwL0w,1
UCfXykdbSU97rj987LDUGfvg,UC2ngpd8UBQu4gcUYy0goAtg,1
UCfXykdbSU97rj987LDUGfvg,UCXN2s7DwTJm33xO-pNkAdaA,1
UCfXykdbSU97rj987LDUGfvg,UCwCfs-2zbD5k0lG-UVg_JBw,1
UCfXykdbSU97rj987LDUGfvg,UCvl1tzQeBeGy6efPTRJXSCw,1
UCIUhbSCy3-SGRe5UtqM4fzQ,UCGqKxQS-z3NZzZF-2w338AA,1
UCIUhbSCy3-SGRe5UtqM4fzQ,UCIp19h9igblA2YKfSLPDAug,1
UCIUhbSCy3-SGRe5UtqM4fzQ,UCHMQ_lDhibZ-XZ_3fo6oxwg,1
UCIUhbSCy3-SGRe5UtqM4fzQ,UCRznz9-N3Qc1w-qNdLSIY2Q,1
UC0HvfEWozTHbwl_iEmJNvVA,UCvDwJBBY1mHK70aTEYl6rsA,1
UC0HvfEWozTHbwl_iEmJNvVA,UCzZ6dDCEsLMXbc5pCFXIprw,1
UC0HvfEWozTHbwl_iEmJNvVA,UCyJhqmMbsvjpoarBBStA2kg,1
UC0HvfEWozTHbwl_iEmJNvVA,UCWvntqPQx99k_Z_skWKqNSA,1
UC0HvfEWozTHbwl_iEmJNvVA,UChyps3dqY-VY1_wLeq-2lhw,1
UCRvPToDkkumha7WJAfCDk1A,UCQqlPPUGqAfWjd-FSh_qn7Q,1
UCRvPToDkkumha7WJAfCDk1A,UCZeIIQrGAedW8tCbKWmGY-A,1
UCRvPToDkkumha7WJAfCDk1A,UC5hvEnRUzI4Kfvwnyi4QxqQ,1
UCRvPToDkkumha7WJAfCDk1A,UCylqlpsh8ENNM1LqgQ1KbxA,1
UCRvPToDkkumha7WJAfCDk1A,UCpe5jW3MIqkgTJ-PgkzvM6Q,1
UCRvPToDkkumha7WJAfCDk1A,UCsGoJEvb-cFPZ2rWoJcXzEQ,1
UCRvPToDkkumha7WJAfCDk1A,UCgQw_Sbq3ugruDUKsq1e0-A,1
UCRvPToDkkumha7WJAfCDk1A,UCRAquv8el-tQ30bN7MlmySQ,1
UCRvPToDkkumha7WJAfCDk1A,UCqCrvuoJpC-aVb0f4logQRQ,1
UCRvPToDkkumha7WJAfCDk1A,UCQyOePccUP-fIJYzchAgZYw,1
UCRvPToDkkumha7WJAfCDk1A,UClqA491Xa5fQcXcJJa-vTWw,1
UCRvPToDkkumha7WJAfCDk1A,UCWoAVGVqCn4xtINCMOTM4jg,1
UCZ51R_9Q9C0c8I3pAWhtmjQ,UCp4iw5_5SmV9VGTFSNVGOmQ,1
UCZ51R_9Q9C0c8I3pAWhtmjQ,UCWIZUtKJ636y-4TYrNvok0g,1
UCZ51R_9Q9C0c8I3pAWhtmjQ,UCtNfIBnc5S5DbbQj_yxgJTw,1
UCZ51R_9Q9C0c8I3pAWhtmjQ,UCmjppp6ujz3SAnULvP3sZMw,1
UCZ51R_9Q9C0c8I3pAWhtmjQ,UCYwpX26TrCxq8TvbKGRYLXA,1
UCZ51R_9Q9C0c8I3pAWhtmjQ,UChZknRmJkeGeQk0-mQuhDOg,1
UCZ51R_9Q9C0c8I3pAWhtmjQ,UCL1MT278vSaQ83ZDkVWn1gw,1
UCZ51R_9Q9C0c8I3pAWhtmjQ,UCh5ESQvtzyHDhCA7XyekCFA,1
UCZ51R_9Q9C0c8I3pAWhtmjQ,UCzSfZlOVxBSs5ObD25ywxDQ,1
UCZ51R_9Q9C0c8I3pAWhtmjQ,UC4cXueR2bKGFJV0Fk76gwmA,1
UCZ51R_9Q9C0c8I3pAWhtmjQ,UCUIIIPTVDVHAXqhC_5V6lPA,1
UCZ51R_9Q9C0c8I3pAWhtmjQ,UCDQaQv0hr2SS_PO-CMEwVHg,1
UCZ51R_9Q9C0c8I3pAWhtmjQ,UC7VUuJr9cGh845CmTvf7TlQ,1
UCZ51R_9Q9C0c8I3pAWhtmjQ,UCA93ym2TXs_Ibyxb4Vcn-6Q,1
UCZ51R_9Q9C0c8I3pAWhtmjQ,UCXgr7vXlRrsaskPdo097kGA,1
UCZ51R_9Q9C0c8I3pAWhtmjQ,UChgkn5Jt5tWKYMoEOuCjz3Q,1
UCZ51R_9Q9C0c8I3pAWhtmjQ,UCylqlpsh8ENNM1LqgQ1KbxA,1
UCZ51R_9Q9C0c8I3pAWhtmjQ,UC9vMq1YF-e7C-VO0SHkbUTA,1
UCZ51R_9Q9C0c8I3pAWhtmjQ,UCr1emrogPKkKTs_WTtx71xg,1
UCZ51R_9Q9C0c8I3pAWhtmjQ,UCV0iizTBoOfdAFX_thfI9BA,1
UCZ51R_9Q9C0c8I3pAWhtmjQ,UCDUffaruH6dyUnUGwsTKpgg,1
UCZ51R_9Q9C0c8I3pAWhtmjQ,UCN6qbfPSzFtjhqUDZ3Cv3CQ,1
UCZ51R_9Q9C0c8I3pAWhtmjQ,UCFxE8GbokBrBsPEKM1xrOjQ,1
UCZ51R_9Q9C0c8I3pAWhtmjQ,UC-jS_kA9w-OmpupXDx156Rg,1
UCZ51R_9Q9C0c8I3pAWhtmjQ,UCsjs5Hp_r86x1xbK6FAeqaA,1
UCZ51R_9Q9C0c8I3pAWhtmjQ,UCQqetiwzzmRNTM5OWuXarGQ,1
UCZ51R_9Q9C0c8I3pAWhtmjQ,UCsUCN0Yq_UyTvKjOJLmNrnQ,1
UCZ51R_9Q9C0c8I3pAWhtmjQ,UCfM3nrxtTQMY5jFx1v1J4Gg,1
UCZ51R_9Q9C0c8I3pAWhtmjQ,UCNBnKqWf4d-rS4HwJRQljmQ,1
UCZ51R_9Q9C0c8I3pAWhtmjQ,UC650pRT-OYzny3GwOH8Cgfw,1
UCZ51R_9Q9C0c8I3pAWhtmjQ,UCGzXwyCzMzGmjmCbH3Hg01Q,1
UCZ51R_9Q9C0c8I3pAWhtmjQ,UCi1b_TRQfgO1Z9O2gNGGWNA,1
UCZ51R_9Q9C0c8I3pAWhtmjQ,UCzoL2l5H5eVlorWGH8AZfAg,1
UCZ51R_9Q9C0c8I3pAWhtmjQ,UCRelkU8JiZBytTzebJxaa-w,1
UCZ51R_9Q9C0c8I3pAWhtmjQ,UCOh6DaZC_x9HASnlRylEMfw,1
UCZ51R_9Q9C0c8I3pAWhtmjQ,UCTP3O0rMnc8z8v8jaDQwL0w,1
UC-QOpE7GOxlXcHZ8b7HbQKA,UCozFYHN0e_-vlQbX3wQGOug,1
UC-QOpE7GOxlXcHZ8b7HbQKA,UCPNXmbOBVeC4HS-xemvcPtQ,1
UC-QOpE7GOxlXcHZ8b7HbQKA,UCGZMgmM92E3njyXNe9-kjAQ,1
UC-QOpE7GOxlXcHZ8b7HbQKA,UCbNanjFI51cwGqMAb2rOrBw,1
UC-QOpE7GOxlXcHZ8b7HbQKA,UCVdjCrh4tQoX3haNAZv-n5A,1
UChyps3dqY-VY1_wLeq-2lhw,UCvDwJBBY1mHK70aTEYl6rsA,1
UChyps3dqY-VY1_wLeq-2lhw,UCzZ6dDCEsLMXbc5pCFXIprw,1
UChyps3dqY-VY1_wLeq-2lhw,UCyJhqmMbsvjpoarBBStA2kg,1
UChyps3dqY-VY1_wLeq-2lhw,UCWvntqPQx99k_Z_skWKqNSA,1
UCbNanjFI51cwGqMAb2rOrBw,UCozFYHN0e_-vlQbX3wQGOug,1
UCbNanjFI51cwGqMAb2rOrBw,UCPNXmbOBVeC4HS-xemvcPtQ,1
UCbNanjFI51cwGqMAb2rOrBw,UCGZMgmM92E3njyXNe9-kjAQ,1
UCbNanjFI51cwGqMAb2rOrBw,UCVdjCrh4tQoX3haNAZv-n5A,1
UC4kg7zuTfqQKLd2bkZrSYBA,UCBtB5dIyx-C16UN8ClUD2UA,1
UCWoAVGVqCn4xtINCMOTM4jg,UCQqlPPUGqAfWjd-FSh_qn7Q,1
UCWoAVGVqCn4xtINCMOTM4jg,UCZeIIQrGAedW8tCbKWmGY-A,1
UCWoAVGVqCn4xtINCMOTM4jg,UC5hvEnRUzI4Kfvwnyi4QxqQ,1
UCWoAVGVqCn4xtINCMOTM4jg,UCylqlpsh8ENNM1LqgQ1KbxA,1
UCWoAVGVqCn4xtINCMOTM4jg,UCpe5jW3MIqkgTJ-PgkzvM6Q,1
UCWoAVGVqCn4xtINCMOTM4jg,UCsGoJEvb-cFPZ2rWoJcXzEQ,1
UCWoAVGVqCn4xtINCMOTM4jg,UCgQw_Sbq3ugruDUKsq1e0-A,1
UCWoAVGVqCn4xtINCMOTM4jg,UCRAquv8el-tQ30bN7MlmySQ,1
UCWoAVGVqCn4xtINCMOTM4jg,UCqCrvuoJpC-aVb0f4logQRQ,1
UCWoAVGVqCn4xtINCMOTM4jg,UCQyOePccUP-fIJYzchAgZYw,1
UCWoAVGVqCn4xtINCMOTM4jg,UClqA491Xa5fQcXcJJa-vTWw,1
UC094EFEmMSdwVa8NQjjYBXg,UCsUCN0Yq_UyTvKjOJLmNrnQ,1
UCozFYHN0e_-vlQbX3wQGOug,UCPNXmbOBVeC4HS-xemvcPtQ,1
UCozFYHN0e_-vlQbX3wQGOug,UCGZMgmM92E3njyXNe9-kjAQ,1
UCozFYHN0e_-vlQbX3wQGOug,UCVdjCrh4tQoX3haNAZv-n5A,1
UCZeIIQrGAedW8tCbKWmGY-A,UCQqlPPUGqAfWjd-FSh_qn7Q,1
UCZeIIQrGAedW8tCbKWmGY-A,UC5hvEnRUzI4Kfvwnyi4QxqQ,1
UCZeIIQrGAedW8tCbKWmGY-A,UCylqlpsh8ENNM1LqgQ1KbxA,1
UCZeIIQrGAedW8tCbKWmGY-A,UCpe5jW3MIqkgTJ-PgkzvM6Q,1
UCZeIIQrGAedW8tCbKWmGY-A,UCsGoJEvb-cFPZ2rWoJcXzEQ,1
UCZeIIQrGAedW8tCbKWmGY-A,UCgQw_Sbq3ugruDUKsq1e0-A,1
UCZeIIQrGAedW8tCbKWmGY-A,UCRAquv8el-tQ30bN7MlmySQ,1
UCZeIIQrGAedW8tCbKWmGY-A,UCqCrvuoJpC-aVb0f4logQRQ,1
UCZeIIQrGAedW8tCbKWmGY-A,UCQyOePccUP-fIJYzchAgZYw,1
UCZeIIQrGAedW8tCbKWmGY-A,UClqA491Xa5fQcXcJJa-vTWw,1
UCvDwJBBY1mHK70aTEYl6rsA,UCzZ6dDCEsLMXbc5pCFXIprw,1
UCvDwJBBY1mHK70aTEYl6rsA,UCyJhqmMbsvjpoarBBStA2kg,1
UCvDwJBBY1mHK70aTEYl6rsA,UCWvntqPQx99k_Z_skWKqNSA,1
UCyJhqmMbsvjpoarBBStA2kg,UCzZ6dDCEsLMXbc5pCFXIprw,1
UCyJhqmMbsvjpoarBBStA2kg,UCWvntqPQx99k_Z_skWKqNSA,1
UCGZMgmM92E3njyXNe9-kjAQ,UCPNXmbOBVeC4HS-xemvcPtQ,1
UCGZMgmM92E3njyXNe9-kjAQ,UCVdjCrh4tQoX3haNAZv-n5A,1
UCvl1tzQeBeGy6efPTRJXSCw,UC2ngpd8UBQu4gcUYy0goAtg,1
UCvl1tzQeBeGy6efPTRJXSCw,UCXN2s7DwTJm33xO-pNkAdaA,1
UCvl1tzQeBeGy6efPTRJXSCw,UCwCfs-2zbD5k0lG-UVg_JBw,1
UCsGoJEvb-cFPZ2rWoJcXzEQ,UCQqlPPUGqAfWjd-FSh_qn7Q,1
UCsGoJEvb-cFPZ2rWoJcXzEQ,UC5hvEnRUzI4Kfvwnyi4QxqQ,1
UCsGoJEvb-cFPZ2rWoJcXzEQ,UCylqlpsh8ENNM1LqgQ1KbxA,1
UCsGoJEvb-cFPZ2rWoJcXzEQ,UCpe5jW3MIqkgTJ-PgkzvM6Q,1
UCsGoJEvb-cFPZ2rWoJcXzEQ,UCgQw_Sbq3ugruDUKsq1e0-A,1
UCsGoJEvb-cFPZ2rWoJcXzEQ,UCRAquv8el-tQ30bN7MlmySQ,1
UCsGoJEvb-cFPZ2rWoJcXzEQ,UCqCrvuoJpC-aVb0f4logQRQ,1
UCsGoJEvb-cFPZ2rWoJcXzEQ,UCQyOePccUP-fIJYzchAgZYw,1
UCsGoJEvb-cFPZ2rWoJcXzEQ,UClqA491Xa5fQcXcJJa-vTWw,1
UCp4iw5_5SmV9VGTFSNVGOmQ,UCWIZUtKJ636y-4TYrNvok0g,1
UCp4iw5_5SmV9VGTFSNVGOmQ,UCtNfIBnc5S5DbbQj_yxgJTw,1
UCp4iw5_5SmV9VGTFSNVGOmQ,UCmjppp6ujz3SAnULvP3sZMw,1
UCp4iw5_5SmV9VGTFSNVGOmQ,UCYwpX26TrCxq8TvbKGRYLXA,1
UCp4iw5_5SmV9VGTFSNVGOmQ,UChZknRmJkeGeQk0-mQuhDOg,1
UCp4iw5_5SmV9VGTFSNVGOmQ,UCL1MT278vSaQ83ZDkVWn1gw,1
UCp4iw5_5SmV9VGTFSNVGOmQ,UCh5ESQvtzyHDhCA7XyekCFA,1
UCp4iw5_5SmV9VGTFSNVGOmQ,UCzSfZlOVxBSs5ObD25ywxDQ,1
UCp4iw5_5SmV9VGTFSNVGOmQ,UC4cXueR2bKGFJV0Fk76gwmA,1
UCp4iw5_5SmV9VGTFSNVGOmQ,UCUIIIPTVDVHAXqhC_5V6lPA,1
UCp4iw5_5SmV9VGTFSNVGOmQ,UCDQaQv0hr2SS_PO-CMEwVHg,1
UCp4iw5_5SmV9VGTFSNVGOmQ,UC7VUuJr9cGh845CmTvf7TlQ,1
UCp4iw5_5SmV9VGTFSNVGOmQ,UCA93ym2TXs_Ibyxb4Vcn-6Q,1
UCp4iw5_5SmV9VGTFSNVGOmQ,UCXgr7vXlRrsaskPdo097kGA,1
UCp4iw5_5SmV9VGTFSNVGOmQ,UChgkn5Jt5tWKYMoEOuCjz3Q,1
UCp4iw5_5SmV9VGTFSNVGOmQ,UCylqlpsh8ENNM1LqgQ1KbxA,1
UCp4iw5_5SmV9VGTFSNVGOmQ,UC9vMq1YF-e7C-VO0SHkbUTA,1
UCp4iw5_5SmV9VGTFSNVGOmQ,UCr1emrogPKkKTs_WTtx71xg,1
UCp4iw5_5SmV9VGTFSNVGOmQ,UCV0iizTBoOfdAFX_thfI9BA,1
UCp4iw5_5SmV9VGTFSNVGOmQ,UCDUffaruH6dyUnUGwsTKpgg,1
UCp4iw5_5SmV9VGTFSNVGOmQ,UCN6qbfPSzFtjhqUDZ3Cv3CQ,1
UCp4iw5_5SmV9VGTFSNVGOmQ,UCFxE8GbokBrBsPEKM1xrOjQ,1
UCp4iw5_5SmV9VGTFSNVGOmQ,UC-jS_kA9w-OmpupXDx156Rg,1
UCp4iw5_5SmV9VGTFSNVGOmQ,UCsjs5Hp_r86x1xbK6FAeqaA,1
UCp4iw5_5SmV9VGTFSNVGOmQ,UCQqetiwzzmRNTM5OWuXarGQ,1
UCp4iw5_5SmV9VGTFSNVGOmQ,UCsUCN0Yq_UyTvKjOJLmNrnQ,1
UCp4iw5_5SmV9VGTFSNVGOmQ,UCfM3nrxtTQMY5jFx1v1J4Gg,1
UCp4iw5_5SmV9VGTFSNVGOmQ,UCNBnKqWf4d-rS4HwJRQljmQ,1
UCp4iw5_5SmV9VGTFSNVGOmQ,UC650pRT-OYzny3GwOH8Cgfw,1
UCp4iw5_5SmV9VGTFSNVGOmQ,UCGzXwyCzMzGmjmCbH3Hg01Q,1
UCp4iw5_5SmV9VGTFSNVGOmQ,UCi1b_TRQfgO1Z9O2gNGGWNA,1
UCp4iw5_5SmV9VGTFSNVGOmQ,UCzoL2l5H5eVlorWGH8AZfAg,1
UCp4iw5_5SmV9VGTFSNVGOmQ,UCRelkU8JiZBytTzebJxaa-w,1
UCp4iw5_5SmV9VGTFSNVGOmQ,UCOh6DaZC_x9HASnlRylEMfw,1
UCp4iw5_5SmV9VGTFSNVGOmQ,UCTP3O0rMnc8z8v8jaDQwL0w,1
UCWIZUtKJ636y-4TYrNvok0g,UCtNfIBnc5S5DbbQj_yxgJTw,1
UCWIZUtKJ636y-4TYrNvok0g,UCmjppp6ujz3SAnULvP3sZMw,1
UCWIZUtKJ636y-4TYrNvok0g,UCYwpX26TrCxq8TvbKGRYLXA,1
UCWIZUtKJ636y-4TYrNvok0g,UChZknRmJkeGeQk0-mQuhDOg,1
UCWIZUtKJ636y-4TYrNvok0g,UCL1MT278vSaQ83ZDkVWn1gw,1
UCWIZUtKJ636y-4TYrNvok0g,UCh5ESQvtzyHDhCA7XyekCFA,1
UCWIZUtKJ636y-4TYrNvok0g,UCzSfZlOVxBSs5ObD25ywxDQ,1
UCWIZUtKJ636y-4TYrNvok0g,UC4cXueR2bKGFJV0Fk76gwmA,1
UCWIZUtKJ636y-4TYrNvok0g,UCUIIIPTVDVHAXqhC_5V6lPA,1
UCWIZUtKJ636y-4TYrNvok0g,UCDQaQv0hr2SS_PO-CMEwVHg,1
UCWIZUtKJ636y-4TYrNvok0g,UC7VUuJr9cGh845CmTvf7TlQ,1
UCWIZUtKJ636y-4TYrNvok0g,UCA93ym2TXs_Ibyxb4Vcn-6Q,1
UCWIZUtKJ636y-4TYrNvok0g,UCXgr7vXlRrsaskPdo097kGA,1
UCWIZUtKJ636y-4TYrNvok0g,UChgkn5Jt5tWKYMoEOuCjz3Q,1
UCWIZUtKJ636y-4TYrNvok0g,UCylqlpsh8ENNM1LqgQ1KbxA,1
UCWIZUtKJ636y-4TYrNvok0g,UC9vMq1YF-e7C-VO0SHkbUTA,1
UCWIZUtKJ636y-4TYrNvok0g,UCr1emrogPKkKTs_WTtx71xg,1
UCWIZUtKJ636y-4TYrNvok0g,UCV0iizTBoOfdAFX_thfI9BA,1
UCWIZUtKJ636y-4TYrNvok0g,UCDUffaruH6dyUnUGwsTKpgg,1
UCWIZUtKJ636y-4TYrNvok0g,UCN6qbfPSzFtjhqUDZ3Cv3CQ,1
UCWIZUtKJ636y-4TYrNvok0g,UCFxE8GbokBrBsPEKM1xrOjQ,1
UCWIZUtKJ636y-4TYrNvok0g,UC-jS_kA9w-OmpupXDx156Rg,1
UCWIZUtKJ636y-4TYrNvok0g,UCsjs5Hp_r86x1xbK6FAeqaA,1
UCWIZUtKJ636y-4TYrNvok0g,UCQqetiwzzmRNTM5OWuXarGQ,1
UCWIZUtKJ636y-4TYrNvok0g,UCsUCN0Yq_UyTvKjOJLmNrnQ,1
UCWIZUtKJ636y-4TYrNvok0g,UCfM3nrxtTQMY5jFx1v1J4Gg,1
UCWIZUtKJ636y-4TYrNvok0g,UCNBnKqWf4d-rS4HwJRQljmQ,1
UCWIZUtKJ636y-4TYrNvok0g,UC650pRT-OYzny3GwOH8Cgfw,1
UCWIZUtKJ636y-4TYrNvok0g,UCGzXwyCzMzGmjmCbH3Hg01Q,1
UCWIZUtKJ636y-4TYrNvok0g,UCi1b_TRQfgO1Z9O2gNGGWNA,1
UCWIZUtKJ636y-4TYrNvok0g,UCzoL2l5H5eVlorWGH8AZfAg,1
UCWIZUtKJ636y-4TYrNvok0g,UCRelkU8JiZBytTzebJxaa-w,1
UCWIZUtKJ636y-4TYrNvok0g,UCOh6DaZC_x9HASnlRylEMfw,1
UCWIZUtKJ636y-4TYrNvok0g,UCTP3O0rMnc8z8v8jaDQwL0w,1
UCdQAuWwyC99MB7Y02Umj26Q,UCXO1BBohNWXkK9SBDAG2ySg,1
UCdQAuWwyC99MB7Y02Umj26Q,UChT7pzGytNd92Nmvi-zuWog,1
UCdQAuWwyC99MB7Y02Umj26Q,UCXVLc8CmAO813ubM-fLvCDw,1
UCPZueDLrCS4BmTBRMA4q0fA,UCNIeXbV_mEwpa412h1aqUWw,1
UCPZueDLrCS4BmTBRMA4q0fA,UCzZ6dDCEsLMXbc5pCFXIprw,1
UCPZueDLrCS4BmTBRMA4q0fA,UCf5lnNZF7Qrtli9v4N_23WQ,1
UCPZueDLrCS4BmTBRMA4q0fA,UC8xlJWNHz1V_W6q3fbuQH8g,1
UCtNfIBnc5S5DbbQj_yxgJTw,UCmjppp6ujz3SAnULvP3sZMw,1
UCtNfIBnc5S5DbbQj_yxgJTw,UCYwpX26TrCxq8TvbKGRYLXA,1
UCtNfIBnc5S5DbbQj_yxgJTw,UChZknRmJkeGeQk0-mQuhDOg,1
UCtNfIBnc5S5DbbQj_yxgJTw,UCL1MT278vSaQ83ZDkVWn1gw,1
UCtNfIBnc5S5DbbQj_yxgJTw,UCh5ESQvtzyHDhCA7XyekCFA,1
UCtNfIBnc5S5DbbQj_yxgJTw,UCzSfZlOVxBSs5ObD25ywxDQ,1
UCtNfIBnc5S5DbbQj_yxgJTw,UC4cXueR2bKGFJV0Fk76gwmA,1
UCtNfIBnc5S5DbbQj_yxgJTw,UCUIIIPTVDVHAXqhC_5V6lPA,1
UCtNfIBnc5S5DbbQj_yxgJTw,UCDQaQv0hr2SS_PO-CMEwVHg,1
UCtNfIBnc5S5DbbQj_yxgJTw,UC7VUuJr9cGh845CmTvf7TlQ,1
UCtNfIBnc5S5DbbQj_yxgJTw,UCA93ym2TXs_Ibyxb4Vcn-6Q,1
UCtNfIBnc5S5DbbQj_yxgJTw,UCXgr7vXlRrsaskPdo097kGA,1
UCtNfIBnc5S5DbbQj_yxgJTw,UChgkn5Jt5tWKYMoEOuCjz3Q,1
UCtNfIBnc5S5DbbQj_yxgJTw,UCylqlpsh8ENNM1LqgQ1KbxA,1
UCtNfIBnc5S5DbbQj_yxgJTw,UC9vMq1YF-e7C-VO0SHkbUTA,1
UCtNfIBnc5S5DbbQj_yxgJTw,UCr1emrogPKkKTs_WTtx71xg,1
UCtNfIBnc5S5DbbQj_yxgJTw,UCV0iizTBoOfdAFX_thfI9BA,1
UCtNfIBnc5S5DbbQj_yxgJTw,UCDUffaruH6dyUnUGwsTKpgg,1
UCtNfIBnc5S5DbbQj_yxgJTw,UCN6qbfPSzFtjhqUDZ3Cv3CQ,1
UCtNfIBnc5S5DbbQj_yxgJTw,UCFxE8GbokBrBsPEKM1xrOjQ,1
UCtNfIBnc5S5DbbQj_yxgJTw,UC-jS_kA9w-OmpupXDx156Rg,1
UCtNfIBnc5S5DbbQj_yxgJTw,UCsjs5Hp_r86x1xbK6FAeqaA,1
UCtNfIBnc5S5DbbQj_yxgJTw,UCQqetiwzzmRNTM5OWuXarGQ,1
UCtNfIBnc5S5DbbQj_yxgJTw,UCsUCN0Yq_UyTvKjOJLmNrnQ,1
UCtNfIBnc5S5DbbQj_yxgJTw,UCfM3nrxtTQMY5jFx1v1J4Gg,1
UCtNfIBnc5S5DbbQj_yxgJTw,UCNBnKqWf4d-rS4HwJRQljmQ,1
UCtNfIBnc5S5DbbQj_yxgJTw,UC650pRT-OYzny3GwOH8Cgfw,1
UCtNfIBnc5S5DbbQj_yxgJTw,UCGzXwyCzMzGmjmCbH3Hg01Q,1
UCtNfIBnc5S5DbbQj_yxgJTw,UCi1b_TRQfgO1Z9O2gNGGWNA,1
UCtNfIBnc5S5DbbQj_yxgJTw,UCzoL2l5H5eVlorWGH8AZfAg,1
UCtNfIBnc5S5DbbQj_yxgJTw,UCRelkU8JiZBytTzebJxaa-w,1
UCtNfIBnc5S5DbbQj_yxgJTw,UCOh6DaZC_x9HASnlRylEMfw,1
UCtNfIBnc5S5DbbQj_yxgJTw,UCTP3O0rMnc8z8v8jaDQwL0w,1
UCmjppp6ujz3SAnULvP3sZMw,UCYwpX26TrCxq8TvbKGRYLXA,1
UCmjppp6ujz3SAnULvP3sZMw,UChZknRmJkeGeQk0-mQuhDOg,1
UCmjppp6ujz3SAnULvP3sZMw,UCL1MT278vSaQ83ZDkVWn1gw,1
UCmjppp6ujz3SAnULvP3sZMw,UCh5ESQvtzyHDhCA7XyekCFA,1
UCmjppp6ujz3SAnULvP3sZMw,UCzSfZlOVxBSs5ObD25ywxDQ,1
UCmjppp6ujz3SAnULvP3sZMw,UC4cXueR2bKGFJV0Fk76gwmA,1
UCmjppp6ujz3SAnULvP3sZMw,UCUIIIPTVDVHAXqhC_5V6lPA,1
UCmjppp6ujz3SAnULvP3sZMw,UCDQaQv0hr2SS_PO-CMEwVHg,1
UCmjppp6ujz3SAnULvP3sZMw,UC7VUuJr9cGh845CmTvf7TlQ,1
UCmjppp6ujz3SAnULvP3sZMw,UCA93ym2TXs_Ibyxb4Vcn-6Q,1
UCmjppp6ujz3SAnULvP3sZMw,UCXgr7vXlRrsaskPdo097kGA,1
UCmjppp6ujz3SAnULvP3sZMw,UChgkn5Jt5tWKYMoEOuCjz3Q,1
UCmjppp6ujz3SAnULvP3sZMw,UCylqlpsh8ENNM1LqgQ1KbxA,1
UCmjppp6ujz3SAnULvP3sZMw,UC9vMq1YF-e7C-VO0SHkbUTA,1
UCmjppp6ujz3SAnULvP3sZMw,UCr1emrogPKkKTs_WTtx71xg,1
UCmjppp6ujz3SAnULvP3sZMw,UCV0iizTBoOfdAFX_thfI9BA,1
UCmjppp6ujz3SAnULvP3sZMw,UCDUffaruH6dyUnUGwsTKpgg,1
UCmjppp6ujz3SAnULvP3sZMw,UCN6qbfPSzFtjhqUDZ3Cv3CQ,1
UCmjppp6ujz3SAnULvP3sZMw,UCFxE8GbokBrBsPEKM1xrOjQ,1
UCmjppp6ujz3SAnULvP3sZMw,UC-jS_kA9w-OmpupXDx156Rg,1
UCmjppp6ujz3SAnULvP3sZMw,UCsjs5Hp_r86x1xbK6FAeqaA,1
UCmjppp6ujz3SAnULvP3sZMw,UCQqetiwzzmRNTM5OWuXarGQ,1
UCmjppp6ujz3SAnULvP3sZMw,UCsUCN0Yq_UyTvKjOJLmNrnQ,1
UCmjppp6ujz3SAnULvP3sZMw,UCfM3nrxtTQMY5jFx1v1J4Gg,1
UCmjppp6ujz3SAnULvP3sZMw,UCNBnKqWf4d-rS4HwJRQljmQ,1
UCmjppp6ujz3SAnULvP3sZMw,UC650pRT-OYzny3GwOH8Cgfw,1
UCmjppp6ujz3SAnULvP3sZMw,UCGzXwyCzMzGmjmCbH3Hg01Q,1
UCmjppp6ujz3SAnULvP3sZMw,UCi1b_TRQfgO1Z9O2gNGGWNA,1
UCmjppp6ujz3SAnULvP3sZMw,UCzoL2l5H5eVlorWGH8AZfAg,1
UCmjppp6ujz3SAnULvP3sZMw,UCRelkU8JiZBytTzebJxaa-w,1
UCmjppp6ujz3SAnULvP3sZMw,UCOh6DaZC_x9HASnlRylEMfw,1
UCmjppp6ujz3SAnULvP3sZMw,UCTP3O0rMnc8z8v8jaDQwL0w,1
UCQyOePccUP-fIJYzchAgZYw,UCQqlPPUGqAfWjd-FSh_qn7Q,1
UCQyOePccUP-fIJYzchAgZYw,UC5hvEnRUzI4Kfvwnyi4QxqQ,1
UCQyOePccUP-fIJYzchAgZYw,UCylqlpsh8ENNM1LqgQ1KbxA,1
UCQyOePccUP-fIJYzchAgZYw,UCpe5jW3MIqkgTJ-PgkzvM6Q,1
UCQyOePccUP-fIJYzchAgZYw,UCgQw_Sbq3ugruDUKsq1e0-A,1
UCQyOePccUP-fIJYzchAgZYw,UCRAquv8el-tQ30bN7MlmySQ,1
UCQyOePccUP-fIJYzchAgZYw,UCqCrvuoJpC-aVb0f4logQRQ,1
UCQyOePccUP-fIJYzchAgZYw,UClqA491Xa5fQcXcJJa-vTWw,1
UCYwpX26TrCxq8TvbKGRYLXA,UChZknRmJkeGeQk0-mQuhDOg,1
UCYwpX26TrCxq8TvbKGRYLXA,UCL1MT278vSaQ83ZDkVWn1gw,1
UCYwpX26TrCxq8TvbKGRYLXA,UCh5ESQvtzyHDhCA7XyekCFA,1
UCYwpX26TrCxq8TvbKGRYLXA,UCzSfZlOVxBSs5ObD25ywxDQ,1
UCYwpX26TrCxq8TvbKGRYLXA,UC4cXueR2bKGFJV0Fk76gwmA,1
UCYwpX26TrCxq8TvbKGRYLXA,UCUIIIPTVDVHAXqhC_5V6lPA,1
UCYwpX26TrCxq8TvbKGRYLXA,UCDQaQv0hr2SS_PO-CMEwVHg,1
UCYwpX26TrCxq8TvbKGRYLXA,UC7VUuJr9cGh845CmTvf7TlQ,1
UCYwpX26TrCxq8TvbKGRYLXA,UCA93ym2TXs_Ibyxb4Vcn-6Q,1
UCYwpX26TrCxq8TvbKGRYLXA,UCXgr7vXlRrsaskPdo097kGA,1
UCYwpX26TrCxq8TvbKGRYLXA,UChgkn5Jt5tWKYMoEOuCjz3Q,1
UCYwpX26TrCxq8TvbKGRYLXA,UCylqlpsh8ENNM1LqgQ1KbxA,1
UCYwpX26TrCxq8TvbKGRYLXA,UC9vMq1YF-e7C-VO0SHkbUTA,1
UCYwpX26TrCxq8TvbKGRYLXA,UCr1emrogPKkKTs_WTtx71xg,1
UCYwpX26TrCxq8TvbKGRYLXA,UCV0iizTBoOfdAFX_thfI9BA,1
UCYwpX26TrCxq8TvbKGRYLXA,UCDUffaruH6dyUnUGwsTKpgg,1
UCYwpX26TrCxq8TvbKGRYLXA,UCN6qbfPSzFtjhqUDZ3Cv3CQ,1
UCYwpX26TrCxq8TvbKGRYLXA,UCFxE8GbokBrBsPEKM1xrOjQ,1
UCYwpX26TrCxq8TvbKGRYLXA,UC-jS_kA9w-OmpupXDx156Rg,1
UCYwpX26TrCxq8TvbKGRYLXA,UCsjs5Hp_r86x1xbK6FAeqaA,1
UCYwpX26TrCxq8TvbKGRYLXA,UCQqetiwzzmRNTM5OWuXarGQ,1
UCYwpX26TrCxq8TvbKGRYLXA,UCsUCN0Yq_UyTvKjOJLmNrnQ,1
UCYwpX26TrCxq8TvbKGRYLXA,UCfM3nrxtTQMY5jFx1v1J4Gg,1
UCYwpX26TrCxq8TvbKGRYLXA,UCNBnKqWf4d-rS4HwJRQljmQ,1
UCYwpX26TrCxq8TvbKGRYLXA,UC650pRT-OYzny3GwOH8Cgfw,1
UCYwpX26TrCxq8TvbKGRYLXA,UCGzXwyCzMzGmjmCbH3Hg01Q,1
UCYwpX26TrCxq8TvbKGRYLXA,UCi1b_TRQfgO1Z9O2gNGGWNA,1
UCYwpX26TrCxq8TvbKGRYLXA,UCzoL2l5H5eVlorWGH8AZfAg,1
UCYwpX26TrCxq8TvbKGRYLXA,UCRelkU8JiZBytTzebJxaa-w,1
UCYwpX26TrCxq8TvbKGRYLXA,UCOh6DaZC_x9HASnlRylEMfw,1
UCYwpX26TrCxq8TvbKGRYLXA,UCTP3O0rMnc8z8v8jaDQwL0w,1
UClqA491Xa5fQcXcJJa-vTWw,UCQqlPPUGqAfWjd-FSh_qn7Q,1
UClqA491Xa5fQcXcJJa-vTWw,UC5hvEnRUzI4Kfvwnyi4QxqQ,1
UClqA491Xa5fQcXcJJa-vTWw,UCylqlpsh8ENNM1LqgQ1KbxA,1
UClqA491Xa5fQcXcJJa-vTWw,UCpe5jW3MIqkgTJ-PgkzvM6Q,1
UClqA491Xa5fQcXcJJa-vTWw,UCgQw_Sbq3ugruDUKsq1e0-A,1
UClqA491Xa5fQcXcJJa-vTWw,UCRAquv8el-tQ30bN7MlmySQ,1
UClqA491Xa5fQcXcJJa-vTWw,UCqCrvuoJpC-aVb0f4logQRQ,1
UChZknRmJkeGeQk0-mQuhDOg,UCL1MT278vSaQ83ZDkVWn1gw,1
UChZknRmJkeGeQk0-mQuhDOg,UCh5ESQvtzyHDhCA7XyekCFA,1
UChZknRmJkeGeQk0-mQuhDOg,UCzSfZlOVxBSs5ObD25ywxDQ,1
UChZknRmJkeGeQk0-mQuhDOg,UC4cXueR2bKGFJV0Fk76gwmA,1
UChZknRmJkeGeQk0-mQuhDOg,UCUIIIPTVDVHAXqhC_5V6lPA,1
UChZknRmJkeGeQk0-mQuhDOg,UCDQaQv0hr2SS_PO-CMEwVHg,1
UChZknRmJkeGeQk0-mQuhDOg,UC7VUuJr9cGh845CmTvf7TlQ,1
UChZknRmJkeGeQk0-mQuhDOg,UCA93ym2TXs_Ibyxb4Vcn-6Q,1
UChZknRmJkeGeQk0-mQuhDOg,UCXgr7vXlRrsaskPdo097kGA,1
UChZknRmJkeGeQk0-mQuhDOg,UChgkn5Jt5tWKYMoEOuCjz3Q,1
UChZknRmJkeGeQk0-mQuhDOg,UCylqlpsh8ENNM1LqgQ1KbxA,1
UChZknRmJkeGeQk0-mQuhDOg,UC9vMq1YF-e7C-VO0SHkbUTA,1
UChZknRmJkeGeQk0-mQuhDOg,UCr1emrogPKkKTs_WTtx71xg,1
UChZknRmJkeGeQk0-mQuhDOg,UCV0iizTBoOfdAFX_thfI9BA,1
UChZknRmJkeGeQk0-mQuhDOg,UCDUffaruH6dyUnUGwsTKpgg,1
UChZknRmJkeGeQk0-mQuhDOg,UCN6qbfPSzFtjhqUDZ3Cv3CQ,1
UChZknRmJkeGeQk0-mQuhDOg,UCFxE8GbokBrBsPEKM1xrOjQ,1
UChZknRmJkeGeQk0-mQuhDOg,UC-jS_kA9w-OmpupXDx156Rg,1
UChZknRmJkeGeQk0-mQuhDOg,UCsjs5Hp_r86x1xbK6FAeqaA,1
UChZknRmJkeGeQk0-mQuhDOg,UCQqetiwzzmRNTM5OWuXarGQ,1
UChZknRmJkeGeQk0-mQuhDOg,UCsUCN0Yq_UyTvKjOJLmNrnQ,1
UChZknRmJkeGeQk0-mQuhDOg,UCfM3nrxtTQMY5jFx1v1J4Gg,1
UChZknRmJkeGeQk0-mQuhDOg,UCNBnKqWf4d-rS4HwJRQljmQ,1
UChZknRmJkeGeQk0-mQuhDOg,UC650pRT-OYzny3GwOH8Cgfw,1
UChZknRmJkeGeQk0-mQuhDOg,UCGzXwyCzMzGmjmCbH3Hg01Q,1
UChZknRmJkeGeQk0-mQuhDOg,UCi1b_TRQfgO1Z9O2gNGGWNA,1
UChZknRmJkeGeQk0-mQuhDOg,UCzoL2l5H5eVlorWGH8AZfAg,1
UChZknRmJkeGeQk0-mQuhDOg,UCRelkU8JiZBytTzebJxaa-w,1
UChZknRmJkeGeQk0-mQuhDOg,UCOh6DaZC_x9HASnlRylEMfw,1
UChZknRmJkeGeQk0-mQuhDOg,UCTP3O0rMnc8z8v8jaDQwL0w,1
UCRznz9-N3Qc1w-qNdLSIY2Q,UCGqKxQS-z3NZzZF-2w338AA,1
UCRznz9-N3Qc1w-qNdLSIY2Q,UCIp19h9igblA2YKfSLPDAug,1
UCRznz9-N3Qc1w-qNdLSIY2Q,UCHMQ_lDhibZ-XZ_3fo6oxwg,1
UCVhif9eV0f8plICen2DnpKA,UCGj2v6Gl5bN8NSrzJMXS-CA,1
UCL1MT278vSaQ83ZDkVWn1gw,UCh5ESQvtzyHDhCA7XyekCFA,1
UCL1MT278vSaQ83ZDkVWn1gw,UCzSfZlOVxBSs5ObD25ywxDQ,1
UCL1MT278vSaQ83ZDkVWn1gw,UC4cXueR2bKGFJV0Fk76gwmA,1
UCL1MT278vSaQ83ZDkVWn1gw,UCUIIIPTVDVHAXqhC_5V6lPA,1
UCL1MT278vSaQ83ZDkVWn1gw,UCDQaQv0hr2SS_PO-CMEwVHg,1
UCL1MT278vSaQ83ZDkVWn1gw,UC7VUuJr9cGh845CmTvf7TlQ,1
UCL1MT278vSaQ83ZDkVWn1gw,UCA93ym2TXs_Ibyxb4Vcn-6Q,1
UCL1MT278vSaQ83ZDkVWn1gw,UCXgr7vXlRrsaskPdo097kGA,1
UCL1MT278vSaQ83ZDkVWn1gw,UChgkn5Jt5tWKYMoEOuCjz3Q,1
UCL1MT278vSaQ83ZDkVWn1gw,UCylqlpsh8ENNM1LqgQ1KbxA,1
UCL1MT278vSaQ83ZDkVWn1gw,UC9vMq1YF-e7C-VO0SHkbUTA,1
UCL1MT278vSaQ83ZDkVWn1gw,UCr1emrogPKkKTs_WTtx71xg,1
UCL1MT278vSaQ83ZDkVWn1gw,UCV0iizTBoOfdAFX_thfI9BA,1
UCL1MT278vSaQ83ZDkVWn1gw,UCDUffaruH6dyUnUGwsTKpgg,1
UCL1MT278vSaQ83ZDkVWn1gw,UCN6qbfPSzFtjhqUDZ3Cv3CQ,1
UCL1MT278vSaQ83ZDkVWn1gw,UCFxE8GbokBrBsPEKM1xrOjQ,1
UCL1MT278vSaQ83ZDkVWn1gw,UC-jS_kA9w-OmpupXDx156Rg,1
UCL1MT278vSaQ83ZDkVWn1gw,UCsjs5Hp_r86x1xbK6FAeqaA,1
UCL1MT278vSaQ83ZDkVWn1gw,UCQqetiwzzmRNTM5OWuXarGQ,1
UCL1MT278vSaQ83ZDkVWn1gw,UCsUCN0Yq_UyTvKjOJLmNrnQ,1
UCL1MT278vSaQ83ZDkVWn1gw,UCfM3nrxtTQMY5jFx1v1J4Gg,1
UCL1MT278vSaQ83ZDkVWn1gw,UCNBnKqWf4d-rS4HwJRQljmQ,1
UCL1MT278vSaQ83ZDkVWn1gw,UC650pRT-OYzny3GwOH8Cgfw,1
UCL1MT278vSaQ83ZDkVWn1gw,UCGzXwyCzMzGmjmCbH3Hg01Q,1
UCL1MT278vSaQ83ZDkVWn1gw,UCi1b_TRQfgO1Z9O2gNGGWNA,1
UCL1MT278vSaQ83ZDkVWn1gw,UCzoL2l5H5eVlorWGH8AZfAg,1
UCL1MT278vSaQ83ZDkVWn1gw,UCRelkU8JiZBytTzebJxaa-w,1
UCL1MT278vSaQ83ZDkVWn1gw,UCOh6DaZC_x9HASnlRylEMfw,1
UCL1MT278vSaQ83ZDkVWn1gw,UCTP3O0rMnc8z8v8jaDQwL0w,1
UCh5ESQvtzyHDhCA7XyekCFA,UCzSfZlOVxBSs5ObD25ywxDQ,1
UCh5ESQvtzyHDhCA7XyekCFA,UC4cXueR2bKGFJV0Fk76gwmA,1
UCh5ESQvtzyHDhCA7XyekCFA,UCUIIIPTVDVHAXqhC_5V6lPA,1
UCh5ESQvtzyHDhCA7XyekCFA,UCDQaQv0hr2SS_PO-CMEwVHg,1
UCh5ESQvtzyHDhCA7XyekCFA,UC7VUuJr9cGh845CmTvf7TlQ,1
UCh5ESQvtzyHDhCA7XyekCFA,UCA93ym2TXs_Ibyxb4Vcn-6Q,1
UCh5ESQvtzyHDhCA7XyekCFA,UCXgr7vXlRrsaskPdo097kGA,1
UCh5ESQvtzyHDhCA7XyekCFA,UChgkn5Jt5tWKYMoEOuCjz3Q,1
UCh5ESQvtzyHDhCA7XyekCFA,UCylqlpsh8ENNM1LqgQ1KbxA,1
UCh5ESQvtzyHDhCA7XyekCFA,UC9vMq1YF-e7C-VO0SHkbUTA,1
UCh5ESQvtzyHDhCA7XyekCFA,UCr1emrogPKkKTs_WTtx71xg,1
UCh5ESQvtzyHDhCA7XyekCFA,UCV0iizTBoOfdAFX_thfI9BA,1
UCh5ESQvtzyHDhCA7XyekCFA,UCDUffaruH6dyUnUGwsTKpgg,1
UCh5ESQvtzyHDhCA7XyekCFA,UCN6qbfPSzFtjhqUDZ3Cv3CQ,1
UCh5ESQvtzyHDhCA7XyekCFA,UCFxE8GbokBrBsPEKM1xrOjQ,1
UCh5ESQvtzyHDhCA7XyekCFA,UC-jS_kA9w-OmpupXDx156Rg,1
UCh5ESQvtzyHDhCA7XyekCFA,UCsjs5Hp_r86x1xbK6FAeqaA,1
UCh5ESQvtzyHDhCA7XyekCFA,UCQqetiwzzmRNTM5OWuXarGQ,1
UCh5ESQvtzyHDhCA7XyekCFA,UCsUCN0Yq_UyTvKjOJLmNrnQ,1
UCh5ESQvtzyHDhCA7XyekCFA,UCfM3nrxtTQMY5jFx1v1J4Gg,1
UCh5ESQvtzyHDhCA7XyekCFA,UCNBnKqWf4d-rS4HwJRQljmQ,1
UCh5ESQvtzyHDhCA7XyekCFA,UC650pRT-OYzny3GwOH8Cgfw,1
UCh5ESQvtzyHDhCA7XyekCFA,UCGzXwyCzMzGmjmCbH3Hg01Q,1
UCh5ESQvtzyHDhCA7XyekCFA,UCi1b_TRQfgO1Z9O2gNGGWNA,1
UCh5ESQvtzyHDhCA7XyekCFA,UCzoL2l5H5eVlorWGH8AZfAg,1
UCh5ESQvtzyHDhCA7XyekCFA,UCRelkU8JiZBytTzebJxaa-w,1
UCh5ESQvtzyHDhCA7XyekCFA,UCOh6DaZC_x9HASnlRylEMfw,1
UCh5ESQvtzyHDhCA7XyekCFA,UCTP3O0rMnc8z8v8jaDQwL0w,1
UCzSfZlOVxBSs5ObD25ywxDQ,UC4cXueR2bKGFJV0Fk76gwmA,1
UCzSfZlOVxBSs5ObD25ywxDQ,UCUIIIPTVDVHAXqhC_5V6lPA,1
UCzSfZlOVxBSs5ObD25ywxDQ,UCDQaQv0hr2SS_PO-CMEwVHg,1
UCzSfZlOVxBSs5ObD25ywxDQ,UC7VUuJr9cGh845CmTvf7TlQ,1
UCzSfZlOVxBSs5ObD25ywxDQ,UCA93ym2TXs_Ibyxb4Vcn-6Q,1
UCzSfZlOVxBSs5ObD25ywxDQ,UCXgr7vXlRrsaskPdo097kGA,1
UCzSfZlOVxBSs5ObD25ywxDQ,UChgkn5Jt5tWKYMoEOuCjz3Q,1
UCzSfZlOVxBSs5ObD25ywxDQ,UCylqlpsh8ENNM1LqgQ1KbxA,1
UCzSfZlOVxBSs5ObD25ywxDQ,UC9vMq1YF-e7C-VO0SHkbUTA,1
UCzSfZlOVxBSs5ObD25ywxDQ,UCr1emrogPKkKTs_WTtx71xg,1
UCzSfZlOVxBSs5ObD25ywxDQ,UCV0iizTBoOfdAFX_thfI9BA,1
UCzSfZlOVxBSs5ObD25ywxDQ,UCDUffaruH6dyUnUGwsTKpgg,1
UCzSfZlOVxBSs5ObD25ywxDQ,UCN6qbfPSzFtjhqUDZ3Cv3CQ,1
UCzSfZlOVxBSs5ObD25ywxDQ,UCFxE8GbokBrBsPEKM1xrOjQ,1
UCzSfZlOVxBSs5ObD25ywxDQ,UC-jS_kA9w-OmpupXDx156Rg,1
UCzSfZlOVxBSs5ObD25ywxDQ,UCsjs5Hp_r86x1xbK6FAeqaA,1
UCzSfZlOVxBSs5ObD25ywxDQ,UCQqetiwzzmRNTM5OWuXarGQ,1
UCzSfZlOVxBSs5ObD25ywxDQ,UCsUCN0Yq_UyTvKjOJLmNrnQ,1
UCzSfZlOVxBSs5ObD25ywxDQ,UCfM3nrxtTQMY5jFx1v1J4Gg,1
UCzSfZlOVxBSs5ObD25ywxDQ,UCNBnKqWf4d-rS4HwJRQljmQ,1
UCzSfZlOVxBSs5ObD25ywxDQ,UC650pRT-OYzny3GwOH8Cgfw,1
UCzSfZlOVxBSs5ObD25ywxDQ,UCGzXwyCzMzGmjmCbH3Hg01Q,1
UCzSfZlOVxBSs5ObD25ywxDQ,UCi1b_TRQfgO1Z9O2gNGGWNA,1
UCzSfZlOVxBSs5ObD25ywxDQ,UCzoL2l5H5eVlorWGH8AZfAg,1
UCzSfZlOVxBSs5ObD25ywxDQ,UCRelkU8JiZBytTzebJxaa-w,1
UCzSfZlOVxBSs5ObD25ywxDQ,UCOh6DaZC_x9HASnlRylEMfw,1
UCzSfZlOVxBSs5ObD25ywxDQ,UCTP3O0rMnc8z8v8jaDQwL0w,1
UC8xlJWNHz1V_W6q3fbuQH8g,UCNIeXbV_mEwpa412h1aqUWw,1
UC8xlJWNHz1V_W6q3fbuQH8g,UCzZ6dDCEsLMXbc5pCFXIprw,1
UC8xlJWNHz1V_W6q3fbuQH8g,UCf5lnNZF7Qrtli9v4N_23WQ,1
UCgQw_Sbq3ugruDUKsq1e0-A,UCQqlPPUGqAfWjd-FSh_qn7Q,1
UCgQw_Sbq3ugruDUKsq1e0-A,UC5hvEnRUzI4Kfvwnyi4QxqQ,1
UCgQw_Sbq3ugruDUKsq1e0-A,UCylqlpsh8ENNM1LqgQ1KbxA,1
UCgQw_Sbq3ugruDUKsq1e0-A,UCpe5jW3MIqkgTJ-PgkzvM6Q,1
UCgQw_Sbq3ugruDUKsq1e0-A,UCRAquv8el-tQ30bN7MlmySQ,1
UCgQw_Sbq3ugruDUKsq1e0-A,UCqCrvuoJpC-aVb0f4logQRQ,1
UC4cXueR2bKGFJV0Fk76gwmA,UCUIIIPTVDVHAXqhC_5V6lPA,1
UC4cXueR2bKGFJV0Fk76gwmA,UCDQaQv0hr2SS_PO-CMEwVHg,1
UC4cXueR2bKGFJV0Fk76gwmA,UC7VUuJr9cGh845CmTvf7TlQ,1
UC4cXueR2bKGFJV0Fk76gwmA,UCA93ym2TXs_Ibyxb4Vcn-6Q,1
UC4cXueR2bKGFJV0Fk76gwmA,UCXgr7vXlRrsaskPdo097kGA,1
UC4cXueR2bKGFJV0Fk76gwmA,UChgkn5Jt5tWKYMoEOuCjz3Q,1
UC4cXueR2bKGFJV0Fk76gwmA,UCylqlpsh8ENNM1LqgQ1KbxA,1
UC4cXueR2bKGFJV0Fk76gwmA,UC9vMq1YF-e7C-VO0SHkbUTA,1
UC4cXueR2bKGFJV0Fk76gwmA,UCr1emrogPKkKTs_WTtx71xg,1
UC4cXueR2bKGFJV0Fk76gwmA,UCV0iizTBoOfdAFX_thfI9BA,1
UC4cXueR2bKGFJV0Fk76gwmA,UCDUffaruH6dyUnUGwsTKpgg,1
UC4cXueR2bKGFJV0Fk76gwmA,UCN6qbfPSzFtjhqUDZ3Cv3CQ,1
UC4cXueR2bKGFJV0Fk76gwmA,UCFxE8GbokBrBsPEKM1xrOjQ,1
UC4cXueR2bKGFJV0Fk76gwmA,UC-jS_kA9w-OmpupXDx156Rg,1
UC4cXueR2bKGFJV0Fk76gwmA,UCsjs5Hp_r86x1xbK6FAeqaA,1
UC4cXueR2bKGFJV0Fk76gwmA,UCQqetiwzzmRNTM5OWuXarGQ,1
UC4cXueR2bKGFJV0Fk76gwmA,UCsUCN0Yq_UyTvKjOJLmNrnQ,1
UC4cXueR2bKGFJV0Fk76gwmA,UCfM3nrxtTQMY5jFx1v1J4Gg,1
UC4cXueR2bKGFJV0Fk76gwmA,UCNBnKqWf4d-rS4HwJRQljmQ,1
UC4cXueR2bKGFJV0Fk76gwmA,UC650pRT-OYzny3GwOH8Cgfw,1
UC4cXueR2bKGFJV0Fk76gwmA,UCGzXwyCzMzGmjmCbH3Hg01Q,1
UC4cXueR2bKGFJV0Fk76gwmA,UCi1b_TRQfgO1Z9O2gNGGWNA,1
UC4cXueR2bKGFJV0Fk76gwmA,UCzoL2l5H5eVlorWGH8AZfAg,1
UC4cXueR2bKGFJV0Fk76gwmA,UCRelkU8JiZBytTzebJxaa-w,1
UC4cXueR2bKGFJV0Fk76gwmA,UCOh6DaZC_x9HASnlRylEMfw,1
UC4cXueR2bKGFJV0Fk76gwmA,UCTP3O0rMnc8z8v8jaDQwL0w,1
UCqCrvuoJpC-aVb0f4logQRQ,UCQqlPPUGqAfWjd-FSh_qn7Q,1
UCqCrvuoJpC-aVb0f4logQRQ,UC5hvEnRUzI4Kfvwnyi4QxqQ,1
UCqCrvuoJpC-aVb0f4logQRQ,UCylqlpsh8ENNM1LqgQ1KbxA,1
UCqCrvuoJpC-aVb0f4logQRQ,UCpe5jW3MIqkgTJ-PgkzvM6Q,1
UCqCrvuoJpC-aVb0f4logQRQ,UCRAquv8el-tQ30bN7MlmySQ,1
UCXVLc8CmAO813ubM-fLvCDw,UCXO1BBohNWXkK9SBDAG2ySg,1
UCXVLc8CmAO813ubM-fLvCDw,UChT7pzGytNd92Nmvi-zuWog,1
UCUIIIPTVDVHAXqhC_5V6lPA,UCDQaQv0hr2SS_PO-CMEwVHg,1
UCUIIIPTVDVHAXqhC_5V6lPA,UC7VUuJr9cGh845CmTvf7TlQ,1
UCUIIIPTVDVHAXqhC_5V6lPA,UCA93ym2TXs_Ibyxb4Vcn-6Q,1
UCUIIIPTVDVHAXqhC_5V6lPA,UCXgr7vXlRrsaskPdo097kGA,1
UCUIIIPTVDVHAXqhC_5V6lPA,UChgkn5Jt5tWKYMoEOuCjz3Q,1
UCUIIIPTVDVHAXqhC_5V6lPA,UCylqlpsh8ENNM1LqgQ1KbxA,1
UCUIIIPTVDVHAXqhC_5V6lPA,UC9vMq1YF-e7C-VO0SHkbUTA,1
UCUIIIPTVDVHAXqhC_5V6lPA,UCr1emrogPKkKTs_WTtx71xg,1
UCUIIIPTVDVHAXqhC_5V6lPA,UCV0iizTBoOfdAFX_thfI9BA,1
UCUIIIPTVDVHAXqhC_5V6lPA,UCDUffaruH6dyUnUGwsTKpgg,1
UCUIIIPTVDVHAXqhC_5V6lPA,UCN6qbfPSzFtjhqUDZ3Cv3CQ,1
UCUIIIPTVDVHAXqhC_5V6lPA,UCFxE8GbokBrBsPEKM1xrOjQ,1
UCUIIIPTVDVHAXqhC_5V6lPA,UC-jS_kA9w-OmpupXDx156Rg,1
UCUIIIPTVDVHAXqhC_5V6lPA,UCsjs5Hp_r86x1xbK6FAeqaA,1
UCUIIIPTVDVHAXqhC_5V6lPA,UCQqetiwzzmRNTM5OWuXarGQ,1
UCUIIIPTVDVHAXqhC_5V6lPA,UCsUCN0Yq_UyTvKjOJLmNrnQ,1
UCUIIIPTVDVHAXqhC_5V6lPA,UCfM3nrxtTQMY5jFx1v1J4Gg,1
UCUIIIPTVDVHAXqhC_5V6lPA,UCNBnKqWf4d-rS4HwJRQljmQ,1
UCUIIIPTVDVHAXqhC_5V6lPA,UC650pRT-OYzny3GwOH8Cgfw,1
UCUIIIPTVDVHAXqhC_5V6lPA,UCGzXwyCzMzGmjmCbH3Hg01Q,1
UCUIIIPTVDVHAXqhC_5V6lPA,UCi1b_TRQfgO1Z9O2gNGGWNA,1
UCUIIIPTVDVHAXqhC_5V6lPA,UCzoL2l5H5eVlorWGH8AZfAg,1
UCUIIIPTVDVHAXqhC_5V6lPA,UCRelkU8JiZBytTzebJxaa-w,1
UCUIIIPTVDVHAXqhC_5V6lPA,UCOh6DaZC_x9HASnlRylEMfw,1
UCUIIIPTVDVHAXqhC_5V6lPA,UCTP3O0rMnc8z8v8jaDQwL0w,1
UCVdjCrh4tQoX3haNAZv-n5A,UCPNXmbOBVeC4HS-xemvcPtQ,1
UC7VUuJr9cGh845CmTvf7TlQ,UCDQaQv0hr2SS_PO-CMEwVHg,1
UC7VUuJr9cGh845CmTvf7TlQ,UCA93ym2TXs_Ibyxb4Vcn-6Q,1
UC7VUuJr9cGh845CmTvf7TlQ,UCXgr7vXlRrsaskPdo097kGA,1
UC7VUuJr9cGh845CmTvf7TlQ,UChgkn5Jt5tWKYMoEOuCjz3Q,1
UC7VUuJr9cGh845CmTvf7TlQ,UCylqlpsh8ENNM1LqgQ1KbxA,1
UC7VUuJr9cGh845CmTvf7TlQ,UC9vMq1YF-e7C-VO0SHkbUTA,1
UC7VUuJr9cGh845CmTvf7TlQ,UCr1emrogPKkKTs_WTtx71xg,1
UC7VUuJr9cGh845CmTvf7TlQ,UCV0iizTBoOfdAFX_thfI9BA,1
UC7VUuJr9cGh845CmTvf7TlQ,UCDUffaruH6dyUnUGwsTKpgg,1
UC7VUuJr9cGh845CmTvf7TlQ,UCN6qbfPSzFtjhqUDZ3Cv3CQ,1
UC7VUuJr9cGh845CmTvf7TlQ,UCFxE8GbokBrBsPEKM1xrOjQ,1
UC7VUuJr9cGh845CmTvf7TlQ,UC-jS_kA9w-OmpupXDx156Rg,1
UC7VUuJr9cGh845CmTvf7TlQ,UCsjs5Hp_r86x1xbK6FAeqaA,1
UC7VUuJr9cGh845CmTvf7TlQ,UCQqetiwzzmRNTM5OWuXarGQ,1
UC7VUuJr9cGh845CmTvf7TlQ,UCsUCN0Yq_UyTvKjOJLmNrnQ,1
UC7VUuJr9cGh845CmTvf7TlQ,UCfM3nrxtTQMY5jFx1v1J4Gg,1
UC7VUuJr9cGh845CmTvf7TlQ,UCNBnKqWf4d-rS4HwJRQljmQ,1
UC7VUuJr9cGh845CmTvf7TlQ,UC650pRT-OYzny3GwOH8Cgfw,1
UC7VUuJr9cGh845CmTvf7TlQ,UCGzXwyCzMzGmjmCbH3Hg01Q,1
UC7VUuJr9cGh845CmTvf7TlQ,UCi1b_TRQfgO1Z9O2gNGGWNA,1
UC7VUuJr9cGh845CmTvf7TlQ,UCzoL2l5H5eVlorWGH8AZfAg,1
UC7VUuJr9cGh845CmTvf7TlQ,UCRelkU8JiZBytTzebJxaa-w,1
UC7VUuJr9cGh845CmTvf7TlQ,UCOh6DaZC_x9HASnlRylEMfw,1
UC7VUuJr9cGh845CmTvf7TlQ,UCTP3O0rMnc8z8v8jaDQwL0w,1
UCA93ym2TXs_Ibyxb4Vcn-6Q,UCDQaQv0hr2SS_PO-CMEwVHg,1
UCA93ym2TXs_Ibyxb4Vcn-6Q,UCXgr7vXlRrsaskPdo097kGA,1
UCA93ym2TXs_Ibyxb4Vcn-6Q,UChgkn5Jt5tWKYMoEOuCjz3Q,1
UCA93ym2TXs_Ibyxb4Vcn-6Q,UCylqlpsh8ENNM1LqgQ1KbxA,1
UCA93ym2TXs_Ibyxb4Vcn-6Q,UC9vMq1YF-e7C-VO0SHkbUTA,1
UCA93ym2TXs_Ibyxb4Vcn-6Q,UCr1emrogPKkKTs_WTtx71xg,1
UCA93ym2TXs_Ibyxb4Vcn-6Q,UCV0iizTBoOfdAFX_thfI9BA,1
UCA93ym2TXs_Ibyxb4Vcn-6Q,UCDUffaruH6dyUnUGwsTKpgg,1
UCA93ym2TXs_Ibyxb4Vcn-6Q,UCN6qbfPSzFtjhqUDZ3Cv3CQ,1
UCA93ym2TXs_Ibyxb4Vcn-6Q,UCFxE8GbokBrBsPEKM1xrOjQ,1
UCA93ym2TXs_Ibyxb4Vcn-6Q,UC-jS_kA9w-OmpupXDx156Rg,1
UCA93ym2TXs_Ibyxb4Vcn-6Q,UCsjs5Hp_r86x1xbK6FAeqaA,1
UCA93ym2TXs_Ibyxb4Vcn-6Q,UCQqetiwzzmRNTM5OWuXarGQ,1
UCA93ym2TXs_Ibyxb4Vcn-6Q,UCsUCN0Yq_UyTvKjOJLmNrnQ,1
UCA93ym2TXs_Ibyxb4Vcn-6Q,UCfM3nrxtTQMY5jFx1v1J4Gg,1
UCA93ym2TXs_Ibyxb4Vcn-6Q,UCNBnKqWf4d-rS4HwJRQljmQ,1
UCA93ym2TXs_Ibyxb4Vcn-6Q,UC650pRT-OYzny3GwOH8Cgfw,1
UCA93ym2TXs_Ibyxb4Vcn-6Q,UCGzXwyCzMzGmjmCbH3Hg01Q,1
UCA93ym2TXs_Ibyxb4Vcn-6Q,UCi1b_TRQfgO1Z9O2gNGGWNA,1
UCA93ym2TXs_Ibyxb4Vcn-6Q,UCzoL2l5H5eVlorWGH8AZfAg,1
UCA93ym2TXs_Ibyxb4Vcn-6Q,UCRelkU8JiZBytTzebJxaa-w,1
UCA93ym2TXs_Ibyxb4Vcn-6Q,UCOh6DaZC_x9HASnlRylEMfw,1
UCA93ym2TXs_Ibyxb4Vcn-6Q,UCTP3O0rMnc8z8v8jaDQwL0w,1
UCXgr7vXlRrsaskPdo097kGA,UCDQaQv0hr2SS_PO-CMEwVHg,1
UCXgr7vXlRrsaskPdo097kGA,UChgkn5Jt5tWKYMoEOuCjz3Q,1
UCXgr7vXlRrsaskPdo097kGA,UCylqlpsh8ENNM1LqgQ1KbxA,1
UCXgr7vXlRrsaskPdo097kGA,UC9vMq1YF-e7C-VO0SHkbUTA,1
UCXgr7vXlRrsaskPdo097kGA,UCr1emrogPKkKTs_WTtx71xg,1
UCXgr7vXlRrsaskPdo097kGA,UCV0iizTBoOfdAFX_thfI9BA,1
UCXgr7vXlRrsaskPdo097kGA,UCDUffaruH6dyUnUGwsTKpgg,1
UCXgr7vXlRrsaskPdo097kGA,UCN6qbfPSzFtjhqUDZ3Cv3CQ,1
UCXgr7vXlRrsaskPdo097kGA,UCFxE8GbokBrBsPEKM1xrOjQ,1
UCXgr7vXlRrsaskPdo097kGA,UC-jS_kA9w-OmpupXDx156Rg,1
UCXgr7vXlRrsaskPdo097kGA,UCsjs5Hp_r86x1xbK6FAeqaA,1
UCXgr7vXlRrsaskPdo097kGA,UCQqetiwzzmRNTM5OWuXarGQ,1
UCXgr7vXlRrsaskPdo097kGA,UCsUCN0Yq_UyTvKjOJLmNrnQ,1
UCXgr7vXlRrsaskPdo097kGA,UCfM3nrxtTQMY5jFx1v1J4Gg,1
UCXgr7vXlRrsaskPdo097kGA,UCNBnKqWf4d-rS4HwJRQljmQ,1
UCXgr7vXlRrsaskPdo097kGA,UC650pRT-OYzny3GwOH8Cgfw,1
UCXgr7vXlRrsaskPdo097kGA,UCGzXwyCzMzGmjmCbH3Hg01Q,1
UCXgr7vXlRrsaskPdo097kGA,UCi1b_TRQfgO1Z9O2gNGGWNA,1
UCXgr7vXlRrsaskPdo097kGA,UCzoL2l5H5eVlorWGH8AZfAg,1
UCXgr7vXlRrsaskPdo097kGA,UCRelkU8JiZBytTzebJxaa-w,1
UCXgr7vXlRrsaskPdo097kGA,UCOh6DaZC_x9HASnlRylEMfw,1
UCXgr7vXlRrsaskPdo097kGA,UCTP3O0rMnc8z8v8jaDQwL0w,1
UCQqlPPUGqAfWjd-FSh_qn7Q,UC5hvEnRUzI4Kfvwnyi4QxqQ,1
UCQqlPPUGqAfWjd-FSh_qn7Q,UCylqlpsh8ENNM1LqgQ1KbxA,1
UCQqlPPUGqAfWjd-FSh_qn7Q,UCpe5jW3MIqkgTJ-PgkzvM6Q,1
UCQqlPPUGqAfWjd-FSh_qn7Q,UCRAquv8el-tQ30bN7MlmySQ,1
UChgkn5Jt5tWKYMoEOuCjz3Q,UCDQaQv0hr2SS_PO-CMEwVHg,1
UChgkn5Jt5tWKYMoEOuCjz3Q,UCylqlpsh8ENNM1LqgQ1KbxA,1
UChgkn5Jt5tWKYMoEOuCjz3Q,UC9vMq1YF-e7C-VO0SHkbUTA,1
UChgkn5Jt5tWKYMoEOuCjz3Q,UCr1emrogPKkKTs_WTtx71xg,1
UChgkn5Jt5tWKYMoEOuCjz3Q,UCV0iizTBoOfdAFX_thfI9BA,1
UChgkn5Jt5tWKYMoEOuCjz3Q,UCDUffaruH6dyUnUGwsTKpgg,1
UChgkn5Jt5tWKYMoEOuCjz3Q,UCN6qbfPSzFtjhqUDZ3Cv3CQ,1
UChgkn5Jt5tWKYMoEOuCjz3Q,UCFxE8GbokBrBsPEKM1xrOjQ,1
UChgkn5Jt5tWKYMoEOuCjz3Q,UC-jS_kA9w-OmpupXDx156Rg,1
UChgkn5Jt5tWKYMoEOuCjz3Q,UCsjs5Hp_r86x1xbK6FAeqaA,1
UChgkn5Jt5tWKYMoEOuCjz3Q,UCQqetiwzzmRNTM5OWuXarGQ,1
UChgkn5Jt5tWKYMoEOuCjz3Q,UCsUCN0Yq_UyTvKjOJLmNrnQ,1
UChgkn5Jt5tWKYMoEOuCjz3Q,UCfM3nrxtTQMY5jFx1v1J4Gg,1
UChgkn5Jt5tWKYMoEOuCjz3Q,UCNBnKqWf4d-rS4HwJRQljmQ,1
UChgkn5Jt5tWKYMoEOuCjz3Q,UC650pRT-OYzny3GwOH8Cgfw,1
UChgkn5Jt5tWKYMoEOuCjz3Q,UCGzXwyCzMzGmjmCbH3Hg01Q,1
UChgkn5Jt5tWKYMoEOuCjz3Q,UCi1b_TRQfgO1Z9O2gNGGWNA,1
UChgkn5Jt5tWKYMoEOuCjz3Q,UCzoL2l5H5eVlorWGH8AZfAg,1
UChgkn5Jt5tWKYMoEOuCjz3Q,UCRelkU8JiZBytTzebJxaa-w,1
UChgkn5Jt5tWKYMoEOuCjz3Q,UCOh6DaZC_x9HASnlRylEMfw,1
UChgkn5Jt5tWKYMoEOuCjz3Q,UCTP3O0rMnc8z8v8jaDQwL0w,1
UCzZ6dDCEsLMXbc5pCFXIprw,UCNIeXbV_mEwpa412h1aqUWw,1
UCzZ6dDCEsLMXbc5pCFXIprw,UCWvntqPQx99k_Z_skWKqNSA,1
UCzZ6dDCEsLMXbc5pCFXIprw,UCf5lnNZF7Qrtli9v4N_23WQ,1
UC5hvEnRUzI4Kfvwnyi4QxqQ,UCylqlpsh8ENNM1LqgQ1KbxA,1
UC5hvEnRUzI4Kfvwnyi4QxqQ,UCpe5jW3MIqkgTJ-PgkzvM6Q,1
UC5hvEnRUzI4Kfvwnyi4QxqQ,UCRAquv8el-tQ30bN7MlmySQ,1
UCXN2s7DwTJm33xO-pNkAdaA,UC2ngpd8UBQu4gcUYy0goAtg,1
UCXN2s7DwTJm33xO-pNkAdaA,UCwCfs-2zbD5k0lG-UVg_JBw,1
UCylqlpsh8ENNM1LqgQ1KbxA,UCDQaQv0hr2SS_PO-CMEwVHg,1
UCylqlpsh8ENNM1LqgQ1KbxA,UCpe5jW3MIqkgTJ-PgkzvM6Q,1
UCylqlpsh8ENNM1LqgQ1KbxA,UC9vMq1YF-e7C-VO0SHkbUTA,1
UCylqlpsh8ENNM1LqgQ1KbxA,UCr1emrogPKkKTs_WTtx71xg,1
UCylqlpsh8ENNM1LqgQ1KbxA,UCV0iizTBoOfdAFX_thfI9BA,1
UCylqlpsh8ENNM1LqgQ1KbxA,UCDUffaruH6dyUnUGwsTKpgg,1
UCylqlpsh8ENNM1LqgQ1KbxA,UCN6qbfPSzFtjhqUDZ3Cv3CQ,1
UCylqlpsh8ENNM1LqgQ1KbxA,UCFxE8GbokBrBsPEKM1xrOjQ,1
UCylqlpsh8ENNM1LqgQ1KbxA,UC-jS_kA9w-OmpupXDx156Rg,1
UCylqlpsh8ENNM1LqgQ1KbxA,UCsjs5Hp_r86x1xbK6FAeqaA,1
UCylqlpsh8ENNM1LqgQ1KbxA,UCQqetiwzzmRNTM5OWuXarGQ,1
UCylqlpsh8ENNM1LqgQ1KbxA,UCsUCN0Yq_UyTvKjOJLmNrnQ,1
UCylqlpsh8ENNM1LqgQ1KbxA,UCfM3nrxtTQMY5jFx1v1J4Gg,1
UCylqlpsh8ENNM1LqgQ1KbxA,UCNBnKqWf4d-rS4HwJRQljmQ,1
UCylqlpsh8ENNM1LqgQ1KbxA,UC650pRT-OYzny3GwOH8Cgfw,1
UCylqlpsh8ENNM1LqgQ1KbxA,UCGzXwyCzMzGmjmCbH3Hg01Q,1
UCylqlpsh8ENNM1LqgQ1KbxA,UCi1b_TRQfgO1Z9O2gNGGWNA,1
UCylqlpsh8ENNM1LqgQ1KbxA,UCzoL2l5H5eVlorWGH8AZfAg,1
UCylqlpsh8ENNM1LqgQ1KbxA,UCRAquv8el-tQ30bN7MlmySQ,1
UCylqlpsh8ENNM1LqgQ1KbxA,UCRelkU8JiZBytTzebJxaa-w,1
UCylqlpsh8ENNM1LqgQ1KbxA,UCOh6DaZC_x9HASnlRylEMfw,1
UCylqlpsh8ENNM1LqgQ1KbxA,UCTP3O0rMnc8z8v8jaDQwL0w,1
UCpe5jW3MIqkgTJ-PgkzvM6Q,UCRAquv8el-tQ30bN7MlmySQ,1
UC9vMq1YF-e7C-VO0SHkbUTA,UCDQaQv0hr2SS_PO-CMEwVHg,1
UC9vMq1YF-e7C-VO0SHkbUTA,UCr1emrogPKkKTs_WTtx71xg,1
UC9vMq1YF-e7C-VO0SHkbUTA,UCV0iizTBoOfdAFX_thfI9BA,1
UC9vMq1YF-e7C-VO0SHkbUTA,UCDUffaruH6dyUnUGwsTKpgg,1
UC9vMq1YF-e7C-VO0SHkbUTA,UCN6qbfPSzFtjhqUDZ3Cv3CQ,1
UC9vMq1YF-e7C-VO0SHkbUTA,UCFxE8GbokBrBsPEKM1xrOjQ,1
UC9vMq1YF-e7C-VO0SHkbUTA,UC-jS_kA9w-OmpupXDx156Rg,1
UC9vMq1YF-e7C-VO0SHkbUTA,UCsjs5Hp_r86x1xbK6FAeqaA,1
UC9vMq1YF-e7C-VO0SHkbUTA,UCQqetiwzzmRNTM5OWuXarGQ,1
UC9vMq1YF-e7C-VO0SHkbUTA,UCsUCN0Yq_UyTvKjOJLmNrnQ,1
UC9vMq1YF-e7C-VO0SHkbUTA,UCfM3nrxtTQMY5jFx1v1J4Gg,1
UC9vMq1YF-e7C-VO0SHkbUTA,UCNBnKqWf4d-rS4HwJRQljmQ,1
UC9vMq1YF-e7C-VO0SHkbUTA,UC650pRT-OYzny3GwOH8Cgfw,1
UC9vMq1YF-e7C-VO0SHkbUTA,UCGzXwyCzMzGmjmCbH3Hg01Q,1
UC9vMq1YF-e7C-VO0SHkbUTA,UCi1b_TRQfgO1Z9O2gNGGWNA,1
UC9vMq1YF-e7C-VO0SHkbUTA,UCzoL2l5H5eVlorWGH8AZfAg,1
UC9vMq1YF-e7C-VO0SHkbUTA,UCRelkU8JiZBytTzebJxaa-w,1
UC9vMq1YF-e7C-VO0SHkbUTA,UCOh6DaZC_x9HASnlRylEMfw,1
UC9vMq1YF-e7C-VO0SHkbUTA,UCTP3O0rMnc8z8v8jaDQwL0w,1
UCr1emrogPKkKTs_WTtx71xg,UCDQaQv0hr2SS_PO-CMEwVHg,1
UCr1emrogPKkKTs_WTtx71xg,UCV0iizTBoOfdAFX_thfI9BA,1
UCr1emrogPKkKTs_WTtx71xg,UCDUffaruH6dyUnUGwsTKpgg,1
UCr1emrogPKkKTs_WTtx71xg,UCN6qbfPSzFtjhqUDZ3Cv3CQ,1
UCr1emrogPKkKTs_WTtx71xg,UCFxE8GbokBrBsPEKM1xrOjQ,1
UCr1emrogPKkKTs_WTtx71xg,UC-jS_kA9w-OmpupXDx156Rg,1
UCr1emrogPKkKTs_WTtx71xg,UCsjs5Hp_r86x1xbK6FAeqaA,1
UCr1emrogPKkKTs_WTtx71xg,UCQqetiwzzmRNTM5OWuXarGQ,1
UCr1emrogPKkKTs_WTtx71xg,UCsUCN0Yq_UyTvKjOJLmNrnQ,1
UCr1emrogPKkKTs_WTtx71xg,UCfM3nrxtTQMY5jFx1v1J4Gg,1
UCr1emrogPKkKTs_WTtx71xg,UCNBnKqWf4d-rS4HwJRQljmQ,1
UCr1emrogPKkKTs_WTtx71xg,UC650pRT-OYzny3GwOH8Cgfw,1
UCr1emrogPKkKTs_WTtx71xg,UCGzXwyCzMzGmjmCbH3Hg01Q,1
UCr1emrogPKkKTs_WTtx71xg,UCi1b_TRQfgO1Z9O2gNGGWNA,1
UCr1emrogPKkKTs_WTtx71xg,UCzoL2l5H5eVlorWGH8AZfAg,1
UCr1emrogPKkKTs_WTtx71xg,UCRelkU8JiZBytTzebJxaa-w,1
UCr1emrogPKkKTs_WTtx71xg,UCOh6DaZC_x9HASnlRylEMfw,1
UCr1emrogPKkKTs_WTtx71xg,UCTP3O0rMnc8z8v8jaDQwL0w,1
UCV0iizTBoOfdAFX_thfI9BA,UCDQaQv0hr2SS_PO-CMEwVHg,1
UCV0iizTBoOfdAFX_thfI9BA,UCDUffaruH6dyUnUGwsTKpgg,1
UCV0iizTBoOfdAFX_thfI9BA,UCN6qbfPSzFtjhqUDZ3Cv3CQ,1
UCV0iizTBoOfdAFX_thfI9BA,UCFxE8GbokBrBsPEKM1xrOjQ,1
UCV0iizTBoOfdAFX_thfI9BA,UC-jS_kA9w-OmpupXDx156Rg,1
UCV0iizTBoOfdAFX_thfI9BA,UCsjs5Hp_r86x1xbK6FAeqaA,1
UCV0iizTBoOfdAFX_thfI9BA,UCQqetiwzzmRNTM5OWuXarGQ,1
UCV0iizTBoOfdAFX_thfI9BA,UCsUCN0Yq_UyTvKjOJLmNrnQ,1
UCV0iizTBoOfdAFX_thfI9BA,UCfM3nrxtTQMY5jFx1v1J4Gg,1
UCV0iizTBoOfdAFX_thfI9BA,UCNBnKqWf4d-rS4HwJRQljmQ,1
UCV0iizTBoOfdAFX_thfI9BA,UC650pRT-OYzny3GwOH8Cgfw,1
UCV0iizTBoOfdAFX_thfI9BA,UCGzXwyCzMzGmjmCbH3Hg01Q,1
UCV0iizTBoOfdAFX_thfI9BA,UCi1b_TRQfgO1Z9O2gNGGWNA,1
UCV0iizTBoOfdAFX_thfI9BA,UCzoL2l5H5eVlorWGH8AZfAg,1
UCV0iizTBoOfdAFX_thfI9BA,UCRelkU8JiZBytTzebJxaa-w,1
UCV0iizTBoOfdAFX_thfI9BA,UCOh6DaZC_x9HASnlRylEMfw,1
UCV0iizTBoOfdAFX_thfI9BA,UCTP3O0rMnc8z8v8jaDQwL0w,1
UCDUffaruH6dyUnUGwsTKpgg,UCDQaQv0hr2SS_PO-CMEwVHg,1
UCDUffaruH6dyUnUGwsTKpgg,UCN6qbfPSzFtjhqUDZ3Cv3CQ,1
UCDUffaruH6dyUnUGwsTKpgg,UCFxE8GbokBrBsPEKM1xrOjQ,1
UCDUffaruH6dyUnUGwsTKpgg,UC-jS_kA9w-OmpupXDx156Rg,1
UCDUffaruH6dyUnUGwsTKpgg,UCsjs5Hp_r86x1xbK6FAeqaA,1
UCDUffaruH6dyUnUGwsTKpgg,UCQqetiwzzmRNTM5OWuXarGQ,1
UCDUffaruH6dyUnUGwsTKpgg,UCsUCN0Yq_UyTvKjOJLmNrnQ,1
UCDUffaruH6dyUnUGwsTKpgg,UCfM3nrxtTQMY5jFx1v1J4Gg,1
UCDUffaruH6dyUnUGwsTKpgg,UCNBnKqWf4d-rS4HwJRQljmQ,1
UCDUffaruH6dyUnUGwsTKpgg,UC650pRT-OYzny3GwOH8Cgfw,1
UCDUffaruH6dyUnUGwsTKpgg,UCGzXwyCzMzGmjmCbH3Hg01Q,1
UCDUffaruH6dyUnUGwsTKpgg,UCi1b_TRQfgO1Z9O2gNGGWNA,1
UCDUffaruH6dyUnUGwsTKpgg,UCzoL2l5H5eVlorWGH8AZfAg,1
UCDUffaruH6dyUnUGwsTKpgg,UCRelkU8JiZBytTzebJxaa-w,1
UCDUffaruH6dyUnUGwsTKpgg,UCOh6DaZC_x9HASnlRylEMfw,1
UCDUffaruH6dyUnUGwsTKpgg,UCTP3O0rMnc8z8v8jaDQwL0w,1
UC2ngpd8UBQu4gcUYy0goAtg,UCwCfs-2zbD5k0lG-UVg_JBw,1
UCf5lnNZF7Qrtli9v4N_23WQ,UCNIeXbV_mEwpa412h1aqUWw,1
UCHMQ_lDhibZ-XZ_3fo6oxwg,UCGqKxQS-z3NZzZF-2w338AA,1
UCHMQ_lDhibZ-XZ_3fo6oxwg,UCIp19h9igblA2YKfSLPDAug,1
UCN6qbfPSzFtjhqUDZ3Cv3CQ,UCDQaQv0hr2SS_PO-CMEwVHg,1
UCN6qbfPSzFtjhqUDZ3Cv3CQ,UCFxE8GbokBrBsPEKM1xrOjQ,1
UCN6qbfPSzFtjhqUDZ3Cv3CQ,UC-jS_kA9w-OmpupXDx156Rg,1
UCN6qbfPSzFtjhqUDZ3Cv3CQ,UCsjs5Hp_r86x1xbK6FAeqaA,1
UCN6qbfPSzFtjhqUDZ3Cv3CQ,UCQqetiwzzmRNTM5OWuXarGQ,1
UCN6qbfPSzFtjhqUDZ3Cv3CQ,UCsUCN0Yq_UyTvKjOJLmNrnQ,1
UCN6qbfPSzFtjhqUDZ3Cv3CQ,UCfM3nrxtTQMY5jFx1v1J4Gg,1
UCN6qbfPSzFtjhqUDZ3Cv3CQ,UCNBnKqWf4d-rS4HwJRQljmQ,1
UCN6qbfPSzFtjhqUDZ3Cv3CQ,UC650pRT-OYzny3GwOH8Cgfw,1
UCN6qbfPSzFtjhqUDZ3Cv3CQ,UCGzXwyCzMzGmjmCbH3Hg01Q,1
UCN6qbfPSzFtjhqUDZ3Cv3CQ,UCi1b_TRQfgO1Z9O2gNGGWNA,1
UCN6qbfPSzFtjhqUDZ3Cv3CQ,UCzoL2l5H5eVlorWGH8AZfAg,1
UCN6qbfPSzFtjhqUDZ3Cv3CQ,UCRelkU8JiZBytTzebJxaa-w,1
UCN6qbfPSzFtjhqUDZ3Cv3CQ,UCOh6DaZC_x9HASnlRylEMfw,1
UCN6qbfPSzFtjhqUDZ3Cv3CQ,UCTP3O0rMnc8z8v8jaDQwL0w,1
UCFxE8GbokBrBsPEKM1xrOjQ,UCDQaQv0hr2SS_PO-CMEwVHg,1
UCFxE8GbokBrBsPEKM1xrOjQ,UC-jS_kA9w-OmpupXDx156Rg,1
UCFxE8GbokBrBsPEKM1xrOjQ,UCsjs5Hp_r86x1xbK6FAeqaA,1
UCFxE8GbokBrBsPEKM1xrOjQ,UCQqetiwzzmRNTM5OWuXarGQ,1
UCFxE8GbokBrBsPEKM1xrOjQ,UCsUCN0Yq_UyTvKjOJLmNrnQ,1
UCFxE8GbokBrBsPEKM1xrOjQ,UCfM3nrxtTQMY5jFx1v1J4Gg,1
UCFxE8GbokBrBsPEKM1xrOjQ,UCNBnKqWf4d-rS4HwJRQljmQ,1
UCFxE8GbokBrBsPEKM1xrOjQ,UC650pRT-OYzny3GwOH8Cgfw,1
UCFxE8GbokBrBsPEKM1xrOjQ,UCGzXwyCzMzGmjmCbH3Hg01Q,1
UCFxE8GbokBrBsPEKM1xrOjQ,UCi1b_TRQfgO1Z9O2gNGGWNA,1
UCFxE8GbokBrBsPEKM1xrOjQ,UCzoL2l5H5eVlorWGH8AZfAg,1
UCFxE8GbokBrBsPEKM1xrOjQ,UCRelkU8JiZBytTzebJxaa-w,1
UCFxE8GbokBrBsPEKM1xrOjQ,UCOh6DaZC_x9HASnlRylEMfw,1
UCFxE8GbokBrBsPEKM1xrOjQ,UCTP3O0rMnc8z8v8jaDQwL0w,1
UC-jS_kA9w-OmpupXDx156Rg,UCDQaQv0hr2SS_PO-CMEwVHg,1
UC-jS_kA9w-OmpupXDx156Rg,UCsjs5Hp_r86x1xbK6FAeqaA,1
UC-jS_kA9w-OmpupXDx156Rg,UCQqetiwzzmRNTM5OWuXarGQ,1
UC-jS_kA9w-OmpupXDx156Rg,UCsUCN0Yq_UyTvKjOJLmNrnQ,1
UC-jS_kA9w-OmpupXDx156Rg,UCfM3nrxtTQMY5jFx1v1J4Gg,1
UC-jS_kA9w-OmpupXDx156Rg,UCNBnKqWf4d-rS4HwJRQljmQ,1
UC-jS_kA9w-OmpupXDx156Rg,UC650pRT-OYzny3GwOH8Cgfw,1
UC-jS_kA9w-OmpupXDx156Rg,UCGzXwyCzMzGmjmCbH3Hg01Q,1
UC-jS_kA9w-OmpupXDx156Rg,UCi1b_TRQfgO1Z9O2gNGGWNA,1
UC-jS_kA9w-OmpupXDx156Rg,UCzoL2l5H5eVlorWGH8AZfAg,1
UC-jS_kA9w-OmpupXDx156Rg,UCRelkU8JiZBytTzebJxaa-w,1
UC-jS_kA9w-OmpupXDx156Rg,UCOh6DaZC_x9HASnlRylEMfw,1
UC-jS_kA9w-OmpupXDx156Rg,UCTP3O0rMnc8z8v8jaDQwL0w,1
UCsjs5Hp_r86x1xbK6FAeqaA,UCDQaQv0hr2SS_PO-CMEwVHg,1
UCsjs5Hp_r86x1xbK6FAeqaA,UCQqetiwzzmRNTM5OWuXarGQ,1
UCsjs5Hp_r86x1xbK6FAeqaA,UCsUCN0Yq_UyTvKjOJLmNrnQ,1
UCsjs5Hp_r86x1xbK6FAeqaA,UCfM3nrxtTQMY5jFx1v1J4Gg,1
UCsjs5Hp_r86x1xbK6FAeqaA,UCNBnKqWf4d-rS4HwJRQljmQ,1
UCsjs5Hp_r86x1xbK6FAeqaA,UC650pRT-OYzny3GwOH8Cgfw,1
UCsjs5Hp_r86x1xbK6FAeqaA,UCGzXwyCzMzGmjmCbH3Hg01Q,1
UCsjs5Hp_r86x1xbK6FAeqaA,UCi1b_TRQfgO1Z9O2gNGGWNA,1
UCsjs5Hp_r86x1xbK6FAeqaA,UCzoL2l5H5eVlorWGH8AZfAg,1
UCsjs5Hp_r86x1xbK6FAeqaA,UCRelkU8JiZBytTzebJxaa-w,1
UCsjs5Hp_r86x1xbK6FAeqaA,UCOh6DaZC_x9HASnlRylEMfw,1
UCsjs5Hp_r86x1xbK6FAeqaA,UCTP3O0rMnc8z8v8jaDQwL0w,1
UCQqetiwzzmRNTM5OWuXarGQ,UCDQaQv0hr2SS_PO-CMEwVHg,1
UCQqetiwzzmRNTM5OWuXarGQ,UCsUCN0Yq_UyTvKjOJLmNrnQ,1
UCQqetiwzzmRNTM5OWuXarGQ,UCfM3nrxtTQMY5jFx1v1J4Gg,1
UCQqetiwzzmRNTM5OWuXarGQ,UCNBnKqWf4d-rS4HwJRQljmQ,1
UCQqetiwzzmRNTM5OWuXarGQ,UC650pRT-OYzny3GwOH8Cgfw,1
UCQqetiwzzmRNTM5OWuXarGQ,UCGzXwyCzMzGmjmCbH3Hg01Q,1
UCQqetiwzzmRNTM5OWuXarGQ,UCi1b_TRQfgO1Z9O2gNGGWNA,1
UCQqetiwzzmRNTM5OWuXarGQ,UCzoL2l5H5eVlorWGH8AZfAg,1
UCQqetiwzzmRNTM5OWuXarGQ,UCRelkU8JiZBytTzebJxaa-w,1
UCQqetiwzzmRNTM5OWuXarGQ,UCOh6DaZC_x9HASnlRylEMfw,1
UCQqetiwzzmRNTM5OWuXarGQ,UCTP3O0rMnc8z8v8jaDQwL0w,1
UCsUCN0Yq_UyTvKjOJLmNrnQ,UCDQaQv0hr2SS_PO-CMEwVHg,1
UCsUCN0Yq_UyTvKjOJLmNrnQ,UCfM3nrxtTQMY5jFx1v1J4Gg,1
UCsUCN0Yq_UyTvKjOJLmNrnQ,UCNBnKqWf4d-rS4HwJRQljmQ,1
UCsUCN0Yq_UyTvKjOJLmNrnQ,UC650pRT-OYzny3GwOH8Cgfw,1
UCsUCN0Yq_UyTvKjOJLmNrnQ,UCGzXwyCzMzGmjmCbH3Hg01Q,1
UCsUCN0Yq_UyTvKjOJLmNrnQ,UCi1b_TRQfgO1Z9O2gNGGWNA,1
UCsUCN0Yq_UyTvKjOJLmNrnQ,UCzoL2l5H5eVlorWGH8AZfAg,1
UCsUCN0Yq_UyTvKjOJLmNrnQ,UCRelkU8JiZBytTzebJxaa-w,1
UCsUCN0Yq_UyTvKjOJLmNrnQ,UCOh6DaZC_x9HASnlRylEMfw,1
UCsUCN0Yq_UyTvKjOJLmNrnQ,UCTP3O0rMnc8z8v8jaDQwL0w,1
UCfM3nrxtTQMY5jFx1v1J4Gg,UCDQaQv0hr2SS_PO-CMEwVHg,1
UCfM3nrxtTQMY5jFx1v1J4Gg,UCNBnKqWf4d-rS4HwJRQljmQ,1
UCfM3nrxtTQMY5jFx1v1J4Gg,UC650pRT-OYzny3GwOH8Cgfw,1
UCfM3nrxtTQMY5jFx1v1J4Gg,UCGzXwyCzMzGmjmCbH3Hg01Q,1
UCfM3nrxtTQMY5jFx1v1J4Gg,UCi1b_TRQfgO1Z9O2gNGGWNA,1
UCfM3nrxtTQMY5jFx1v1J4Gg,UCzoL2l5H5eVlorWGH8AZfAg,1
UCfM3nrxtTQMY5jFx1v1J4Gg,UCRelkU8JiZBytTzebJxaa-w,1
UCfM3nrxtTQMY5jFx1v1J4Gg,UCOh6DaZC_x9HASnlRylEMfw,1
UCfM3nrxtTQMY5jFx1v1J4Gg,UCTP3O0rMnc8z8v8jaDQwL0w,1
UChT7pzGytNd92Nmvi-zuWog,UCXO1BBohNWXkK9SBDAG2ySg,1
UCNBnKqWf4d-rS4HwJRQljmQ,UCDQaQv0hr2SS_PO-CMEwVHg,1
UCNBnKqWf4d-rS4HwJRQljmQ,UC650pRT-OYzny3GwOH8Cgfw,1
UCNBnKqWf4d-rS4HwJRQljmQ,UCGzXwyCzMzGmjmCbH3Hg01Q,1
UCNBnKqWf4d-rS4HwJRQljmQ,UCi1b_TRQfgO1Z9O2gNGGWNA,1
UCNBnKqWf4d-rS4HwJRQljmQ,UCzoL2l5H5eVlorWGH8AZfAg,1
UCNBnKqWf4d-rS4HwJRQljmQ,UCRelkU8JiZBytTzebJxaa-w,1
UCNBnKqWf4d-rS4HwJRQljmQ,UCOh6DaZC_x9HASnlRylEMfw,1
UCNBnKqWf4d-rS4HwJRQljmQ,UCTP3O0rMnc8z8v8jaDQwL0w,1
UC650pRT-OYzny3GwOH8Cgfw,UCDQaQv0hr2SS_PO-CMEwVHg,1
UC650pRT-OYzny3GwOH8Cgfw,UCGzXwyCzMzGmjmCbH3Hg01Q,1
UC650pRT-OYzny3GwOH8Cgfw,UCi1b_TRQfgO1Z9O2gNGGWNA,1
UC650pRT-OYzny3GwOH8Cgfw,UCzoL2l5H5eVlorWGH8AZfAg,1
UC650pRT-OYzny3GwOH8Cgfw,UCRelkU8JiZBytTzebJxaa-w,1
UC650pRT-OYzny3GwOH8Cgfw,UCOh6DaZC_x9HASnlRylEMfw,1
UC650pRT-OYzny3GwOH8Cgfw,UCTP3O0rMnc8z8v8jaDQwL0w,1
UCIp19h9igblA2YKfSLPDAug,UCGqKxQS-z3NZzZF-2w338AA,1
UCGzXwyCzMzGmjmCbH3Hg01Q,UCDQaQv0hr2SS_PO-CMEwVHg,1
UCGzXwyCzMzGmjmCbH3Hg01Q,UCi1b_TRQfgO1Z9O2gNGGWNA,1
UCGzXwyCzMzGmjmCbH3Hg01Q,UCzoL2l5H5eVlorWGH8AZfAg,1
UCGzXwyCzMzGmjmCbH3Hg01Q,UCRelkU8JiZBytTzebJxaa-w,1
UCGzXwyCzMzGmjmCbH3Hg01Q,UCOh6DaZC_x9HASnlRylEMfw,1
UCGzXwyCzMzGmjmCbH3Hg01Q,UCTP3O0rMnc8z8v8jaDQwL0w,1
UCi1b_TRQfgO1Z9O2gNGGWNA,UCDQaQv0hr2SS_PO-CMEwVHg,1
UCi1b_TRQfgO1Z9O2gNGGWNA,UCzoL2l5H5eVlorWGH8AZfAg,1
UCi1b_TRQfgO1Z9O2gNGGWNA,UCRelkU8JiZBytTzebJxaa-w,1
UCi1b_TRQfgO1Z9O2gNGGWNA,UCOh6DaZC_x9HASnlRylEMfw,1
UCi1b_TRQfgO1Z9O2gNGGWNA,UCTP3O0rMnc8z8v8jaDQwL0w,1
UCzoL2l5H5eVlorWGH8AZfAg,UCDQaQv0hr2SS_PO-CMEwVHg,1
UCzoL2l5H5eVlorWGH8AZfAg,UCRelkU8JiZBytTzebJxaa-w,1
UCzoL2l5H5eVlorWGH8AZfAg,UCOh6DaZC_x9HASnlRylEMfw,1
UCzoL2l5H5eVlorWGH8AZfAg,UCTP3O0rMnc8z8v8jaDQwL0w,1
UCRelkU8JiZBytTzebJxaa-w,UCDQaQv0hr2SS_PO-CMEwVHg,1
UCRelkU8JiZBytTzebJxaa-w,UCOh6DaZC_x9HASnlRylEMfw,1
UCRelkU8JiZBytTzebJxaa-w,UCTP3O0rMnc8z8v8jaDQwL0w,1
UCOh6DaZC_x9HASnlRylEMfw,UCDQaQv0hr2SS_PO-CMEwVHg,1
UCOh6DaZC_x9HASnlRylEMfw,UCTP3O0rMnc8z8v8jaDQwL0w,1
UCTP3O0rMnc8z8v8jaDQwL0w,UCDQaQv0hr2SS_PO-CMEwVHg,1
